schools,year,hhabit,parksd,medu,girl,sports,bmi,chrt
21,2040,No,4,14,Yes,No,30.762522,0
38,2039,Yes,7,9,No,Yes,30.584618,2036
22,2032,No,5,0,Yes,Yes,30.793932,0
38,2039,Yes,7,9,No,No,29.408993,2036
23,2040,No,2,9,No,Yes,19.335033,0
29,2035,No,3,9,Yes,Yes,28.220089,0
8,2033,No,4,11,No,Yes,28.282801,0
12,2040,No,5,10,Yes,Yes,34.665859,0
12,2032,No,5,11,No,No,18.389942,0
37,2036,Yes,6,18,No,No,19.645096,2036
40,2039,Yes,4,9,Yes,No,27.354097,2036
16,2038,No,3,9,Yes,No,32.230656,0
17,2039,No,6,9,Yes,Yes,30.597889,0
39,2037,Yes,6,9,No,Yes,22.952549,2036
31,2035,No,3,8,Yes,No,26.257931,2038
10,2033,No,6,9,Yes,Yes,22.801609,0
11,2034,No,7,9,Yes,Yes,18.749229,0
24,2032,No,5,9,Yes,No,27.333555,0
19,2033,No,5,9,Yes,Yes,28.054018,0
2,2032,No,6,18,Yes,No,30.228359,2034
17,2036,No,6,14,Yes,Yes,27.346516,0
8,2035,No,4,0,Yes,No,26.849007,0
28,2033,No,3,7,Yes,No,25.538412,0
10,2037,No,6,8,Yes,Yes,20.820114,0
24,2033,No,5,13,No,No,27.344131,0
36,2033,No,3,10,Yes,Yes,30.475836,2036
21,2037,No,4,10,Yes,No,33.141037,0
6,2032,No,6,9,No,No,21.133575,0
4,2035,No,5,17,Yes,No,26.481762,0
15,2038,No,5,9,Yes,Yes,25.197189,0
38,2038,Yes,7,9,No,No,27.275404,2036
37,2039,Yes,6,8,Yes,Yes,21.251638,2036
14,2033,No,5,9,No,Yes,26.567114,0
26,2033,No,4,11,No,Yes,23.341742,0
32,2035,No,3,9,Yes,Yes,28.375788,2038
11,2035,No,7,14,No,Yes,18.95928,0
1,2039,Yes,6,8,Yes,No,23.898365,2034
37,2040,Yes,6,10,Yes,No,23.231091,2036
14,2039,No,5,9,Yes,No,34.188362,0
26,2039,No,4,9,No,Yes,25.565845,0
22,2036,No,5,7,Yes,Yes,29.98649,0
5,2035,No,4,11,Yes,Yes,19.940542,0
14,2038,No,5,10,Yes,No,19.720951,0
2,2036,Yes,6,9,No,Yes,19.315401,2034
29,2035,No,3,9,No,No,25.611717,0
37,2034,No,6,9,No,Yes,29.15766,2036
25,2037,No,5,19,No,Yes,26.79089,0
14,2038,No,5,9,Yes,No,21.128014,0
9,2035,No,3,10,No,Yes,28.489929,0
24,2040,No,5,10,No,No,25.253365,0
24,2035,No,5,9,No,Yes,16.956911,0
29,2037,No,3,9,No,Yes,31.33131,0
34,2040,Yes,3,9,Yes,Yes,19.508331,2038
4,2034,No,5,9,Yes,No,32.555843,0
14,2036,No,5,14,Yes,Yes,29.066095,0
33,2040,Yes,3,10,No,Yes,34.90564,2038
20,2039,No,4,9,Yes,Yes,21.291698,0
17,2039,No,6,9,Yes,No,27.364815,0
5,2035,No,4,9,No,Yes,18.20722,0
23,2038,No,2,10,No,Yes,27.090845,0
26,2038,No,4,9,No,Yes,34.664879,0
27,2039,No,6,12,Yes,No,21.138716,0
6,2036,No,6,8,Yes,Yes,34.445103,0
3,2034,Yes,5,8,No,Yes,20.794241,2034
9,2035,No,3,8,Yes,Yes,26.673367,0
9,2039,No,3,9,No,No,23.139112,0
27,2033,No,6,10,No,Yes,23.697563,0
12,2034,No,5,9,Yes,Yes,21.482845,0
38,2034,No,7,19,No,No,22.124886,2036
13,2032,No,3,10,Yes,Yes,26.168644,0
11,2037,No,7,9,No,Yes,19.012356,0
8,2038,No,4,18,Yes,Yes,35.267612,0
30,2033,No,6,8,No,Yes,22.832314,0
35,2033,No,3,7,No,Yes,20.414604,2038
35,2033,No,3,9,No,Yes,28.543644,2038
31,2040,Yes,3,9,No,Yes,15.433583,2038
10,2034,No,6,11,No,No,32.522945,0
29,2036,No,3,9,Yes,Yes,29.265877,0
13,2040,No,3,9,No,No,25.389091,0
37,2038,Yes,6,18,No,Yes,18.791937,2036
25,2039,No,5,9,No,Yes,19.625134,0
39,2037,Yes,6,10,Yes,No,28.380222,2036
5,2032,No,4,9,Yes,No,34.577148,0
26,2033,No,4,9,Yes,Yes,32.320457,0
19,2036,No,5,9,Yes,No,23.411116,0
10,2039,No,6,9,Yes,No,21.586264,0
40,2033,No,4,15,No,No,27.108248,2036
22,2034,No,5,11,No,Yes,27.075996,0
27,2039,No,6,15,Yes,No,30.104124,0
20,2032,No,4,16,Yes,Yes,21.843304,0
9,2035,No,3,9,Yes,Yes,30.209713,0
9,2032,No,3,14,No,Yes,30.187023,0
22,2034,No,5,8,Yes,Yes,19.553225,0
35,2033,No,3,11,No,No,24.920124,2038
35,2034,No,3,9,Yes,Yes,30.250895,2038
21,2039,No,4,9,No,No,32.812183,0
11,2035,No,7,9,No,Yes,26.224085,0
3,2035,Yes,5,9,Yes,Yes,17.586117,2034
23,2040,No,2,13,No,Yes,18.736921,0
16,2035,No,3,9,No,Yes,25.860647,0
17,2035,No,6,11,No,No,28.438829,0
29,2034,No,3,8,No,No,22.723404,0
38,2040,Yes,7,9,No,Yes,25.930037,2036
21,2032,No,4,9,No,Yes,14.994347,0
28,2035,No,3,9,No,No,31.281528,0
19,2036,No,5,10,No,Yes,22.72217,0
17,2039,No,6,7,No,No,31.295452,0
12,2036,No,5,11,No,Yes,17.803787,0
15,2036,No,5,9,No,Yes,17.118271,0
40,2032,No,4,11,Yes,Yes,30.411385,2036
29,2038,No,3,9,Yes,No,21.6348,0
4,2037,No,5,7,No,Yes,30.376364,0
13,2039,No,3,13,No,Yes,23.754755,0
14,2032,No,5,11,Yes,Yes,19.73704,0
36,2035,No,3,9,No,No,19.762274,2036
17,2033,No,6,19,Yes,Yes,19.411074,0
20,2040,No,4,11,No,Yes,28.108507,0
23,2034,No,2,9,No,Yes,23.783382,0
17,2037,No,6,8,Yes,Yes,29.28632,0
18,2039,No,5,7,Yes,No,32.998199,0
36,2037,Yes,3,9,No,No,17.312338,2036
30,2035,No,6,9,Yes,No,32.648563,0
5,2038,No,4,9,No,Yes,24.537767,0
23,2036,No,2,13,No,Yes,25.802465,0
21,2032,No,4,9,Yes,No,22.604345,0
21,2036,No,4,9,Yes,No,26.675406,0
33,2039,Yes,3,9,No,Yes,19.001749,2038
23,2032,No,2,8,No,No,25.044533,0
10,2034,No,6,9,No,Yes,25.109421,0
27,2036,No,6,9,No,Yes,29.336649,0
8,2036,No,4,9,No,Yes,17.783768,0
21,2038,No,4,9,No,Yes,27.645378,0
12,2033,No,5,9,No,Yes,31.395678,0
28,2035,No,3,8,Yes,No,28.392326,0
39,2035,No,6,8,No,Yes,21.318487,2036
15,2032,No,5,10,No,No,29.84185,0
28,2037,No,3,12,No,No,27.454391,0
5,2039,No,4,11,No,No,29.121103,0
1,2035,Yes,6,9,Yes,Yes,22.728909,2034
4,2035,No,5,10,Yes,Yes,29.827095,0
6,2040,No,6,8,No,No,33.787521,0
1,2038,Yes,6,9,No,No,20.924154,2034
40,2037,Yes,4,9,Yes,Yes,21.162773,2036
12,2034,No,5,12,Yes,Yes,23.727137,0
23,2033,No,2,10,Yes,Yes,33.787083,0
20,2039,No,4,7,No,No,23.56687,0
17,2032,No,6,9,Yes,Yes,21.095928,0
8,2039,No,4,0,Yes,No,24.97101,0
7,2036,No,5,9,No,Yes,32.455257,0
8,2040,No,4,10,No,Yes,27.547449,0
21,2039,No,4,9,No,No,27.580082,0
2,2035,Yes,6,8,No,Yes,24.281641,2034
2,2034,Yes,6,9,Yes,Yes,23.666538,2034
36,2033,No,3,11,No,Yes,22.906679,2036
6,2032,No,6,9,Yes,Yes,26.911648,0
26,2036,No,4,9,No,Yes,19.283731,0
32,2037,No,3,12,No,No,20.067091,2038
3,2034,Yes,5,2,Yes,Yes,29.785349,2034
18,2035,No,5,9,No,Yes,22.41876,0
14,2037,No,5,8,Yes,No,24.053326,0
18,2036,No,5,9,No,Yes,17.548159,0
33,2035,No,3,9,No,Yes,21.88229,2038
24,2032,No,5,9,No,Yes,28.88081,0
38,2039,Yes,7,9,Yes,Yes,25.984379,2036
29,2035,No,3,8,Yes,No,23.784472,0
7,2038,No,5,10,No,No,33.500755,0
19,2040,No,5,8,No,Yes,21.111237,0
21,2038,No,4,7,Yes,No,23.434891,0
24,2039,No,5,9,Yes,Yes,30.844248,0
3,2032,No,5,9,No,Yes,17.921333,2034
6,2033,No,6,9,No,Yes,26.0009,0
31,2038,Yes,3,9,No,Yes,17.466299,2038
13,2037,No,3,9,Yes,No,29.318876,0
13,2034,No,3,9,No,No,33.584438,0
35,2032,No,3,12,Yes,No,23.563852,2038
24,2037,No,5,12,No,Yes,25.973095,0
22,2037,No,5,9,Yes,Yes,25.695316,0
34,2034,No,3,9,Yes,Yes,29.834019,2038
2,2033,No,6,9,No,Yes,30.027435,2034
14,2034,No,5,13,Yes,Yes,21.245306,0
19,2037,No,5,19,No,No,17.993473,0
39,2036,Yes,6,9,Yes,No,23.464231,2036
31,2034,No,3,18,No,Yes,23.656513,2038
14,2038,No,5,7,No,Yes,31.088102,0
35,2032,No,3,8,Yes,No,31.334202,2038
35,2039,Yes,3,9,Yes,Yes,23.830078,2038
40,2039,Yes,4,9,Yes,Yes,30.41794,2036
4,2034,No,5,10,No,No,30.291355,0
28,2033,No,3,11,No,Yes,29.030754,0
24,2040,No,5,9,No,Yes,31.045193,0
13,2039,No,3,10,No,Yes,26.840353,0
24,2035,No,5,9,No,Yes,28.415449,0
32,2032,No,3,11,No,No,21.845989,2038
4,2035,No,5,8,No,Yes,30.146585,0
15,2035,No,5,9,Yes,No,24.818722,0
13,2039,No,3,8,No,No,34.255501,0
25,2035,No,5,9,No,No,21.332901,0
17,2035,No,6,9,No,Yes,20.129999,0
31,2034,No,3,9,Yes,Yes,23.306492,2038
11,2035,No,7,19,Yes,No,31.81892,0
7,2035,No,5,9,No,Yes,30.739048,0
21,2040,No,4,7,Yes,Yes,19.462372,0
31,2032,No,3,8,Yes,Yes,31.531862,2038
29,2040,No,3,9,Yes,Yes,24.262741,0
37,2038,Yes,6,10,Yes,No,20.12808,2036
21,2038,No,4,11,Yes,Yes,23.658216,0
39,2037,Yes,6,9,Yes,Yes,33.745491,2036
8,2034,No,4,10,No,Yes,19.472824,0
31,2037,No,3,8,No,Yes,19.631098,2038
40,2035,No,4,10,No,No,23.359741,2036
39,2039,Yes,6,9,No,No,24.213486,2036
15,2040,No,5,11,Yes,Yes,19.71015,0
3,2040,Yes,5,15,No,Yes,22.362083,2034
28,2039,No,3,10,No,Yes,24.155003,0
7,2037,No,5,11,No,Yes,22.52681,0
30,2034,No,6,8,No,Yes,26.998938,0
33,2033,No,3,11,No,Yes,29.842308,2038
15,2038,No,5,9,Yes,No,25.173868,0
27,2040,No,6,9,Yes,No,28.699776,0
22,2033,No,5,9,No,Yes,17.144548,0
36,2035,No,3,9,No,Yes,23.602495,2036
7,2035,No,5,10,Yes,No,26.201614,0
15,2034,No,5,9,Yes,Yes,32.634449,0
16,2040,No,3,12,Yes,Yes,19.706615,0
30,2036,No,6,8,No,Yes,21.550827,0
13,2039,No,3,8,No,Yes,29.071949,0
23,2033,No,2,9,Yes,No,31.198132,0
20,2033,No,4,8,No,Yes,30.142853,0
25,2036,No,5,9,Yes,No,30.085402,0
18,2033,No,5,0,No,Yes,18.217394,0
16,2037,No,3,9,No,No,31.536057,0
8,2036,No,4,11,No,No,26.632193,0
20,2040,No,4,9,No,Yes,19.840868,0
7,2039,No,5,17,Yes,No,27.587437,0
35,2032,No,3,9,No,Yes,18.893259,2038
39,2037,Yes,6,8,Yes,No,26.554878,2036
18,2036,No,5,11,No,Yes,24.543995,0
31,2040,Yes,3,12,No,No,27.498556,2038
40,2034,No,4,8,Yes,Yes,19.954868,2036
5,2035,No,4,10,Yes,Yes,29.208014,0
18,2038,No,5,9,Yes,Yes,26.980124,0
2,2035,Yes,6,8,No,Yes,22.34149,2034
36,2040,Yes,3,9,Yes,Yes,20.370361,2036
14,2035,No,5,8,Yes,No,27.458487,0
38,2032,No,7,9,Yes,Yes,23.299242,2036
10,2038,No,6,8,Yes,No,35.910694,0
31,2036,No,3,12,No,No,25.786888,2038
31,2040,Yes,3,7,Yes,No,18.381559,2038
26,2033,No,4,9,No,Yes,29.954626,0
38,2035,No,7,12,Yes,Yes,25.970379,2036
8,2033,No,4,12,Yes,Yes,23.10211,0
19,2034,No,5,10,Yes,Yes,20.496758,0
8,2037,No,4,10,No,Yes,29.263716,0
16,2038,No,3,11,No,Yes,24.480753,0
36,2037,Yes,3,10,Yes,Yes,26.577099,2036
16,2032,No,3,9,No,No,27.778635,0
1,2034,Yes,6,9,No,Yes,22.874954,2034
33,2035,No,3,0,No,Yes,22.780514,2038
38,2033,No,7,10,No,Yes,32.714619,2036
40,2035,No,4,9,No,No,21.291182,2036
36,2032,No,3,9,No,Yes,28.377855,2036
28,2036,No,3,8,Yes,No,32.65852,0
5,2035,No,4,9,No,No,20.967253,0
18,2033,No,5,9,Yes,Yes,21.393148,0
5,2039,No,4,9,No,Yes,23.621191,0
23,2035,No,2,10,No,Yes,30.328032,0
12,2032,No,5,13,Yes,Yes,23.431311,0
27,2038,No,6,9,Yes,Yes,24.030575,0
35,2035,No,3,11,No,Yes,30.138109,2038
31,2039,Yes,3,11,Yes,Yes,27.021492,2038
14,2039,No,5,7,Yes,No,20.019205,0
1,2036,Yes,6,9,No,No,23.576332,2034
34,2039,Yes,3,10,No,Yes,21.696135,2038
22,2037,No,5,12,No,Yes,29.348785,0
13,2039,No,3,13,No,Yes,18.20615,0
37,2035,No,6,10,No,Yes,30.835724,2036
8,2040,No,4,11,No,Yes,29.349829,0
15,2037,No,5,8,No,Yes,22.68104,0
39,2035,No,6,10,No,No,24.020252,2036
34,2040,Yes,3,9,Yes,No,33.134563,2038
40,2037,Yes,4,11,No,Yes,27.961859,2036
10,2037,No,6,10,Yes,Yes,30.010128,0
25,2032,No,5,9,No,No,16.120169,0
18,2037,No,5,12,Yes,No,25.501057,0
13,2036,No,3,12,Yes,Yes,27.769787,0
38,2037,Yes,7,18,Yes,Yes,27.005239,2036
13,2034,No,3,17,No,No,30.806822,0
13,2035,No,3,9,Yes,Yes,25.801142,0
25,2040,No,5,9,No,Yes,18.291277,0
2,2038,Yes,6,11,No,No,32.043293,2034
32,2035,No,3,11,Yes,No,24.35174,2038
21,2034,No,4,9,No,Yes,24.317831,0
13,2040,No,3,11,No,No,32.59919,0
9,2032,No,3,19,No,Yes,25.872326,0
16,2037,No,3,10,No,Yes,30.38644,0
13,2040,No,3,9,Yes,Yes,31.023991,0
30,2034,No,6,11,Yes,No,34.954189,0
1,2034,Yes,6,9,No,Yes,17.377661,2034
2,2035,Yes,6,9,No,Yes,20.188332,2034
25,2037,No,5,7,Yes,Yes,19.867807,0
15,2034,No,5,11,No,Yes,18.290079,0
17,2036,No,6,9,No,Yes,18.604874,0
8,2038,No,4,9,No,Yes,29.042572,0
8,2038,No,4,9,Yes,Yes,32.593594,0
8,2040,No,4,10,No,Yes,29.127607,0
10,2032,No,6,12,No,No,21.907598,0
17,2037,No,6,9,No,No,17.947742,0
30,2035,No,6,9,No,Yes,18.120028,0
17,2034,No,6,9,Yes,Yes,22.127556,0
30,2039,No,6,9,Yes,Yes,29.8764,0
4,2034,No,5,9,No,No,31.89118,0
2,2034,Yes,6,10,No,Yes,15.627755,2034
9,2032,No,3,8,Yes,No,19.09305,0
26,2038,No,4,10,Yes,No,29.062086,0
34,2032,No,3,14,Yes,Yes,30.659084,2038
20,2039,No,4,9,No,Yes,21.394581,0
7,2034,No,5,8,Yes,Yes,24.831469,0
34,2036,No,3,11,No,Yes,26.573002,2038
22,2036,No,5,9,Yes,Yes,25.040234,0
4,2032,No,5,9,No,No,26.909113,0
30,2039,No,6,11,Yes,No,20.648161,0
28,2036,No,3,9,Yes,Yes,30.455597,0
7,2034,No,5,10,Yes,Yes,33.100739,0
26,2033,No,4,15,No,Yes,18.62369,0
31,2037,No,3,9,No,Yes,24.745087,2038
23,2038,No,2,10,Yes,Yes,17.946983,0
21,2035,No,4,11,Yes,Yes,25.173185,0
12,2033,No,5,14,Yes,Yes,24.3848,0
2,2035,Yes,6,9,No,Yes,24.273478,2034
6,2040,No,6,11,Yes,Yes,21.861753,0
25,2033,No,5,11,No,Yes,27.841927,0
25,2040,No,5,12,No,No,31.372181,0
15,2032,No,5,10,Yes,Yes,29.669121,0
33,2036,No,3,10,Yes,Yes,32.606075,2038
25,2039,No,5,9,No,No,24.545244,0
39,2033,No,6,9,Yes,No,34.666683,2036
38,2037,Yes,7,9,Yes,Yes,20.286863,2036
11,2039,No,7,9,Yes,Yes,18.959002,0
19,2033,No,5,9,No,Yes,25.394098,0
24,2032,No,5,11,Yes,Yes,25.366055,0
1,2035,Yes,6,9,No,No,28.750477,2034
9,2038,No,3,8,No,Yes,32.925621,0
4,2040,No,5,19,Yes,No,30.958281,0
4,2038,No,5,13,No,Yes,25.590239,0
30,2035,No,6,10,No,Yes,35.003513,0
15,2032,No,5,7,No,No,17.245674,0
35,2032,No,3,17,Yes,No,25.058611,2038
5,2036,No,4,10,No,Yes,27.270472,0
6,2033,No,6,9,Yes,Yes,28.25865,0
14,2033,No,5,11,No,No,19.676914,0
17,2036,No,6,14,Yes,Yes,24.161684,0
29,2039,No,3,9,Yes,Yes,19.236959,0
20,2039,No,4,7,Yes,Yes,20.632572,0
38,2040,Yes,7,11,No,Yes,22.594376,2036
39,2038,Yes,6,9,Yes,No,23.665926,2036
12,2035,No,5,10,No,Yes,30.448711,0
38,2034,No,7,7,Yes,Yes,27.118017,2036
33,2036,No,3,7,No,Yes,23.504639,2038
15,2040,No,5,9,No,Yes,24.629097,0
19,2037,No,5,7,No,Yes,28.768375,0
22,2038,No,5,13,No,No,32.467941,0
11,2037,No,7,8,No,Yes,21.052519,0
10,2034,No,6,9,No,No,31.34734,0
1,2038,Yes,6,9,No,No,16.89147,2034
38,2040,Yes,7,8,No,Yes,24.350042,2036
22,2034,No,5,9,No,No,18.955648,0
33,2038,Yes,3,10,No,Yes,25.769672,2038
1,2032,No,6,9,Yes,Yes,28.88522,2034
16,2035,No,3,7,No,No,33.492619,0
27,2037,No,6,13,Yes,Yes,26.544394,0
33,2032,No,3,9,Yes,Yes,20.916552,2038
24,2038,No,5,9,No,No,20.922499,0
39,2033,No,6,9,Yes,Yes,18.653833,2036
31,2035,No,3,8,Yes,No,21.923588,2038
30,2040,No,6,12,No,Yes,26.270729,0
35,2040,Yes,3,12,No,Yes,27.244291,2038
37,2032,No,6,11,No,No,27.849026,2036
17,2039,No,6,9,No,Yes,24.158667,0
19,2034,No,5,9,Yes,Yes,23.05571,0
21,2038,No,4,10,Yes,Yes,19.675932,0
20,2037,No,4,8,Yes,No,27.967394,0
16,2032,No,3,9,No,Yes,28.735371,0
13,2039,No,3,9,No,Yes,23.25071,0
25,2039,No,5,9,Yes,Yes,21.151987,0
12,2032,No,5,19,No,Yes,25.113522,0
10,2033,No,6,12,No,Yes,27.40749,0
19,2032,No,5,9,No,Yes,27.199619,0
3,2037,Yes,5,19,No,No,29.55637,2034
24,2040,No,5,9,No,No,19.778633,0
27,2033,No,6,12,Yes,Yes,28.150724,0
6,2035,No,6,10,No,No,35.230133,0
22,2033,No,5,9,Yes,No,29.013721,0
6,2032,No,6,9,Yes,Yes,26.130127,0
18,2033,No,5,7,No,Yes,22.092175,0
37,2040,Yes,6,7,Yes,No,26.546371,2036
3,2037,Yes,5,9,No,Yes,20.169302,2034
19,2033,No,5,7,Yes,No,24.515547,0
38,2040,Yes,7,9,Yes,No,29.688932,2036
9,2033,No,3,12,Yes,Yes,15.152822,0
17,2034,No,6,12,Yes,Yes,27.964355,0
22,2039,No,5,9,Yes,Yes,26.086935,0
11,2032,No,7,12,Yes,Yes,21.35878,0
20,2035,No,4,9,Yes,No,18.500694,0
14,2038,No,5,9,Yes,Yes,19.639515,0
39,2034,No,6,9,Yes,Yes,25.20009,2036
16,2038,No,3,18,Yes,Yes,24.847858,0
12,2039,No,5,9,Yes,Yes,25.891035,0
39,2033,No,6,11,No,Yes,24.176819,2036
40,2037,Yes,4,9,No,No,29.401022,2036
15,2034,No,5,15,Yes,Yes,25.572733,0
21,2039,No,4,9,No,Yes,32.186111,0
23,2037,No,2,8,No,No,20.984871,0
40,2036,Yes,4,11,No,Yes,20.290539,2036
17,2034,No,6,9,Yes,Yes,29.590456,0
24,2037,No,5,9,Yes,Yes,22.948402,0
4,2040,No,5,10,Yes,Yes,14.12984,0
7,2037,No,5,10,Yes,Yes,21.922577,0
39,2033,No,6,17,Yes,Yes,18.157326,2036
12,2032,No,5,9,Yes,No,20.812361,0
14,2032,No,5,10,Yes,Yes,33.838242,0
6,2034,No,6,9,Yes,Yes,27.401545,0
18,2034,No,5,10,Yes,Yes,23.391205,0
26,2032,No,4,0,No,No,27.681242,0
11,2034,No,7,10,No,No,25.537052,0
17,2034,No,6,9,No,Yes,25.273277,0
21,2035,No,4,11,Yes,Yes,20.538376,0
7,2038,No,5,9,Yes,Yes,26.085226,0
18,2034,No,5,9,No,No,26.73761,0
36,2036,Yes,3,10,Yes,Yes,26.643698,2036
29,2039,No,3,9,No,Yes,17.668045,0
24,2035,No,5,9,Yes,Yes,20.445635,0
24,2032,No,5,9,No,Yes,32.219101,0
22,2038,No,5,9,Yes,No,29.69031,0
5,2032,No,4,13,Yes,Yes,19.490915,0
37,2037,Yes,6,8,Yes,No,31.0627,2036
24,2035,No,5,11,Yes,No,20.555025,0
3,2032,No,5,9,Yes,Yes,20.178692,2034
21,2036,No,4,9,No,No,34.140289,0
32,2037,No,3,11,No,Yes,29.084974,2038
19,2036,No,5,9,No,Yes,31.8659,0
10,2036,No,6,9,Yes,No,32.090256,0
39,2032,No,6,9,No,Yes,28.311279,2036
23,2035,No,2,11,Yes,Yes,18.209017,0
22,2033,No,5,9,Yes,Yes,21.770967,0
7,2039,No,5,9,No,Yes,27.537539,0
6,2033,No,6,9,No,Yes,17.152548,0
26,2038,No,4,10,Yes,No,20.52084,0
32,2037,No,3,8,Yes,No,28.847097,2038
40,2034,No,4,7,No,Yes,30.652431,2036
40,2032,No,4,12,No,No,30.514269,2036
12,2038,No,5,9,No,Yes,24.664225,0
32,2040,Yes,3,8,No,Yes,32.665131,2038
1,2037,Yes,6,9,No,Yes,26.142115,2034
14,2038,No,5,9,Yes,Yes,32.584953,0
7,2036,No,5,9,No,No,25.284494,0
34,2040,Yes,3,11,Yes,No,21.80694,2038
10,2035,No,6,13,Yes,Yes,21.806845,0
20,2039,No,4,9,No,Yes,20.220352,0
23,2038,No,2,19,Yes,Yes,21.443695,0
27,2039,No,6,12,Yes,Yes,24.46242,0
20,2040,No,4,11,Yes,No,28.328646,0
22,2034,No,5,11,No,No,26.575623,0
8,2034,No,4,10,No,Yes,24.237198,0
5,2035,No,4,12,Yes,No,23.032881,0
35,2034,No,3,9,No,Yes,27.345873,2038
24,2032,No,5,9,Yes,Yes,30.992914,0
28,2040,No,3,8,Yes,Yes,18.874659,0
26,2037,No,4,8,Yes,Yes,30.729914,0
8,2037,No,4,10,Yes,No,28.710581,0
34,2033,No,3,9,No,No,23.868725,2038
16,2033,No,3,10,No,Yes,28.39854,0
34,2038,Yes,3,10,No,Yes,27.65053,2038
39,2032,No,6,9,Yes,No,28.604397,2036
7,2039,No,5,11,Yes,No,29.993631,0
8,2036,No,4,9,No,No,24.962986,0
35,2036,No,3,9,Yes,Yes,26.164558,2038
40,2038,Yes,4,10,No,Yes,16.013245,2036
39,2038,Yes,6,9,No,Yes,20.039949,2036
15,2035,No,5,9,No,Yes,28.748505,0
10,2040,No,6,9,Yes,Yes,18.384487,0
3,2038,Yes,5,17,Yes,Yes,20.348124,2034
29,2036,No,3,9,No,No,21.578417,0
11,2039,No,7,9,Yes,Yes,31.337925,0
17,2034,No,6,7,Yes,Yes,20.540604,0
18,2036,No,5,9,No,Yes,33.153778,0
40,2032,No,4,7,Yes,No,20.812599,2036
1,2038,Yes,6,9,No,No,23.926512,2034
25,2033,No,5,9,Yes,No,31.64975,0
24,2040,No,5,9,No,Yes,30.4158,0
29,2034,No,3,8,Yes,Yes,30.151596,0
19,2036,No,5,10,No,Yes,23.673376,0
14,2032,No,5,9,Yes,No,24.243952,0
23,2033,No,2,10,Yes,No,25.104425,0
11,2039,No,7,11,No,Yes,31.51753,0
2,2038,Yes,6,8,No,Yes,20.057457,2034
14,2032,No,5,9,No,No,19.966187,0
12,2040,No,5,13,No,No,26.29125,0
13,2039,No,3,10,Yes,Yes,31.826502,0
6,2036,No,6,10,Yes,No,35.190372,0
24,2038,No,5,9,Yes,No,25.290857,0
6,2038,No,6,9,No,Yes,16.201944,0
13,2032,No,3,9,Yes,No,27.254189,0
36,2039,Yes,3,9,No,No,25.357937,2036
1,2033,No,6,10,No,Yes,21.069412,2034
11,2036,No,7,10,Yes,Yes,27.855455,0
32,2040,Yes,3,7,No,Yes,27.774708,2038
1,2035,Yes,6,10,Yes,Yes,32.748283,2034
35,2033,No,3,9,Yes,No,20.071953,2038
24,2038,No,5,9,No,No,31.206335,0
12,2036,No,5,10,No,No,18.323996,0
17,2032,No,6,9,Yes,No,24.592218,0
35,2038,Yes,3,11,Yes,No,19.720222,2038
21,2032,No,4,9,No,Yes,13.1018,0
22,2040,No,5,11,Yes,Yes,18.636482,0
28,2036,No,3,19,Yes,Yes,27.541723,0
28,2034,No,3,9,Yes,No,31.069929,0
10,2037,No,6,9,Yes,Yes,26.281189,0
37,2037,Yes,6,9,Yes,No,21.971441,2036
20,2037,No,4,15,Yes,No,30.755987,0
1,2036,Yes,6,8,Yes,Yes,32.083496,2034
35,2032,No,3,7,Yes,No,32.216038,2038
31,2037,No,3,10,Yes,Yes,29.424135,2038
10,2039,No,6,9,Yes,No,25.206249,0
4,2036,No,5,12,No,No,24.147137,0
25,2034,No,5,11,No,Yes,17.062365,0
17,2035,No,6,10,Yes,No,19.766575,0
40,2038,Yes,4,11,No,Yes,27.409487,2036
15,2037,No,5,9,No,Yes,22.39448,0
19,2032,No,5,10,No,Yes,23.993885,0
35,2034,No,3,9,Yes,Yes,24.863602,2038
6,2039,No,6,9,No,Yes,16.111946,0
17,2037,No,6,8,No,Yes,32.141495,0
25,2036,No,5,9,No,Yes,18.546673,0
15,2033,No,5,9,No,Yes,26.292212,0
1,2038,Yes,6,13,No,Yes,22.714987,2034
39,2035,No,6,12,Yes,Yes,18.351479,2036
5,2032,No,4,13,No,No,28.571396,0
27,2034,No,6,9,No,Yes,30.545479,0
27,2039,No,6,9,No,No,29.551233,0
2,2034,Yes,6,12,No,No,23.271259,2034
25,2040,No,5,10,Yes,No,32.380577,0
4,2036,No,5,9,No,Yes,21.733223,0
40,2037,Yes,4,19,Yes,Yes,14.717196,2036
37,2035,No,6,7,Yes,No,26.398926,2036
32,2040,Yes,3,10,Yes,Yes,27.538542,2038
23,2040,No,2,14,Yes,No,32.595062,0
38,2033,No,7,9,No,Yes,33.801105,2036
31,2040,Yes,3,8,No,No,29.317225,2038
39,2034,No,6,8,Yes,Yes,26.786982,2036
33,2034,No,3,9,No,Yes,20.138659,2038
30,2032,No,6,11,Yes,Yes,26.043646,0
16,2033,No,3,11,Yes,Yes,33.505409,0
10,2033,No,6,10,No,Yes,19.682289,0
30,2035,No,6,7,No,Yes,31.951248,0
37,2032,No,6,13,Yes,Yes,25.856422,2036
16,2035,No,3,7,No,Yes,17.689339,0
20,2035,No,4,9,Yes,No,30.443119,0
23,2032,No,2,9,No,Yes,29.541843,0
40,2039,Yes,4,9,No,No,34.160328,2036
19,2039,No,5,10,Yes,No,22.07395,0
1,2040,Yes,6,11,Yes,No,27.169817,2034
36,2034,No,3,9,No,Yes,21.847242,2036
26,2032,No,4,9,No,Yes,19.527658,0
10,2034,No,6,8,No,No,19.987221,0
35,2038,Yes,3,7,Yes,Yes,28.715881,2038
5,2037,No,4,12,No,No,20.177135,0
26,2040,No,4,17,Yes,No,28.096821,0
25,2032,No,5,10,Yes,No,25.439716,0
36,2032,No,3,9,No,Yes,21.308983,2036
2,2039,Yes,6,7,No,No,25.949638,2034
4,2034,No,5,13,Yes,No,30.18104,0
36,2040,Yes,3,13,No,Yes,25.641832,2036
20,2035,No,4,7,Yes,No,34.327431,0
35,2035,No,3,9,No,No,30.971209,2038
34,2040,Yes,3,13,No,Yes,28.993238,2038
6,2038,No,6,7,Yes,No,31.625141,0
23,2032,No,2,12,No,Yes,23.764278,0
11,2040,No,7,11,Yes,No,32.422001,0
11,2033,No,7,8,No,No,33.107059,0
33,2036,No,3,10,Yes,Yes,31.989904,2038
12,2032,No,5,10,Yes,Yes,28.513451,0
40,2035,No,4,9,No,No,22.297361,2036
16,2038,No,3,9,No,Yes,30.227427,0
5,2040,No,4,10,No,Yes,20.672213,0
13,2035,No,3,9,No,Yes,29.227211,0
2,2033,No,6,10,No,Yes,32.42067,2034
38,2040,Yes,7,9,No,No,20.753723,2036
27,2033,No,6,12,Yes,Yes,18.223988,0
27,2034,No,6,10,No,No,20.475998,0
25,2038,No,5,12,No,No,33.396236,0
26,2039,No,4,12,No,No,28.721491,0
14,2039,No,5,9,No,No,20.512411,0
6,2035,No,6,9,Yes,No,28.859032,0
8,2034,No,4,9,No,No,31.72315,0
8,2032,No,4,9,No,Yes,20.071577,0
1,2038,Yes,6,19,No,Yes,12.489621,2034
27,2037,No,6,7,No,Yes,20.31436,0
22,2036,No,5,10,No,Yes,32.044186,0
39,2039,Yes,6,9,No,Yes,33.360729,2036
34,2034,No,3,9,Yes,Yes,24.356663,2038
21,2036,No,4,15,Yes,No,20.464687,0
7,2040,No,5,11,No,Yes,20.418455,0
9,2038,No,3,13,No,Yes,23.892494,0
2,2039,Yes,6,9,Yes,No,32.252937,2034
40,2036,Yes,4,10,No,Yes,17.310898,2036
28,2040,No,3,5,No,Yes,22.705494,0
36,2032,No,3,10,No,Yes,28.589584,2036
30,2032,No,6,8,No,No,29.974068,0
30,2039,No,6,10,No,No,30.150103,0
16,2039,No,3,8,Yes,Yes,28.255802,0
10,2033,No,6,9,Yes,Yes,20.773346,0
5,2037,No,4,10,No,Yes,20.017103,0
10,2032,No,6,9,Yes,Yes,27.795506,0
22,2032,No,5,9,Yes,No,22.368074,0
33,2032,No,3,0,No,No,18.811134,2038
9,2032,No,3,9,Yes,No,22.197172,0
8,2038,No,4,9,Yes,Yes,21.531031,0
17,2033,No,6,9,No,No,18.610601,0
10,2037,No,6,9,Yes,Yes,24.732456,0
11,2037,No,7,10,Yes,Yes,30.90967,0
2,2038,Yes,6,10,Yes,Yes,25.478958,2034
29,2033,No,3,15,Yes,Yes,22.750832,0
31,2032,No,3,9,No,Yes,21.213808,2038
21,2034,No,4,9,Yes,Yes,24.082623,0
27,2037,No,6,11,No,No,26.835371,0
3,2034,Yes,5,9,No,No,19.025173,2034
37,2034,No,6,11,No,No,28.127958,2036
33,2040,Yes,3,8,Yes,No,18.145756,2038
19,2040,No,5,9,Yes,No,22.60804,0
11,2040,No,7,9,Yes,No,21.359186,0
13,2034,No,3,9,No,Yes,24.368855,0
12,2036,No,5,13,Yes,No,29.326614,0
6,2036,No,6,10,No,Yes,28.831684,0
37,2038,Yes,6,11,No,Yes,15.249588,2036
7,2038,No,5,7,No,Yes,30.651016,0
39,2035,No,6,9,No,No,19.702072,2036
31,2039,Yes,3,18,No,Yes,20.960836,2038
27,2037,No,6,14,No,No,31.827671,0
16,2037,No,3,9,Yes,No,21.482113,0
10,2039,No,6,11,Yes,Yes,22.461544,0
1,2036,Yes,6,11,Yes,Yes,22.693752,2034
3,2036,Yes,5,8,No,Yes,32.169907,2034
26,2037,No,4,10,Yes,Yes,30.134159,0
38,2033,No,7,12,No,Yes,21.382788,2036
10,2037,No,6,9,Yes,No,36.660507,0
3,2040,Yes,5,13,Yes,No,32.339787,2034
30,2040,No,6,11,Yes,Yes,24.382147,0
1,2033,No,6,9,Yes,Yes,28.438881,2034
14,2040,No,5,9,Yes,Yes,29.54044,0
36,2034,No,3,11,No,Yes,24.384752,2036
37,2039,Yes,6,9,No,Yes,24.850794,2036
36,2038,Yes,3,10,Yes,No,20.424868,2036
17,2033,No,6,7,Yes,Yes,23.976343,0
13,2032,No,3,9,Yes,Yes,19.656052,0
17,2039,No,6,18,No,Yes,19.46174,0
4,2036,No,5,12,No,Yes,23.843298,0
27,2036,No,6,9,Yes,Yes,25.46413,0
36,2036,Yes,3,9,No,Yes,26.623308,2036
29,2040,No,3,11,No,No,23.205381,0
27,2037,No,6,10,No,Yes,26.540596,0
11,2039,No,7,9,Yes,No,24.864223,0
7,2035,No,5,8,Yes,No,25.867575,0
36,2037,Yes,3,9,Yes,Yes,21.616774,2036
27,2032,No,6,9,No,Yes,25.609011,0
14,2039,No,5,8,Yes,No,28.383804,0
5,2039,No,4,11,No,Yes,21.227911,0
13,2039,No,3,12,Yes,No,29.547401,0
17,2035,No,6,9,No,Yes,28.110157,0
32,2034,No,3,8,Yes,No,24.037388,2038
8,2032,No,4,9,No,Yes,26.100897,0
31,2037,No,3,9,Yes,Yes,26.174377,2038
27,2032,No,6,10,No,Yes,21.15177,0
22,2039,No,5,9,Yes,Yes,29.314121,0
22,2038,No,5,10,No,Yes,32.130505,0
38,2036,Yes,7,12,No,No,26.521431,2036
24,2038,No,5,9,No,Yes,18.349594,0
38,2033,No,7,9,Yes,Yes,20.4543,2036
12,2035,No,5,9,Yes,No,17.38851,0
11,2039,No,7,10,No,No,21.780144,0
20,2038,No,4,11,No,Yes,21.43327,0
15,2032,No,5,9,Yes,Yes,32.753456,0
2,2035,Yes,6,12,Yes,No,23.970022,2034
28,2039,No,3,12,No,Yes,23.506029,0
3,2036,Yes,5,9,Yes,No,34.520794,2034
34,2035,No,3,9,No,Yes,26.915051,2038
4,2039,No,5,7,No,No,16.676586,0
19,2040,No,5,9,No,Yes,19.153551,0
26,2037,No,4,11,No,No,27.637949,0
26,2040,No,4,9,No,No,26.103823,0
20,2037,No,4,9,Yes,Yes,22.749952,0
1,2032,No,6,14,No,Yes,27.213232,2034
15,2034,No,5,12,Yes,Yes,26.749218,0
39,2040,Yes,6,7,No,No,25.903673,2036
37,2036,Yes,6,9,Yes,No,16.457006,2036
30,2040,No,6,10,No,No,26.081285,0
2,2035,Yes,6,10,Yes,No,20.170404,2034
22,2038,No,5,8,Yes,Yes,29.83312,0
21,2035,No,4,9,Yes,Yes,34.242043,0
21,2037,No,4,7,Yes,Yes,31.318609,0
40,2035,No,4,12,Yes,Yes,19.686495,2036
40,2032,No,4,9,Yes,Yes,25.766239,2036
20,2035,No,4,13,Yes,No,32.978592,0
13,2033,No,3,11,Yes,No,33.130054,0
6,2039,No,6,13,Yes,Yes,31.364029,0
36,2035,No,3,12,No,Yes,25.379791,2036
37,2039,Yes,6,3,No,Yes,27.71674,2036
2,2039,Yes,6,17,Yes,No,33.212795,2034
27,2038,No,6,9,No,No,28.091999,0
7,2036,No,5,9,Yes,Yes,34.355289,0
39,2037,Yes,6,9,Yes,No,23.262592,2036
34,2035,No,3,9,Yes,Yes,28.28908,2038
31,2036,No,3,10,No,No,27.516991,2038
20,2038,No,4,9,No,Yes,26.14267,0
19,2036,No,5,9,Yes,Yes,29.462408,0
2,2039,Yes,6,9,Yes,No,28.385849,2034
21,2034,No,4,11,Yes,Yes,33.561745,0
10,2032,No,6,9,No,No,26.07115,0
20,2038,No,4,9,Yes,Yes,25.570553,0
30,2038,No,6,15,Yes,Yes,24.501438,0
3,2036,Yes,5,10,Yes,Yes,28.955051,2034
13,2038,No,3,9,Yes,Yes,21.531614,0
34,2040,Yes,3,9,Yes,No,23.875246,2038
29,2038,No,3,8,Yes,No,34.024258,0
39,2036,Yes,6,8,No,Yes,23.928556,2036
23,2036,No,2,10,No,Yes,33.478703,0
27,2033,No,6,12,Yes,Yes,18.187002,0
4,2034,No,5,12,Yes,Yes,26.243698,0
9,2033,No,3,11,Yes,Yes,16.185043,0
12,2037,No,5,9,Yes,Yes,24.920162,0
25,2040,No,5,9,No,Yes,17.705095,0
34,2032,No,3,8,Yes,Yes,30.515745,2038
13,2034,No,3,9,No,Yes,25.74181,0
7,2040,No,5,9,No,Yes,18.825272,0
36,2036,Yes,3,9,No,Yes,16.016258,2036
13,2032,No,3,8,Yes,Yes,30.504881,0
3,2035,Yes,5,10,No,Yes,22.249243,2034
26,2039,No,4,9,No,Yes,20.42049,0
35,2034,No,3,12,Yes,No,29.40238,2038
23,2037,No,2,10,Yes,Yes,27.122421,0
38,2034,No,7,12,Yes,Yes,26.556742,2036
37,2037,Yes,6,10,Yes,No,22.847383,2036
13,2039,No,3,7,Yes,No,25.472443,0
22,2032,No,5,8,No,Yes,25.032692,0
25,2035,No,5,9,Yes,Yes,26.810091,0
19,2033,No,5,7,Yes,No,29.364569,0
3,2034,Yes,5,13,No,Yes,19.066793,2034
33,2034,No,3,10,Yes,Yes,21.534296,2038
18,2040,No,5,11,No,Yes,24.733915,0
20,2038,No,4,9,No,No,27.653925,0
17,2032,No,6,10,No,Yes,32.728935,0
25,2040,No,5,7,No,Yes,29.740263,0
25,2038,No,5,9,Yes,Yes,23.235983,0
21,2035,No,4,15,No,Yes,14.878491,0
13,2037,No,3,9,No,Yes,18.720692,0
38,2034,No,7,9,Yes,Yes,30.561226,2036
9,2039,No,3,9,No,Yes,26.473276,0
40,2035,No,4,7,No,Yes,24.099094,2036
13,2032,No,3,9,No,No,34.044365,0
6,2035,No,6,17,Yes,No,29.208786,0
36,2039,Yes,3,10,Yes,Yes,32.208008,2036
12,2038,No,5,13,Yes,No,27.127197,0
37,2032,No,6,11,Yes,No,21.399359,2036
1,2036,Yes,6,12,Yes,Yes,24.941254,2034
4,2032,No,5,12,No,Yes,23.779018,0
31,2040,Yes,3,0,No,Yes,19.01259,2038
17,2032,No,6,3,Yes,Yes,31.142967,0
37,2037,Yes,6,8,Yes,Yes,15.618419,2036
40,2039,Yes,4,9,Yes,Yes,19.632915,2036
22,2038,No,5,9,No,No,27.97048,0
32,2040,Yes,3,12,No,Yes,28.431942,2038
16,2039,No,3,9,No,No,26.336304,0
17,2034,No,6,9,Yes,Yes,22.043255,0
13,2040,No,3,16,Yes,Yes,23.326155,0
39,2033,No,6,9,Yes,No,23.076197,2036
3,2033,No,5,9,No,No,32.803066,2034
37,2040,Yes,6,10,Yes,No,33.356552,2036
17,2039,No,6,7,No,Yes,24.055796,0
16,2035,No,3,9,No,No,26.045105,0
23,2034,No,2,9,Yes,No,20.776392,0
28,2032,No,3,9,Yes,Yes,22.242262,0
40,2037,Yes,4,11,No,Yes,29.669123,2036
28,2040,No,3,10,No,No,28.040501,0
2,2040,Yes,6,12,Yes,No,32.104042,2034
38,2033,No,7,7,No,No,18.411076,2036
11,2036,No,7,9,No,Yes,27.481733,0
30,2040,No,6,18,Yes,Yes,24.841227,0
5,2038,No,4,8,Yes,Yes,23.072582,0
11,2037,No,7,8,No,Yes,26.140202,0
16,2035,No,3,11,Yes,No,29.316563,0
17,2036,No,6,10,No,Yes,33.083584,0
38,2032,No,7,13,Yes,Yes,31.502838,2036
1,2038,Yes,6,9,Yes,Yes,20.405977,2034
24,2038,No,5,9,Yes,No,26.536757,0
7,2040,No,5,9,Yes,Yes,20.241838,0
37,2040,Yes,6,9,No,Yes,17.898838,2036
1,2035,Yes,6,12,No,No,15.770663,2034
8,2035,No,4,9,No,No,20.439297,0
5,2036,No,4,19,No,Yes,28.609558,0
6,2034,No,6,9,Yes,No,31.157478,0
33,2035,No,3,8,No,No,22.87388,2038
27,2035,No,6,17,Yes,No,29.887329,0
31,2038,Yes,3,7,Yes,Yes,23.284555,2038
10,2039,No,6,13,Yes,No,21.539375,0
1,2033,No,6,9,No,No,20.075916,2034
27,2037,No,6,9,Yes,No,28.696552,0
17,2035,No,6,10,Yes,No,21.506954,0
37,2033,No,6,11,No,No,31.598602,2036
39,2034,No,6,12,No,No,28.290138,2036
19,2040,No,5,9,Yes,Yes,27.482183,0
19,2032,No,5,16,No,Yes,31.532265,0
6,2035,No,6,12,Yes,No,29.061037,0
35,2033,No,3,13,No,Yes,19.22789,2038
26,2032,No,4,7,No,Yes,26.986856,0
20,2034,No,4,9,Yes,No,30.580143,0
40,2032,No,4,8,Yes,Yes,26.832523,2036
14,2037,No,5,7,No,Yes,16.851433,0
36,2033,No,3,10,No,Yes,28.406244,2036
28,2034,No,3,9,No,No,24.199883,0
27,2033,No,6,8,Yes,Yes,19.905685,0
13,2035,No,3,9,Yes,No,29.763477,0
27,2035,No,6,9,No,Yes,32.912373,0
38,2040,Yes,7,9,No,No,16.380465,2036
30,2033,No,6,9,Yes,Yes,28.464149,0
25,2032,No,5,9,Yes,Yes,31.130568,0
20,2040,No,4,15,No,Yes,18.449602,0
29,2034,No,3,9,Yes,No,29.14855,0
32,2040,Yes,3,9,No,No,18.708687,2038
4,2032,No,5,8,Yes,Yes,23.77516,0
29,2032,No,3,8,Yes,Yes,25.023272,0
9,2038,No,3,11,Yes,Yes,24.327408,0
27,2036,No,6,9,Yes,Yes,33.783504,0
39,2040,Yes,6,9,No,Yes,17.295057,2036
36,2037,Yes,3,19,No,Yes,23.913582,2036
12,2036,No,5,9,No,No,21.088585,0
11,2040,No,7,8,Yes,Yes,27.231173,0
35,2033,No,3,9,No,Yes,21.98177,2038
34,2038,Yes,3,17,No,No,24.655621,2038
29,2037,No,3,0,No,Yes,34.262978,0
4,2033,No,5,9,Yes,Yes,29.740467,0
1,2039,Yes,6,13,No,Yes,30.129936,2034
26,2033,No,4,9,No,No,33.484791,0
33,2032,No,3,19,Yes,Yes,23.913382,2038
34,2040,Yes,3,9,No,Yes,25.062689,2038
7,2032,No,5,11,No,Yes,22.67277,0
33,2037,No,3,9,Yes,Yes,32.878014,2038
11,2032,No,7,9,Yes,No,28.495302,0
34,2040,Yes,3,10,Yes,No,32.122746,2038
40,2035,No,4,10,No,Yes,23.460503,2036
1,2040,Yes,6,10,No,Yes,32.753101,2034
6,2040,No,6,9,Yes,Yes,22.319971,0
33,2033,No,3,10,No,Yes,21.736616,2038
11,2033,No,7,9,Yes,No,20.244778,0
3,2039,Yes,5,11,No,No,29.208302,2034
5,2036,No,4,9,No,Yes,19.793402,0
32,2039,Yes,3,11,Yes,Yes,18.142666,2038
40,2040,Yes,4,9,Yes,Yes,26.755484,2036
4,2038,No,5,9,Yes,Yes,19.967625,0
21,2035,No,4,12,No,Yes,25.732353,0
31,2040,Yes,3,18,No,Yes,29.84177,2038
39,2039,Yes,6,9,No,Yes,17.82873,2036
3,2034,Yes,5,10,No,Yes,19.281317,2034
31,2033,No,3,9,Yes,Yes,28.568596,2038
26,2035,No,4,9,Yes,No,28.659054,0
16,2035,No,3,9,Yes,Yes,30.368324,0
28,2034,No,3,0,Yes,Yes,22.98077,0
7,2038,No,5,8,Yes,Yes,28.037384,0
39,2040,Yes,6,9,Yes,Yes,31.671474,2036
6,2039,No,6,19,Yes,No,29.775181,0
29,2035,No,3,9,No,Yes,30.36389,0
37,2032,No,6,9,Yes,Yes,21.814556,2036
32,2039,Yes,3,11,Yes,Yes,31.234282,2038
13,2036,No,3,12,No,Yes,17.502182,0
24,2036,No,5,13,Yes,No,28.228304,0
32,2035,No,3,8,No,Yes,20.825533,2038
29,2035,No,3,10,No,Yes,22.866631,0
15,2039,No,5,10,Yes,Yes,30.220659,0
8,2032,No,4,9,Yes,No,31.261251,0
18,2037,No,5,9,No,No,30.51366,0
40,2032,No,4,9,No,Yes,19.496765,2036
3,2033,No,5,9,Yes,Yes,21.966272,2034
21,2038,No,4,10,No,Yes,37.222031,0
8,2033,No,4,9,No,Yes,31.616865,0
6,2032,No,6,9,No,Yes,22.987759,0
38,2040,Yes,7,8,No,Yes,27.169937,2036
4,2036,No,5,10,No,Yes,26.736347,0
33,2036,No,3,9,No,No,31.403002,2038
10,2033,No,6,9,No,Yes,25.231331,0
37,2034,No,6,9,No,No,17.902349,2036
7,2032,No,5,10,No,No,19.341463,0
17,2033,No,6,9,Yes,Yes,18.604107,0
13,2040,No,3,10,No,Yes,28.786833,0
15,2038,No,5,9,No,No,30.679806,0
27,2039,No,6,7,Yes,No,26.048271,0
17,2038,No,6,8,No,No,24.374609,0
10,2032,No,6,9,Yes,No,31.265209,0
16,2040,No,3,10,Yes,Yes,31.265049,0
10,2040,No,6,0,Yes,Yes,24.985598,0
21,2037,No,4,9,Yes,Yes,25.021681,0
23,2040,No,2,12,No,Yes,31.108038,0
39,2035,No,6,8,Yes,Yes,27.996902,2036
38,2034,No,7,9,Yes,No,24.804708,2036
8,2036,No,4,9,No,No,33.946999,0
7,2040,No,5,9,No,Yes,18.29204,0
27,2040,No,6,8,No,Yes,24.531965,0
22,2034,No,5,9,Yes,Yes,30.401329,0
1,2039,Yes,6,7,Yes,Yes,19.348593,2034
14,2037,No,5,9,No,Yes,19.781448,0
35,2040,Yes,3,11,Yes,Yes,30.980057,2038
37,2039,Yes,6,9,Yes,No,30.05294,2036
8,2035,No,4,8,Yes,No,29.543341,0
7,2036,No,5,9,No,No,21.59763,0
11,2036,No,7,10,No,No,29.974998,0
18,2032,No,5,7,No,Yes,19.644405,0
4,2032,No,5,9,No,No,21.652225,0
10,2033,No,6,9,No,Yes,30.347921,0
17,2040,No,6,9,Yes,Yes,30.509924,0
38,2035,No,7,9,No,Yes,28.552107,2036
11,2036,No,7,0,No,Yes,28.482327,0
15,2040,No,5,18,No,Yes,30.374121,0
18,2036,No,5,9,Yes,No,24.408869,0
27,2038,No,6,9,Yes,No,28.029556,0
14,2038,No,5,9,Yes,No,27.125826,0
28,2035,No,3,7,No,No,23.641994,0
23,2032,No,2,9,Yes,Yes,25.005203,0
17,2034,No,6,9,No,Yes,26.081232,0
23,2039,No,2,7,Yes,Yes,19.670488,0
12,2038,No,5,0,No,Yes,22.362326,0
19,2040,No,5,15,No,No,23.48465,0
2,2036,Yes,6,8,No,Yes,25.667599,2034
3,2039,Yes,5,9,Yes,No,24.005499,2034
1,2033,No,6,12,No,Yes,20.147484,2034
13,2036,No,3,9,No,Yes,20.378933,0
27,2034,No,6,9,Yes,Yes,25.953806,0
23,2038,No,2,10,Yes,Yes,34.488861,0
19,2040,No,5,9,Yes,No,32.269352,0
10,2039,No,6,9,No,No,28.320354,0
29,2035,No,3,9,No,Yes,24.598253,0
19,2033,No,5,9,No,No,31.659513,0
35,2037,No,3,9,Yes,Yes,31.117857,2038
25,2032,No,5,7,No,Yes,25.184769,0
11,2040,No,7,8,No,Yes,23.423632,0
27,2036,No,6,5,No,Yes,29.059975,0
2,2036,Yes,6,11,No,No,17.18684,2034
34,2040,Yes,3,8,No,Yes,30.346668,2038
18,2037,No,5,9,No,Yes,24.518059,0
6,2040,No,6,13,No,No,25.147621,0
26,2035,No,4,9,No,Yes,21.968288,0
18,2034,No,5,7,No,No,24.893009,0
13,2037,No,3,9,No,No,20.881687,0
30,2038,No,6,9,Yes,Yes,22.728226,0
23,2038,No,2,9,Yes,Yes,30.72435,0
35,2039,Yes,3,9,No,Yes,18.459696,2038
18,2033,No,5,9,No,Yes,27.295273,0
4,2034,No,5,11,No,Yes,29.779369,0
37,2032,No,6,10,No,Yes,19.791513,2036
22,2032,No,5,9,No,Yes,24.636623,0
34,2037,No,3,9,No,Yes,31.221413,2038
4,2037,No,5,13,No,No,16.906115,0
37,2039,Yes,6,10,Yes,No,26.732979,2036
32,2039,Yes,3,9,No,Yes,32.385876,2038
26,2038,No,4,9,Yes,Yes,29.515753,0
13,2033,No,3,11,No,No,29.857256,0
29,2036,No,3,12,Yes,No,36.173653,0
22,2040,No,5,10,No,Yes,23.007433,0
35,2034,No,3,19,Yes,Yes,20.205149,2038
19,2039,No,5,9,Yes,No,32.386414,0
26,2036,No,4,19,No,No,28.667627,0
35,2032,No,3,9,No,Yes,28.878792,2038
11,2034,No,7,9,No,Yes,24.646233,0
18,2038,No,5,7,Yes,No,30.886871,0
28,2040,No,3,13,Yes,Yes,27.00382,0
36,2039,Yes,3,11,No,No,29.492863,2036
32,2035,No,3,13,Yes,No,22.561554,2038
14,2036,No,5,2,No,Yes,24.927547,0
18,2036,No,5,9,No,Yes,29.682312,0
23,2032,No,2,9,Yes,No,18.571398,0
35,2032,No,3,9,No,No,27.485264,2038
19,2039,No,5,9,Yes,Yes,31.722298,0
18,2034,No,5,9,No,No,31.203262,0
10,2032,No,6,11,Yes,Yes,32.107418,0
3,2037,Yes,5,9,No,Yes,20.000727,2034
16,2039,No,3,12,No,Yes,18.950153,0
3,2037,Yes,5,9,Yes,Yes,23.520264,2034
12,2033,No,5,9,No,No,32.339649,0
23,2036,No,2,7,No,No,34.493698,0
4,2033,No,5,10,Yes,Yes,29.688511,0
10,2036,No,6,11,No,Yes,21.352629,0
28,2033,No,3,9,No,Yes,22.239117,0
29,2040,No,3,9,Yes,No,24.628183,0
38,2038,Yes,7,12,Yes,Yes,24.422121,2036
24,2036,No,5,13,Yes,Yes,23.829124,0
21,2032,No,4,11,Yes,No,28.366962,0
5,2040,No,4,12,No,Yes,28.685982,0
30,2040,No,6,11,Yes,No,31.258503,0
35,2039,Yes,3,10,No,No,29.58786,2038
9,2034,No,3,0,No,Yes,29.826595,0
7,2032,No,5,10,Yes,Yes,16.452845,0
28,2038,No,3,9,No,No,30.988605,0
30,2035,No,6,9,Yes,Yes,31.357353,0
31,2039,Yes,3,18,No,No,34.365589,2038
2,2036,Yes,6,9,Yes,Yes,30.987398,2034
34,2035,No,3,9,Yes,Yes,23.603201,2038
29,2034,No,3,9,No,Yes,32.100777,0
8,2034,No,4,9,No,No,23.169994,0
2,2032,No,6,8,Yes,Yes,30.229736,2034
10,2033,No,6,7,Yes,Yes,27.62685,0
19,2033,No,5,12,No,No,32.673836,0
15,2033,No,5,9,No,No,26.922213,0
37,2035,No,6,8,Yes,Yes,21.084156,2036
22,2034,No,5,8,Yes,No,28.990246,0
32,2037,No,3,8,No,Yes,35.789101,2038
11,2036,No,7,9,No,Yes,24.394022,0
24,2038,No,5,9,Yes,Yes,24.163918,0
27,2032,No,6,18,No,No,16.717741,0
21,2038,No,4,10,No,Yes,22.301882,0
15,2036,No,5,9,Yes,Yes,27.012712,0
15,2033,No,5,9,No,Yes,29.492624,0
39,2038,Yes,6,12,Yes,Yes,17.626692,2036
22,2033,No,5,8,No,Yes,16.211531,0
8,2035,No,4,8,No,No,30.921352,0
5,2038,No,4,10,Yes,Yes,24.73806,0
39,2032,No,6,9,Yes,Yes,21.440737,2036
11,2038,No,7,9,Yes,Yes,26.749804,0
32,2035,No,3,14,No,Yes,26.911152,2038
10,2036,No,6,9,No,Yes,28.546104,0
3,2039,Yes,5,13,Yes,Yes,32.294945,2034
21,2036,No,4,10,Yes,No,29.857637,0
24,2033,No,5,9,Yes,Yes,24.051216,0
39,2038,Yes,6,9,No,Yes,25.692646,2036
10,2038,No,6,12,No,No,24.368065,0
4,2038,No,5,9,Yes,Yes,35.082024,0
13,2040,No,3,9,Yes,Yes,21.577633,0
16,2038,No,3,13,Yes,Yes,18.664597,0
22,2037,No,5,12,Yes,Yes,18.824579,0
19,2038,No,5,0,Yes,Yes,19.609524,0
14,2034,No,5,9,Yes,Yes,24.78705,0
16,2040,No,3,9,Yes,Yes,24.894621,0
25,2037,No,5,10,No,Yes,31.414019,0
26,2037,No,4,8,Yes,Yes,23.705387,0
12,2032,No,5,8,Yes,Yes,33.360493,0
6,2038,No,6,9,Yes,Yes,29.384136,0
24,2036,No,5,9,No,Yes,21.284218,0
35,2040,Yes,3,9,Yes,Yes,21.123318,2038
14,2032,No,5,10,No,No,30.234163,0
20,2038,No,4,9,No,No,30.597942,0
17,2032,No,6,13,No,Yes,16.134315,0
12,2039,No,5,15,No,Yes,27.792858,0
6,2038,No,6,15,Yes,Yes,21.34466,0
6,2036,No,6,19,No,No,26.654251,0
12,2038,No,5,10,No,Yes,19.210098,0
28,2037,No,3,12,No,No,27.012943,0
33,2032,No,3,9,No,Yes,19.018259,2038
6,2035,No,6,9,No,No,26.31683,0
15,2033,No,5,0,No,No,26.15801,0
21,2034,No,4,11,No,No,29.584085,0
18,2036,No,5,11,No,No,22.878195,0
26,2040,No,4,9,Yes,Yes,20.938091,0
13,2036,No,3,9,No,Yes,19.392828,0
24,2040,No,5,8,Yes,Yes,30.989445,0
37,2039,Yes,6,9,Yes,Yes,31.408384,2036
11,2034,No,7,14,Yes,No,36.363091,0
26,2038,No,4,9,Yes,No,22.998125,0
24,2033,No,5,18,No,Yes,28.360909,0
14,2037,No,5,7,Yes,Yes,21.446733,0
23,2038,No,2,9,No,Yes,27.92592,0
33,2033,No,3,11,Yes,Yes,25.23641,2038
14,2040,No,5,9,Yes,Yes,32.9053,0
20,2035,No,4,11,No,No,27.747766,0
37,2038,Yes,6,15,No,Yes,20.799994,2036
29,2036,No,3,9,No,Yes,29.436625,0
5,2033,No,4,11,No,No,30.917149,0
29,2035,No,3,9,Yes,No,24.446541,0
10,2032,No,6,12,No,No,29.878036,0
6,2040,No,6,12,Yes,Yes,17.732492,0
10,2037,No,6,9,No,Yes,24.041098,0
18,2034,No,5,0,Yes,Yes,24.604248,0
35,2032,No,3,12,No,Yes,29.296156,2038
8,2034,No,4,9,No,No,18.501497,0
25,2037,No,5,9,No,No,27.018324,0
37,2035,No,6,9,Yes,No,22.370085,2036
31,2039,Yes,3,11,No,Yes,24.720091,2038
28,2037,No,3,9,Yes,Yes,20.750982,0
1,2032,No,6,9,Yes,Yes,25.279436,2034
15,2037,No,5,12,Yes,Yes,21.925564,0
4,2039,No,5,9,No,No,29.850801,0
31,2034,No,3,11,Yes,No,20.206675,2038
15,2036,No,5,7,Yes,Yes,35.530872,0
22,2040,No,5,9,No,Yes,26.89959,0
7,2040,No,5,9,No,Yes,27.584049,0
21,2034,No,4,9,Yes,Yes,29.988567,0
22,2040,No,5,9,No,No,17.280146,0
27,2040,No,6,9,No,Yes,23.636175,0
23,2037,No,2,7,Yes,Yes,25.434738,0
30,2034,No,6,12,No,Yes,31.592604,0
25,2039,No,5,11,No,No,27.940283,0
28,2038,No,3,10,Yes,Yes,27.111794,0
14,2038,No,5,9,No,Yes,21.563105,0
11,2033,No,7,8,No,No,28.353889,0
36,2040,Yes,3,8,No,Yes,29.207884,2036
27,2038,No,6,9,Yes,No,20.396074,0
6,2036,No,6,12,Yes,Yes,24.897432,0
11,2037,No,7,9,No,No,27.994596,0
36,2040,Yes,3,10,No,Yes,23.987427,2036
16,2034,No,3,9,No,Yes,22.719009,0
25,2037,No,5,10,No,Yes,25.329323,0
40,2037,Yes,4,8,No,No,21.781324,2036
28,2035,No,3,12,No,Yes,29.57781,0
12,2033,No,5,9,Yes,Yes,22.43755,0
21,2039,No,4,11,No,Yes,27.29978,0
21,2036,No,4,9,Yes,No,29.331738,0
21,2037,No,4,9,Yes,Yes,24.976084,0
10,2033,No,6,10,No,Yes,27.096674,0
2,2038,Yes,6,8,No,Yes,24.222143,2034
33,2032,No,3,12,No,No,22.515665,2038
22,2035,No,5,11,No,Yes,28.309443,0
15,2040,No,5,9,No,Yes,32.052391,0
29,2034,No,3,7,No,No,26.359863,0
5,2032,No,4,9,Yes,Yes,32.103371,0
34,2039,Yes,3,9,No,Yes,24.039181,2038
25,2037,No,5,8,No,Yes,27.042633,0
1,2040,Yes,6,9,Yes,Yes,23.429943,2034
6,2039,No,6,8,Yes,Yes,19.933617,0
33,2034,No,3,12,Yes,Yes,27.503664,2038
22,2037,No,5,9,Yes,No,28.733799,0
27,2039,No,6,9,No,Yes,32.403412,0
19,2033,No,5,13,Yes,Yes,33.860699,0
39,2038,Yes,6,9,Yes,Yes,22.005634,2036
22,2040,No,5,9,Yes,No,35.12788,0
8,2034,No,4,9,No,Yes,19.684486,0
2,2039,Yes,6,0,Yes,No,27.330893,2034
4,2034,No,5,10,No,Yes,19.957947,0
32,2036,No,3,9,No,Yes,22.565172,2038
36,2040,Yes,3,9,No,Yes,16.134348,2036
4,2038,No,5,17,Yes,Yes,20.315504,0
26,2034,No,4,9,Yes,Yes,30.006845,0
23,2037,No,2,11,Yes,Yes,29.67704,0
17,2035,No,6,10,Yes,No,25.477674,0
6,2032,No,6,9,Yes,Yes,32.613972,0
26,2035,No,4,13,No,Yes,20.283112,0
18,2036,No,5,13,No,No,28.359907,0
33,2039,Yes,3,9,No,Yes,22.408455,2038
3,2033,No,5,13,No,Yes,23.091,2034
13,2037,No,3,9,No,Yes,27.741375,0
35,2033,No,3,9,No,No,30.213034,2038
21,2036,No,4,7,No,No,20.758764,0
12,2032,No,5,10,Yes,No,22.377638,0
14,2038,No,5,11,Yes,Yes,32.327457,0
11,2040,No,7,7,Yes,Yes,21.656841,0
37,2037,Yes,6,9,No,Yes,17.090134,2036
38,2035,No,7,13,No,Yes,27.320604,2036
1,2032,No,6,12,No,Yes,25.889841,2034
14,2033,No,5,7,No,No,27.30957,0
33,2040,Yes,3,10,No,Yes,17.625557,2038
21,2035,No,4,11,No,No,23.888964,0
34,2038,Yes,3,8,No,No,18.819523,2038
39,2035,No,6,9,No,No,22.970032,2036
28,2038,No,3,19,No,Yes,26.576109,0
12,2037,No,5,10,No,Yes,20.986031,0
32,2034,No,3,9,Yes,No,27.619297,2038
15,2038,No,5,9,No,Yes,21.365049,0
30,2036,No,6,9,Yes,No,31.108734,0
14,2040,No,5,9,No,Yes,31.809141,0
13,2039,No,3,9,Yes,Yes,32.014416,0
25,2039,No,5,9,No,No,30.710476,0
36,2035,No,3,9,No,No,32.510994,2036
23,2039,No,2,1,Yes,Yes,27.03117,0
26,2037,No,4,9,Yes,Yes,21.728779,0
32,2037,No,3,9,No,No,23.430159,2038
7,2036,No,5,9,Yes,Yes,27.65414,0
2,2040,Yes,6,10,Yes,No,20.564808,2034
15,2037,No,5,11,Yes,Yes,29.219633,0
5,2037,No,4,7,No,No,23.675682,0
7,2035,No,5,9,No,No,26.011152,0
40,2033,No,4,9,No,No,30.795296,2036
10,2040,No,6,9,No,Yes,21.580919,0
32,2039,Yes,3,9,Yes,Yes,24.043907,2038
23,2033,No,2,17,Yes,Yes,29.55398,0
34,2032,No,3,9,Yes,Yes,24.168047,2038
22,2034,No,5,10,Yes,Yes,26.977922,0
2,2037,Yes,6,12,Yes,No,30.760487,2034
40,2039,Yes,4,13,Yes,Yes,30.740307,2036
12,2039,No,5,9,Yes,No,29.147493,0
11,2038,No,7,11,No,Yes,20.129728,0
8,2035,No,4,9,Yes,Yes,23.061241,0
37,2035,No,6,9,No,Yes,25.082169,2036
31,2035,No,3,15,No,Yes,27.027145,2038
34,2036,No,3,11,Yes,Yes,30.131071,2038
38,2040,Yes,7,10,Yes,No,26.914906,2036
18,2040,No,5,7,No,Yes,17.76339,0
9,2034,No,3,9,No,Yes,25.784277,0
19,2032,No,5,9,Yes,No,19.336491,0
21,2038,No,4,11,Yes,Yes,24.176203,0
34,2039,Yes,3,8,Yes,No,30.377094,2038
40,2035,No,4,11,Yes,Yes,29.592302,2036
16,2036,No,3,8,No,Yes,22.619366,0
7,2039,No,5,11,No,Yes,19.507349,0
28,2037,No,3,9,No,Yes,34.840893,0
18,2035,No,5,14,Yes,No,32.518528,0
27,2040,No,6,10,No,Yes,27.518003,0
16,2034,No,3,9,Yes,Yes,18.654806,0
12,2035,No,5,9,Yes,Yes,20.088585,0
13,2033,No,3,9,No,No,22.813055,0
18,2037,No,5,19,No,No,27.954277,0
35,2037,No,3,9,Yes,Yes,33.610928,2038
9,2040,No,3,11,No,Yes,29.828285,0
14,2033,No,5,10,Yes,Yes,23.238503,0
18,2038,No,5,9,No,No,30.440306,0
2,2034,Yes,6,7,No,No,22.37129,2034
34,2034,No,3,10,Yes,No,22.003437,2038
31,2032,No,3,10,No,Yes,25.54977,2038
16,2037,No,3,9,Yes,Yes,27.967205,0
13,2040,No,3,9,Yes,No,32.297592,0
7,2039,No,5,12,No,No,31.992872,0
29,2037,No,3,12,Yes,No,34.219593,0
9,2034,No,3,9,No,No,24.983765,0
6,2034,No,6,8,Yes,Yes,20.682779,0
14,2036,No,5,9,Yes,No,22.825462,0
16,2037,No,3,12,Yes,No,20.688749,0
19,2032,No,5,8,Yes,No,32.187103,0
2,2040,Yes,6,9,No,No,24.025314,2034
14,2038,No,5,9,Yes,Yes,23.627161,0
24,2040,No,5,9,No,No,19.002159,0
21,2038,No,4,13,Yes,No,22.353321,0
37,2034,No,6,13,Yes,Yes,29.294756,2036
28,2035,No,3,11,Yes,Yes,18.374224,0
36,2033,No,3,9,No,Yes,28.204737,2036
10,2034,No,6,11,Yes,Yes,31.29384,0
37,2036,Yes,6,9,Yes,Yes,27.142597,2036
21,2032,No,4,18,Yes,No,18.686359,0
11,2038,No,7,12,No,Yes,34.277405,0
5,2032,No,4,9,Yes,Yes,32.749939,0
11,2040,No,7,7,No,Yes,26.122734,0
38,2037,Yes,7,9,No,No,17.701029,2036
4,2039,No,5,13,Yes,Yes,30.239691,0
22,2036,No,5,0,Yes,Yes,33.145363,0
33,2034,No,3,9,Yes,No,32.940197,2038
16,2036,No,3,9,Yes,Yes,24.998144,0
28,2034,No,3,8,No,Yes,29.226259,0
11,2037,No,7,10,Yes,Yes,21.699778,0
4,2040,No,5,9,No,Yes,28.826284,0
1,2039,Yes,6,9,No,No,23.359085,2034
3,2034,Yes,5,13,No,Yes,31.159624,2034
30,2034,No,6,9,Yes,No,29.126816,0
21,2038,No,4,19,Yes,Yes,29.044813,0
21,2039,No,4,9,No,Yes,18.181091,0
13,2034,No,3,9,No,Yes,30.98745,0
37,2039,Yes,6,11,No,No,34.067383,2036
30,2037,No,6,11,Yes,Yes,17.150543,0
38,2032,No,7,10,No,No,13.842183,2036
38,2037,Yes,7,9,No,Yes,19.260601,2036
33,2036,No,3,10,Yes,Yes,22.139229,2038
40,2037,Yes,4,10,No,No,28.752981,2036
11,2033,No,7,11,No,Yes,20.579615,0
20,2038,No,4,11,Yes,Yes,29.481089,0
18,2035,No,5,9,No,No,20.590801,0
2,2033,No,6,8,Yes,Yes,28.349566,2034
36,2039,Yes,3,10,Yes,No,29.331976,2036
19,2039,No,5,17,No,Yes,18.694618,0
30,2039,No,6,12,No,Yes,21.444227,0
36,2040,Yes,3,11,No,No,21.320049,2036
30,2040,No,6,12,Yes,Yes,20.444443,0
7,2039,No,5,14,No,Yes,29.77541,0
33,2035,No,3,9,Yes,Yes,30.577129,2038
9,2039,No,3,10,Yes,Yes,29.257183,0
6,2040,No,6,4,No,Yes,28.950754,0
31,2036,No,3,7,Yes,Yes,34.393761,2038
35,2040,Yes,3,9,No,Yes,15.843617,2038
40,2038,Yes,4,18,Yes,Yes,26.816765,2036
27,2040,No,6,9,No,Yes,22.140087,0
4,2033,No,5,9,Yes,Yes,25.610874,0
6,2036,No,6,9,Yes,No,27.583448,0
15,2040,No,5,9,Yes,Yes,22.594326,0
34,2037,No,3,9,No,Yes,31.069115,2038
20,2040,No,4,10,Yes,Yes,26.15756,0
38,2036,Yes,7,13,Yes,No,25.028473,2036
25,2033,No,5,11,Yes,Yes,21.731918,0
34,2039,Yes,3,12,Yes,Yes,28.541443,2038
12,2038,No,5,11,Yes,No,26.009201,0
30,2033,No,6,7,Yes,Yes,18.005262,0
22,2038,No,5,12,No,No,35.162235,0
9,2038,No,3,9,No,Yes,24.265589,0
36,2038,Yes,3,10,No,Yes,18.393965,2036
3,2036,Yes,5,12,Yes,Yes,27.362844,2034
36,2036,Yes,3,8,Yes,Yes,28.398214,2036
30,2037,No,6,9,Yes,Yes,19.336262,0
17,2039,No,6,9,Yes,No,31.956827,0
6,2032,No,6,7,Yes,Yes,21.885889,0
1,2032,No,6,11,Yes,No,31.065599,2034
34,2032,No,3,9,No,No,17.938894,2038
20,2037,No,4,8,No,Yes,32.829247,0
33,2033,No,3,9,No,Yes,19.382969,2038
30,2038,No,6,10,Yes,No,30.337116,0
32,2035,No,3,9,No,Yes,25.641886,2038
9,2037,No,3,11,Yes,Yes,24.555199,0
1,2034,Yes,6,9,No,No,28.546932,2034
12,2039,No,5,8,Yes,Yes,23.959606,0
12,2037,No,5,9,Yes,No,27.737707,0
5,2032,No,4,11,Yes,Yes,31.191734,0
31,2038,Yes,3,5,No,No,17.127819,2038
1,2039,Yes,6,9,No,Yes,24.148127,2034
39,2035,No,6,9,Yes,No,30.372108,2036
27,2034,No,6,9,No,No,29.255257,0
36,2032,No,3,8,Yes,Yes,32.959614,2036
13,2040,No,3,9,Yes,No,30.164738,0
21,2039,No,4,9,No,No,22.676279,0
15,2038,No,5,8,No,Yes,27.016153,0
25,2037,No,5,10,No,No,30.662146,0
1,2037,Yes,6,11,Yes,Yes,23.291952,2034
33,2038,Yes,3,9,No,Yes,22.340693,2038
40,2037,Yes,4,9,Yes,Yes,28.442276,2036
30,2040,No,6,9,Yes,No,33.227932,0
26,2033,No,4,9,No,Yes,19.804884,0
8,2032,No,4,13,Yes,No,23.737869,0
23,2032,No,2,9,No,No,22.113813,0
14,2034,No,5,9,No,Yes,30.633057,0
38,2038,Yes,7,12,Yes,No,22.450377,2036
24,2036,No,5,9,No,No,25.742039,0
40,2034,No,4,11,No,Yes,27.387783,2036
31,2035,No,3,12,No,No,33.750099,2038
4,2036,No,5,9,Yes,Yes,36.232521,0
33,2032,No,3,7,Yes,No,17.777895,2038
27,2039,No,6,9,Yes,Yes,24.370485,0
5,2035,No,4,9,Yes,Yes,17.852697,0
12,2037,No,5,10,No,No,25.537649,0
30,2037,No,6,12,No,Yes,24.206011,0
23,2038,No,2,10,No,No,25.887259,0
35,2038,Yes,3,9,Yes,Yes,23.263998,2038
12,2032,No,5,9,Yes,No,30.713818,0
12,2032,No,5,9,Yes,Yes,25.959824,0
25,2039,No,5,11,No,Yes,21.606789,0
9,2032,No,3,9,Yes,Yes,28.071182,0
23,2036,No,2,14,Yes,Yes,20.959578,0
23,2036,No,2,9,Yes,Yes,24.477858,0
15,2040,No,5,8,Yes,Yes,20.457478,0
8,2040,No,4,9,No,Yes,30.73406,0
24,2039,No,5,10,Yes,Yes,17.754074,0
1,2032,No,6,8,Yes,No,22.131725,2034
13,2040,No,3,9,Yes,Yes,22.707811,0
31,2032,No,3,7,Yes,No,25.329334,2038
32,2037,No,3,9,Yes,No,24.344187,2038
3,2037,Yes,5,16,No,Yes,17.649982,2034
34,2035,No,3,9,Yes,Yes,25.951632,2038
15,2034,No,5,11,No,No,15.021227,0
33,2037,No,3,9,No,Yes,17.376595,2038
23,2038,No,2,9,Yes,Yes,29.583616,0
25,2038,No,5,9,No,Yes,23.411144,0
32,2035,No,3,9,No,Yes,23.39039,2038
38,2032,No,7,12,No,Yes,18.670895,2036
35,2038,Yes,3,9,No,Yes,23.665678,2038
40,2034,No,4,10,Yes,No,25.214651,2036
13,2035,No,3,10,Yes,No,36.986191,0
39,2037,Yes,6,8,Yes,No,18.560228,2036
22,2036,No,5,9,No,Yes,18.944504,0
37,2036,Yes,6,9,Yes,No,21.119368,2036
31,2039,Yes,3,9,Yes,Yes,30.137365,2038
3,2032,No,5,8,Yes,Yes,23.684967,2034
32,2040,Yes,3,9,No,Yes,29.279119,2038
5,2039,No,4,11,Yes,Yes,22.407124,0
4,2038,No,5,12,No,Yes,28.419252,0
25,2033,No,5,9,Yes,No,25.880207,0
14,2034,No,5,9,Yes,Yes,29.808157,0
7,2037,No,5,11,Yes,Yes,22.616928,0
2,2039,Yes,6,8,Yes,Yes,25.236973,2034
10,2036,No,6,11,Yes,Yes,18.654633,0
21,2033,No,4,9,No,Yes,33.896908,0
29,2034,No,3,13,No,Yes,26.778675,0
14,2040,No,5,9,Yes,No,23.202236,0
18,2037,No,5,9,Yes,Yes,27.999462,0
15,2038,No,5,9,Yes,Yes,21.221634,0
35,2034,No,3,12,Yes,Yes,20.752726,2038
9,2037,No,3,9,No,Yes,30.600658,0
14,2040,No,5,9,No,Yes,28.464672,0
39,2037,Yes,6,7,No,No,26.209932,2036
24,2035,No,5,12,No,Yes,30.150759,0
1,2039,Yes,6,9,No,Yes,21.427269,2034
22,2040,No,5,10,Yes,Yes,26.61199,0
12,2040,No,5,9,No,No,32.714821,0
11,2035,No,7,9,No,No,26.259298,0
15,2040,No,5,9,No,Yes,21.341949,0
35,2038,Yes,3,12,No,Yes,25.75182,2038
31,2035,No,3,11,No,Yes,34.28677,2038
17,2035,No,6,11,No,Yes,22.325373,0
10,2034,No,6,11,No,Yes,27.610123,0
14,2034,No,5,10,No,No,30.985271,0
30,2035,No,6,9,Yes,Yes,29.120878,0
19,2036,No,5,9,No,Yes,19.06642,0
39,2037,Yes,6,14,Yes,Yes,28.415033,2036
9,2039,No,3,9,Yes,No,33.78096,0
18,2040,No,5,10,No,Yes,28.512281,0
37,2033,No,6,13,No,No,26.063795,2036
26,2035,No,4,8,No,No,27.74729,0
2,2038,Yes,6,11,No,Yes,24.629993,2034
33,2040,Yes,3,14,Yes,No,20.943703,2038
20,2034,No,4,9,Yes,No,25.774553,0
31,2037,No,3,9,Yes,No,28.573141,2038
28,2039,No,3,8,No,No,19.742716,0
8,2033,No,4,9,No,Yes,30.769669,0
10,2033,No,6,10,Yes,Yes,19.494085,0
14,2037,No,5,13,No,Yes,32.975426,0
22,2036,No,5,9,No,Yes,23.468315,0
11,2032,No,7,12,No,No,31.006598,0
17,2032,No,6,9,No,Yes,20.322226,0
28,2039,No,3,9,Yes,Yes,27.429293,0
26,2034,No,4,9,No,Yes,27.896976,0
18,2036,No,5,9,No,No,30.447012,0
25,2032,No,5,13,Yes,Yes,20.765585,0
21,2036,No,4,9,No,No,21.061426,0
18,2039,No,5,9,No,No,27.189775,0
39,2039,Yes,6,12,Yes,Yes,21.128107,2036
2,2038,Yes,6,9,No,Yes,16.193245,2034
14,2033,No,5,10,Yes,No,34.269596,0
21,2032,No,4,10,Yes,Yes,16.043026,0
13,2036,No,3,9,Yes,Yes,32.774601,0
1,2034,Yes,6,9,Yes,Yes,18.339012,2034
11,2033,No,7,12,Yes,No,21.225443,0
18,2032,No,5,9,No,Yes,27.849636,0
8,2037,No,4,12,No,Yes,19.174656,0
15,2033,No,5,12,No,Yes,18.633703,0
26,2033,No,4,9,No,Yes,22.762241,0
3,2038,Yes,5,11,No,No,23.550943,2034
7,2036,No,5,10,Yes,Yes,36.640377,0
21,2039,No,4,9,Yes,Yes,18.034748,0
14,2036,No,5,12,No,Yes,18.725386,0
37,2035,No,6,13,No,Yes,19.635303,2036
9,2036,No,3,9,Yes,No,26.101681,0
40,2036,Yes,4,13,No,Yes,13.435457,2036
5,2038,No,4,8,Yes,Yes,25.466684,0
26,2036,No,4,9,Yes,Yes,28.747776,0
28,2038,No,3,8,No,No,33.584511,0
26,2033,No,4,8,Yes,Yes,27.251526,0
38,2033,No,7,0,Yes,No,24.64864,2036
19,2034,No,5,9,No,Yes,18.82011,0
9,2032,No,3,14,Yes,Yes,32.043118,0
26,2040,No,4,9,No,Yes,19.538635,0
37,2040,Yes,6,9,No,Yes,19.176287,2036
22,2034,No,5,10,Yes,Yes,21.214436,0
37,2033,No,6,8,No,No,26.750006,2036
5,2037,No,4,11,Yes,No,21.820005,0
38,2036,Yes,7,8,No,Yes,18.53895,2036
14,2038,No,5,9,Yes,Yes,21.875067,0
18,2034,No,5,18,Yes,No,24.454935,0
31,2037,No,3,10,No,Yes,32.726414,2038
21,2034,No,4,0,Yes,Yes,26.222523,0
23,2039,No,2,9,No,Yes,29.136433,0
10,2035,No,6,11,Yes,Yes,26.087557,0
12,2038,No,5,14,Yes,Yes,29.484585,0
2,2035,Yes,6,10,Yes,No,26.79282,2034
31,2032,No,3,12,Yes,Yes,32.199123,2038
26,2034,No,4,13,No,No,24.204222,0
4,2036,No,5,9,Yes,Yes,29.423803,0
5,2034,No,4,13,Yes,Yes,15.552604,0
32,2037,No,3,9,Yes,Yes,17.384356,2038
30,2036,No,6,8,Yes,Yes,30.309151,0
20,2034,No,4,9,Yes,Yes,23.975574,0
4,2035,No,5,10,Yes,No,27.872326,0
38,2033,No,7,11,Yes,Yes,27.135653,2036
5,2032,No,4,9,Yes,Yes,28.017303,0
9,2035,No,3,10,No,Yes,20.623766,0
15,2037,No,5,9,No,No,21.372126,0
37,2033,No,6,10,Yes,No,22.722878,2036
28,2032,No,3,9,No,No,20.89884,0
23,2034,No,2,8,Yes,Yes,18.337748,0
18,2039,No,5,10,No,Yes,32.482616,0
40,2039,Yes,4,13,No,Yes,31.123158,2036
29,2040,No,3,10,Yes,Yes,24.75178,0
7,2035,No,5,12,No,Yes,31.930094,0
40,2039,Yes,4,8,No,Yes,17.700068,2036
39,2037,Yes,6,9,Yes,Yes,21.497068,2036
4,2039,No,5,10,Yes,No,25.702679,0
2,2034,Yes,6,10,Yes,No,27.338091,2034
13,2038,No,3,11,Yes,Yes,24.350666,0
38,2033,No,7,12,Yes,Yes,33.517899,2036
26,2032,No,4,10,Yes,Yes,17.679724,0
4,2035,No,5,18,Yes,Yes,25.662218,0
3,2037,Yes,5,15,Yes,Yes,14.566335,2034
7,2039,No,5,8,Yes,Yes,27.187136,0
18,2038,No,5,0,Yes,No,24.060574,0
24,2040,No,5,10,Yes,Yes,29.878117,0
24,2035,No,5,17,No,Yes,23.056747,0
21,2038,No,4,8,Yes,Yes,27.786209,0
6,2037,No,6,0,Yes,Yes,23.045668,0
38,2034,No,7,9,Yes,Yes,33.328014,2036
29,2035,No,3,8,No,Yes,28.867212,0
36,2033,No,3,11,No,Yes,28.753647,2036
36,2037,Yes,3,8,Yes,No,22.240076,2036
21,2036,No,4,12,No,No,23.390062,0
34,2035,No,3,10,Yes,Yes,33.003792,2038
9,2032,No,3,7,Yes,Yes,22.44437,0
3,2034,Yes,5,9,Yes,Yes,21.013016,2034
8,2038,No,4,9,No,Yes,26.400005,0
30,2032,No,6,8,No,No,17.430887,0
25,2036,No,5,10,No,Yes,17.790546,0
30,2032,No,6,10,Yes,Yes,29.782614,0
28,2033,No,3,10,Yes,Yes,16.725882,0
17,2038,No,6,9,Yes,No,23.927715,0
29,2034,No,3,9,Yes,Yes,27.468388,0
15,2035,No,5,13,No,No,22.512339,0
28,2036,No,3,9,Yes,No,24.012611,0
14,2039,No,5,9,Yes,Yes,19.988247,0
10,2032,No,6,9,Yes,Yes,21.044952,0
21,2032,No,4,8,No,Yes,28.468645,0
3,2035,Yes,5,12,Yes,Yes,17.70443,2034
17,2036,No,6,10,No,Yes,22.531494,0
5,2032,No,4,9,No,Yes,23.72286,0
40,2035,No,4,9,Yes,No,32.698189,2036
26,2037,No,4,8,Yes,Yes,22.638212,0
38,2040,Yes,7,9,No,Yes,20.998161,2036
36,2034,No,3,10,No,No,28.608189,2036
9,2033,No,3,11,No,No,21.882063,0
3,2040,Yes,5,10,Yes,Yes,28.259537,2034
38,2036,Yes,7,16,No,Yes,28.44239,2036
7,2038,No,5,8,No,Yes,22.318113,0
18,2033,No,5,11,Yes,Yes,19.348492,0
32,2032,No,3,10,Yes,Yes,21.463701,2038
40,2035,No,4,9,Yes,Yes,29.338989,2036
11,2032,No,7,10,No,Yes,31.985538,0
35,2032,No,3,11,No,No,23.494732,2038
34,2034,No,3,0,No,Yes,25.542036,2038
9,2033,No,3,11,Yes,Yes,26.949444,0
1,2032,No,6,9,Yes,Yes,19.959831,2034
33,2037,No,3,9,Yes,No,25.798306,2038
31,2037,No,3,10,Yes,Yes,22.371025,2038
27,2040,No,6,10,No,No,30.694712,0
26,2033,No,4,17,Yes,Yes,27.256565,0
11,2039,No,7,9,Yes,No,23.322399,0
10,2037,No,6,11,No,No,25.751518,0
30,2035,No,6,7,Yes,Yes,27.428581,0
18,2040,No,5,19,Yes,Yes,32.655392,0
10,2040,No,6,15,Yes,Yes,24.703367,0
11,2037,No,7,15,No,Yes,18.161804,0
6,2034,No,6,9,Yes,Yes,27.95056,0
3,2032,No,5,8,No,No,32.715885,2034
13,2035,No,3,10,Yes,Yes,19.653103,0
34,2038,Yes,3,9,No,No,18.968395,2038
17,2032,No,6,12,No,No,30.958128,0
24,2040,No,5,9,Yes,Yes,28.924229,0
18,2034,No,5,10,No,Yes,24.488983,0
31,2034,No,3,9,Yes,Yes,33.430538,2038
32,2033,No,3,8,Yes,No,22.417767,2038
34,2036,No,3,8,Yes,No,27.710146,2038
22,2039,No,5,9,Yes,Yes,33.166294,0
27,2038,No,6,8,No,Yes,19.99947,0
21,2035,No,4,10,No,Yes,24.770988,0
34,2034,No,3,15,No,Yes,27.702419,2038
17,2040,No,6,9,Yes,Yes,24.600216,0
30,2033,No,6,11,Yes,Yes,21.991535,0
14,2035,No,5,9,Yes,Yes,28.015387,0
35,2035,No,3,12,Yes,Yes,19.848999,2038
35,2037,No,3,9,No,Yes,25.1805,2038
13,2039,No,3,8,No,Yes,29.822363,0
18,2035,No,5,9,Yes,Yes,30.08287,0
17,2040,No,6,9,Yes,Yes,30.251242,0
38,2034,No,7,9,No,No,20.822945,2036
10,2032,No,6,9,No,No,16.472141,0
33,2038,Yes,3,9,No,No,17.679285,2038
31,2037,No,3,1,Yes,Yes,21.628887,2038
37,2036,Yes,6,9,Yes,Yes,18.659245,2036
12,2040,No,5,12,No,Yes,25.722391,0
11,2040,No,7,9,Yes,Yes,24.965874,0
38,2034,No,7,11,Yes,No,20.129372,2036
1,2036,Yes,6,8,Yes,Yes,20.532845,2034
3,2033,No,5,0,Yes,Yes,31.364853,2034
15,2038,No,5,9,No,No,24.7197,0
23,2034,No,2,12,Yes,No,24.645061,0
1,2037,Yes,6,9,No,Yes,20.720997,2034
10,2037,No,6,10,Yes,Yes,35.062321,0
39,2034,No,6,9,No,Yes,23.450996,2036
37,2034,No,6,8,Yes,Yes,25.701645,2036
24,2039,No,5,9,No,Yes,31.683245,0
15,2040,No,5,10,Yes,No,20.25429,0
28,2038,No,3,11,No,Yes,29.04122,0
25,2038,No,5,11,No,Yes,27.630339,0
8,2034,No,4,12,No,No,18.396194,0
4,2040,No,5,9,No,Yes,19.85754,0
40,2032,No,4,13,Yes,Yes,21.19655,2036
4,2037,No,5,9,No,No,28.756037,0
33,2036,No,3,13,Yes,No,32.045135,2038
8,2037,No,4,10,Yes,No,27.896975,0
4,2037,No,5,11,Yes,Yes,30.68627,0
31,2034,No,3,12,Yes,Yes,33.402126,2038
18,2039,No,5,12,No,Yes,19.702232,0
16,2036,No,3,11,No,Yes,29.669004,0
31,2035,No,3,9,Yes,Yes,30.953867,2038
24,2033,No,5,9,No,No,30.342754,0
30,2037,No,6,13,No,No,23.198709,0
12,2036,No,5,8,No,Yes,22.071396,0
31,2036,No,3,11,No,No,24.773287,2038
19,2039,No,5,0,Yes,Yes,28.465763,0
1,2036,Yes,6,9,No,Yes,19.920992,2034
27,2039,No,6,13,No,No,27.768543,0
20,2033,No,4,7,No,Yes,25.567728,0
3,2032,No,5,9,No,Yes,21.67724,2034
1,2036,Yes,6,9,Yes,Yes,22.053297,2034
14,2038,No,5,8,No,No,30.689648,0
25,2034,No,5,10,No,No,25.922745,0
36,2037,Yes,3,8,Yes,No,16.814878,2036
22,2035,No,5,7,No,No,21.712858,0
21,2035,No,4,8,No,Yes,19.102962,0
8,2036,No,4,9,Yes,Yes,31.504251,0
18,2033,No,5,9,No,Yes,31.969267,0
23,2036,No,2,10,No,No,24.619875,0
16,2039,No,3,10,No,No,26.268707,0
2,2038,Yes,6,19,No,No,24.200718,2034
13,2033,No,3,7,Yes,Yes,22.547829,0
13,2033,No,3,9,No,No,30.995779,0
15,2033,No,5,12,No,Yes,23.698059,0
26,2038,No,4,11,Yes,No,24.769629,0
15,2033,No,5,18,Yes,No,16.998795,0
38,2034,No,7,11,No,Yes,32.926308,2036
4,2036,No,5,8,Yes,Yes,33.221859,0
5,2040,No,4,10,Yes,No,25.243292,0
19,2036,No,5,11,Yes,Yes,30.666353,0
32,2034,No,3,11,Yes,Yes,29.275833,2038
25,2040,No,5,9,Yes,Yes,31.088814,0
6,2035,No,6,0,No,Yes,25.974003,0
8,2040,No,4,8,No,No,28.856268,0
31,2032,No,3,9,Yes,Yes,25.83354,2038
9,2039,No,3,9,Yes,Yes,30.475668,0
28,2038,No,3,9,No,Yes,29.81827,0
13,2035,No,3,8,No,No,23.764898,0
7,2034,No,5,16,No,Yes,29.404444,0
14,2037,No,5,9,No,No,33.292252,0
37,2039,Yes,6,9,No,Yes,30.350708,2036
33,2033,No,3,7,No,Yes,21.174593,2038
10,2038,No,6,9,Yes,Yes,30.946648,0
7,2033,No,5,10,No,No,20.454,0
19,2035,No,5,9,Yes,No,20.368151,0
24,2037,No,5,9,Yes,Yes,19.937445,0
36,2033,No,3,8,Yes,No,31.637747,2036
16,2035,No,3,10,No,Yes,21.096407,0
3,2036,Yes,5,9,No,Yes,19.335161,2034
39,2036,Yes,6,19,Yes,Yes,19.360846,2036
13,2037,No,3,7,No,No,33.814121,0
37,2040,Yes,6,10,No,No,29.55154,2036
29,2034,No,3,10,Yes,Yes,21.632206,0
17,2035,No,6,9,Yes,Yes,20.823214,0
3,2036,Yes,5,10,No,Yes,27.13851,2034
29,2032,No,3,9,Yes,Yes,31.892405,0
33,2035,No,3,10,Yes,Yes,32.358089,2038
36,2034,No,3,9,Yes,No,33.70092,2036
7,2034,No,5,9,Yes,No,22.46459,0
1,2039,Yes,6,19,No,No,24.530169,2034
40,2035,No,4,7,Yes,Yes,30.428574,2036
2,2040,Yes,6,8,No,Yes,17.695387,2034
34,2034,No,3,7,Yes,Yes,33.635181,2038
20,2040,No,4,13,No,Yes,23.667501,0
17,2035,No,6,9,No,No,23.243662,0
31,2037,No,3,13,No,No,27.210752,2038
34,2038,Yes,3,12,Yes,No,21.827438,2038
5,2032,No,4,12,Yes,Yes,19.109613,0
26,2032,No,4,9,Yes,Yes,36.335209,0
38,2038,Yes,7,11,No,Yes,14.48982,2036
18,2034,No,5,9,Yes,Yes,23.060726,0
9,2040,No,3,9,No,Yes,26.51565,0
6,2033,No,6,10,Yes,No,24.231283,0
8,2032,No,4,8,Yes,Yes,17.416754,0
23,2040,No,2,10,No,Yes,26.415901,0
9,2033,No,3,9,No,Yes,33.023792,0
13,2032,No,3,14,Yes,Yes,19.48163,0
24,2032,No,5,10,No,Yes,17.238041,0
32,2038,Yes,3,19,Yes,Yes,23.721935,2038
23,2039,No,2,10,No,Yes,29.064814,0
31,2034,No,3,8,No,Yes,33.495632,2038
23,2033,No,2,9,Yes,No,32.26841,0
36,2039,Yes,3,12,No,No,27.249226,2036
16,2032,No,3,9,No,Yes,23.475601,0
27,2040,No,6,8,No,No,33.156284,0
18,2039,No,5,12,Yes,Yes,25.19314,0
11,2037,No,7,11,Yes,No,24.661345,0
23,2037,No,2,9,No,Yes,18.962681,0
8,2032,No,4,8,No,No,26.059269,0
36,2037,Yes,3,19,Yes,No,17.288418,2036
1,2040,Yes,6,7,No,Yes,19.628836,2034
11,2033,No,7,13,No,Yes,15.780142,0
9,2034,No,3,9,No,Yes,29.344286,0
33,2037,No,3,9,No,Yes,32.246693,2038
11,2040,No,7,10,No,No,31.643972,0
39,2033,No,6,9,No,Yes,26.385675,2036
38,2040,Yes,7,9,Yes,Yes,25.591265,2036
3,2037,Yes,5,11,Yes,No,24.686438,2034
28,2037,No,3,7,Yes,Yes,16.585888,0
11,2036,No,7,9,Yes,Yes,35.916985,0
19,2040,No,5,8,Yes,Yes,18.08968,0
3,2033,No,5,7,Yes,No,26.850132,2034
26,2035,No,4,7,No,Yes,24.766466,0
35,2038,Yes,3,7,Yes,Yes,15.064831,2038
2,2034,Yes,6,8,Yes,Yes,21.748886,2034
38,2036,Yes,7,10,Yes,Yes,19.48097,2036
32,2032,No,3,12,Yes,Yes,26.274042,2038
37,2034,No,6,13,No,Yes,31.716967,2036
29,2033,No,3,12,Yes,No,32.747528,0
38,2034,No,7,12,Yes,Yes,23.219412,2036
39,2038,Yes,6,12,Yes,Yes,14.655685,2036
17,2039,No,6,8,Yes,Yes,26.512068,0
37,2036,Yes,6,13,Yes,No,32.220585,2036
1,2035,Yes,6,10,No,Yes,16.984663,2034
25,2032,No,5,19,No,Yes,15.540916,0
12,2036,No,5,9,Yes,Yes,29.634008,0
40,2035,No,4,9,Yes,Yes,25.712418,2036
9,2036,No,3,8,No,No,30.452524,0
3,2035,Yes,5,9,Yes,Yes,18.800858,2034
11,2038,No,7,10,Yes,No,29.605774,0
31,2038,Yes,3,13,Yes,Yes,25.157055,2038
36,2036,Yes,3,9,Yes,Yes,29.08729,2036
14,2035,No,5,9,Yes,No,33.246338,0
32,2039,Yes,3,12,No,No,25.206879,2038
1,2032,No,6,0,Yes,Yes,35.347397,2034
8,2032,No,4,11,No,Yes,24.409462,0
23,2038,No,2,10,No,No,23.91156,0
9,2035,No,3,9,Yes,No,31.891254,0
18,2036,No,5,10,Yes,No,19.33456,0
22,2039,No,5,12,No,Yes,20.582382,0
31,2032,No,3,9,Yes,Yes,33.418972,2038
17,2037,No,6,10,No,No,21.830931,0
7,2035,No,5,9,No,Yes,28.488691,0
38,2039,Yes,7,12,No,No,33.193054,2036
11,2035,No,7,8,Yes,Yes,30.91984,0
13,2040,No,3,8,No,Yes,21.186462,0
38,2040,Yes,7,8,No,No,31.002851,2036
29,2038,No,3,10,Yes,Yes,32.915096,0
25,2038,No,5,9,Yes,No,27.126965,0
4,2036,No,5,9,Yes,Yes,31.838789,0
8,2040,No,4,9,Yes,No,30.258188,0
18,2034,No,5,8,No,Yes,22.708948,0
29,2033,No,3,9,No,Yes,24.607349,0
34,2039,Yes,3,9,Yes,No,21.902554,2038
19,2034,No,5,8,Yes,No,24.733719,0
17,2040,No,6,9,No,Yes,19.863453,0
11,2032,No,7,11,No,No,23.627953,0
37,2037,Yes,6,8,Yes,Yes,16.352097,2036
24,2034,No,5,9,Yes,Yes,28.312452,0
32,2038,Yes,3,9,No,Yes,24.155844,2038
40,2038,Yes,4,9,No,No,23.232393,2036
12,2034,No,5,9,No,Yes,17.805523,0
5,2032,No,4,7,No,Yes,27.219797,0
5,2035,No,4,11,No,Yes,23.948196,0
2,2040,Yes,6,9,Yes,Yes,22.473497,2034
15,2037,No,5,9,Yes,No,33.543514,0
36,2040,Yes,3,9,No,No,20.505001,2036
4,2040,No,5,9,Yes,Yes,22.959948,0
7,2036,No,5,8,Yes,Yes,31.542076,0
2,2039,Yes,6,9,No,Yes,27.067852,2034
10,2036,No,6,18,Yes,Yes,21.974312,0
26,2034,No,4,7,No,Yes,26.057684,0
25,2033,No,5,11,Yes,Yes,22.26063,0
27,2033,No,6,7,Yes,No,32.523781,0
25,2032,No,5,10,No,Yes,32.62785,0
29,2035,No,3,15,Yes,No,26.416178,0
40,2033,No,4,13,Yes,No,27.623997,2036
17,2035,No,6,13,Yes,Yes,26.581976,0
6,2038,No,6,9,No,Yes,23.953869,0
28,2035,No,3,10,Yes,No,32.439552,0
15,2037,No,5,9,No,No,28.76466,0
9,2032,No,3,12,No,Yes,25.366083,0
6,2032,No,6,9,No,Yes,19.631834,0
38,2033,No,7,10,No,No,26.597212,2036
10,2036,No,6,11,No,Yes,20.31287,0
22,2032,No,5,9,No,Yes,21.556755,0
5,2034,No,4,13,No,Yes,31.759693,0
15,2038,No,5,15,No,No,24.646688,0
31,2035,No,3,15,Yes,No,23.167288,2038
17,2034,No,6,9,Yes,Yes,31.793018,0
22,2035,No,5,9,No,Yes,26.602192,0
33,2032,No,3,11,Yes,Yes,19.56691,2038
24,2038,No,5,9,No,Yes,25.675005,0
24,2038,No,5,9,No,Yes,31.459627,0
11,2033,No,7,5,Yes,No,27.463036,0
15,2034,No,5,9,No,No,28.711697,0
4,2034,No,5,9,Yes,No,27.907131,0
31,2033,No,3,9,No,Yes,15.917521,2038
34,2040,Yes,3,9,No,Yes,28.73753,2038
28,2036,No,3,9,Yes,No,29.03091,0
28,2038,No,3,8,No,No,26.98518,0
35,2035,No,3,9,Yes,No,29.991634,2038
23,2035,No,2,9,Yes,Yes,23.522942,0
7,2034,No,5,18,Yes,Yes,32.838192,0
36,2040,Yes,3,9,No,Yes,24.038757,2036
3,2034,Yes,5,0,Yes,No,21.70303,2034
24,2035,No,5,9,No,Yes,27.257986,0
7,2035,No,5,8,Yes,No,32.889912,0
26,2032,No,4,10,No,Yes,16.817451,0
19,2037,No,5,13,Yes,Yes,23.654671,0
19,2036,No,5,9,No,No,19.286715,0
16,2039,No,3,11,Yes,Yes,29.777601,0
38,2033,No,7,7,No,No,31.16696,2036
15,2040,No,5,8,No,Yes,26.619686,0
8,2033,No,4,8,Yes,Yes,27.44692,0
34,2037,No,3,11,Yes,Yes,25.462076,2038
10,2037,No,6,12,No,Yes,30.488762,0
20,2037,No,4,15,No,Yes,32.803123,0
18,2032,No,5,11,Yes,Yes,29.456114,0
10,2037,No,6,9,Yes,Yes,31.096682,0
6,2035,No,6,14,Yes,No,21.301256,0
20,2037,No,4,9,No,Yes,25.325792,0
24,2039,No,5,9,Yes,Yes,33.025299,0
36,2033,No,3,16,Yes,Yes,31.55551,2036
40,2035,No,4,9,Yes,Yes,29.707434,2036
3,2039,Yes,5,7,Yes,Yes,22.746708,2034
8,2038,No,4,11,Yes,No,32.031277,0
6,2037,No,6,9,Yes,Yes,21.102928,0
15,2039,No,5,8,Yes,No,29.20645,0
13,2038,No,3,9,Yes,Yes,25.671837,0
2,2038,Yes,6,9,Yes,No,19.919241,2034
10,2034,No,6,9,No,Yes,19.506977,0
36,2036,Yes,3,9,No,Yes,19.228395,2036
29,2037,No,3,8,No,No,23.754896,0
5,2033,No,4,10,No,Yes,32.619656,0
6,2039,No,6,10,Yes,No,30.565794,0
16,2033,No,3,9,Yes,Yes,28.73646,0
2,2032,No,6,9,Yes,Yes,23.588654,2034
3,2033,No,5,18,Yes,Yes,29.548084,2034
7,2035,No,5,9,No,Yes,35.520157,0
30,2033,No,6,11,Yes,Yes,27.633974,0
11,2032,No,7,11,No,Yes,17.893343,0
14,2032,No,5,11,No,No,29.080992,0
12,2034,No,5,9,No,Yes,28.847483,0
32,2034,No,3,10,No,Yes,22.631094,2038
26,2037,No,4,14,No,No,25.680323,0
10,2033,No,6,9,No,Yes,21.693714,0
7,2032,No,5,12,Yes,No,21.060965,0
9,2035,No,3,9,No,Yes,33.327171,0
38,2037,Yes,7,9,No,No,28.035412,2036
26,2038,No,4,8,No,Yes,23.081961,0
3,2037,Yes,5,8,Yes,Yes,32.262749,2034
8,2034,No,4,9,No,Yes,31.308537,0
30,2037,No,6,10,No,No,28.901697,0
28,2036,No,3,8,Yes,Yes,23.680452,0
27,2032,No,6,9,Yes,Yes,24.390718,0
21,2040,No,4,9,Yes,Yes,32.503353,0
31,2038,Yes,3,11,Yes,Yes,20.250446,2038
38,2034,No,7,19,No,Yes,25.903049,2036
39,2037,Yes,6,19,Yes,No,14.47224,2036
21,2032,No,4,15,Yes,No,29.788733,0
6,2038,No,6,10,Yes,No,22.47946,0
18,2035,No,5,9,No,Yes,19.434481,0
6,2032,No,6,9,No,No,20.222256,0
11,2037,No,7,10,No,Yes,18.600161,0
32,2037,No,3,13,Yes,No,35.380638,2038
4,2032,No,5,16,Yes,No,20.430164,0
36,2033,No,3,12,No,Yes,27.818712,2036
18,2033,No,5,8,No,Yes,19.225515,0
23,2038,No,2,8,Yes,Yes,30.522951,0
37,2037,Yes,6,9,No,No,16.346741,2036
26,2034,No,4,7,No,Yes,19.54471,0
24,2036,No,5,7,Yes,No,28.206627,0
18,2034,No,5,10,No,No,25.50631,0
23,2034,No,2,17,Yes,No,22.393518,0
13,2034,No,3,8,No,Yes,17.862015,0
16,2038,No,3,9,Yes,Yes,34.212643,0
2,2034,Yes,6,9,No,No,16.759283,2034
29,2034,No,3,9,Yes,Yes,30.601374,0
38,2036,Yes,7,8,No,Yes,24.946747,2036
14,2032,No,5,8,No,Yes,19.584066,0
11,2038,No,7,13,No,Yes,25.219145,0
18,2033,No,5,9,Yes,No,35.548008,0
6,2038,No,6,7,No,Yes,27.235039,0
17,2039,No,6,9,No,Yes,21.676449,0
23,2034,No,2,11,No,Yes,27.989641,0
12,2036,No,5,9,No,No,17.445065,0
39,2032,No,6,7,No,Yes,33.272945,2036
37,2033,No,6,9,No,Yes,31.843853,2036
40,2036,Yes,4,10,Yes,No,16.925426,2036
19,2034,No,5,8,Yes,Yes,34.125843,0
39,2040,Yes,6,9,Yes,No,30.431749,2036
22,2039,No,5,0,No,Yes,23.822018,0
28,2035,No,3,9,No,Yes,15.651183,0
12,2036,No,5,9,No,Yes,30.43841,0
38,2040,Yes,7,9,No,Yes,20.83893,2036
28,2034,No,3,11,No,Yes,28.291611,0
5,2032,No,4,11,No,Yes,26.264881,0
24,2037,No,5,9,Yes,Yes,25.809206,0
10,2037,No,6,15,No,No,31.157867,0
33,2037,No,3,10,No,No,23.356295,2038
23,2040,No,2,9,Yes,Yes,20.824223,0
24,2037,No,5,9,Yes,Yes,27.250443,0
7,2039,No,5,10,Yes,No,20.405436,0
27,2038,No,6,9,No,Yes,21.143414,0
9,2036,No,3,9,Yes,No,25.698544,0
25,2034,No,5,9,Yes,Yes,25.458414,0
16,2040,No,3,14,No,Yes,26.393824,0
12,2038,No,5,14,Yes,Yes,21.0306,0
18,2033,No,5,9,No,Yes,18.137861,0
35,2039,Yes,3,11,No,Yes,22.083984,2038
27,2038,No,6,8,No,Yes,19.906082,0
10,2039,No,6,9,No,Yes,21.593687,0
37,2033,No,6,13,Yes,No,21.532551,2036
2,2034,Yes,6,12,No,Yes,17.667885,2034
31,2035,No,3,8,Yes,Yes,17.623018,2038
23,2033,No,2,9,Yes,No,22.147741,0
10,2039,No,6,9,No,No,30.937111,0
28,2033,No,3,12,Yes,Yes,29.795225,0
39,2032,No,6,9,Yes,Yes,30.888678,2036
24,2034,No,5,9,No,No,17.176935,0
33,2038,Yes,3,9,Yes,No,20.175699,2038
27,2039,No,6,14,No,No,29.917496,0
34,2040,Yes,3,9,Yes,Yes,31.218512,2038
10,2036,No,6,9,Yes,No,26.940699,0
7,2037,No,5,9,Yes,Yes,34.754631,0
3,2039,Yes,5,9,No,No,22.155979,2034
4,2033,No,5,13,Yes,No,34.50629,0
34,2032,No,3,9,No,Yes,32.275291,2038
24,2035,No,5,18,Yes,Yes,24.605423,0
11,2037,No,7,9,No,No,19.673342,0
11,2036,No,7,18,Yes,Yes,30.240124,0
2,2038,Yes,6,8,Yes,Yes,27.151392,2034
21,2037,No,4,9,Yes,No,32.467747,0
25,2037,No,5,11,No,No,31.103815,0
7,2034,No,5,13,No,Yes,21.66404,0
34,2040,Yes,3,9,Yes,Yes,29.210663,2038
20,2039,No,4,7,No,Yes,19.918024,0
10,2039,No,6,9,Yes,Yes,18.869858,0
37,2032,No,6,12,No,No,22.732437,2036
19,2032,No,5,11,No,Yes,31.137617,0
13,2038,No,3,10,No,Yes,22.926895,0
32,2035,No,3,9,Yes,Yes,20.27507,2038
20,2037,No,4,9,Yes,Yes,22.16456,0
27,2034,No,6,8,Yes,No,19.443951,0
31,2035,No,3,8,Yes,No,27.952269,2038
37,2039,Yes,6,11,No,No,27.494305,2036
7,2039,No,5,12,Yes,No,25.033895,0
31,2033,No,3,9,No,No,21.486868,2038
25,2039,No,5,9,No,Yes,25.893988,0
40,2032,No,4,9,Yes,Yes,20.11256,2036
34,2037,No,3,9,No,No,23.082314,2038
15,2034,No,5,9,Yes,No,30.540209,0
2,2034,Yes,6,4,No,Yes,29.972225,2034
35,2040,Yes,3,12,No,Yes,32.458233,2038
20,2038,No,4,9,No,No,29.322992,0
19,2036,No,5,8,No,Yes,34.77446,0
11,2039,No,7,15,Yes,No,22.59243,0
14,2037,No,5,13,Yes,No,32.241493,0
24,2035,No,5,11,No,Yes,20.872499,0
27,2035,No,6,10,Yes,No,17.20322,0
7,2040,No,5,9,Yes,Yes,28.63472,0
11,2033,No,7,7,No,No,30.805338,0
8,2039,No,4,9,No,No,22.703371,0
17,2034,No,6,9,Yes,No,18.520191,0
17,2038,No,6,9,Yes,Yes,17.735489,0
10,2037,No,6,7,No,No,26.51819,0
7,2040,No,5,9,No,Yes,21.215666,0
20,2033,No,4,9,Yes,No,18.633085,0
36,2037,Yes,3,9,Yes,Yes,21.16935,2036
8,2038,No,4,9,Yes,No,22.212824,0
23,2040,No,2,8,No,Yes,28.006624,0
15,2032,No,5,9,Yes,No,34.440514,0
9,2032,No,3,9,Yes,Yes,25.640081,0
6,2033,No,6,9,No,Yes,22.490408,0
28,2037,No,3,9,No,Yes,30.037388,0
13,2032,No,3,9,Yes,No,32.326881,0
26,2037,No,4,9,Yes,No,32.563683,0
29,2035,No,3,9,Yes,Yes,22.340111,0
13,2040,No,3,9,Yes,Yes,25.808615,0
13,2032,No,3,16,No,No,27.362844,0
27,2037,No,6,17,Yes,Yes,22.217377,0
21,2039,No,4,16,Yes,No,21.395493,0
27,2037,No,6,9,Yes,Yes,22.235113,0
2,2032,No,6,9,No,Yes,19.417971,2034
1,2036,Yes,6,10,Yes,Yes,24.415382,2034
4,2033,No,5,11,No,No,32.160717,0
37,2038,Yes,6,9,No,Yes,25.225552,2036
32,2033,No,3,9,Yes,No,25.954975,2038
28,2040,No,3,8,No,No,19.426771,0
19,2032,No,5,9,No,Yes,16.956444,0
1,2037,Yes,6,13,Yes,Yes,16.610521,2034
29,2035,No,3,11,No,No,30.490524,0
9,2038,No,3,10,Yes,Yes,20.474085,0
36,2033,No,3,9,Yes,Yes,29.351393,2036
1,2034,Yes,6,10,No,Yes,23.248859,2034
39,2035,No,6,9,No,No,24.137217,2036
38,2036,Yes,7,9,Yes,Yes,27.304829,2036
34,2034,No,3,9,No,Yes,15.688381,2038
5,2035,No,4,11,No,Yes,18.500622,0
23,2037,No,2,15,Yes,Yes,29.670246,0
13,2036,No,3,10,Yes,Yes,25.233511,0
7,2036,No,5,9,No,Yes,20.530899,0
24,2039,No,5,7,No,Yes,24.344517,0
14,2033,No,5,9,Yes,No,22.353897,0
3,2033,No,5,8,No,Yes,28.244097,2034
31,2035,No,3,9,Yes,Yes,22.972992,2038
10,2034,No,6,9,No,No,20.727667,0
16,2034,No,3,11,Yes,Yes,27.453333,0
38,2040,Yes,7,12,No,Yes,25.457619,2036
19,2038,No,5,11,Yes,Yes,26.316025,0
7,2038,No,5,9,Yes,Yes,30.75605,0
23,2039,No,2,9,No,Yes,21.664743,0
5,2035,No,4,9,No,Yes,31.739618,0
34,2032,No,3,9,Yes,Yes,18.83717,2038
10,2036,No,6,11,No,Yes,19.316658,0
7,2036,No,5,8,No,Yes,29.398968,0
1,2038,Yes,6,13,No,Yes,16.150576,2034
30,2035,No,6,13,Yes,No,29.599619,0
36,2038,Yes,3,14,Yes,Yes,19.406622,2036
10,2033,No,6,10,Yes,Yes,23.614061,0
22,2033,No,5,9,Yes,Yes,20.012653,0
33,2038,Yes,3,10,No,No,28.1057,2038
31,2038,Yes,3,13,No,No,23.647701,2038
37,2036,Yes,6,9,Yes,Yes,22.572166,2036
18,2037,No,5,7,No,Yes,27.511635,0
20,2040,No,4,9,No,No,31.393229,0
5,2033,No,4,9,No,No,22.391079,0
18,2040,No,5,9,No,Yes,26.913319,0
4,2040,No,5,14,No,Yes,23.466385,0
4,2034,No,5,7,No,Yes,17.960047,0
28,2036,No,3,9,No,Yes,27.478874,0
34,2035,No,3,8,No,No,26.356558,2038
6,2039,No,6,10,No,Yes,22.762259,0
39,2039,Yes,6,9,Yes,No,28.886715,2036
18,2038,No,5,19,Yes,Yes,20.395306,0
30,2032,No,6,12,Yes,Yes,24.453466,0
22,2039,No,5,11,No,Yes,27.410555,0
3,2035,Yes,5,12,No,Yes,26.296614,2034
11,2033,No,7,12,Yes,Yes,26.309586,0
39,2039,Yes,6,9,Yes,No,26.603395,2036
11,2035,No,7,10,Yes,Yes,27.115238,0
39,2034,No,6,9,No,Yes,20.935337,2036
14,2032,No,5,8,No,Yes,27.397537,0
16,2032,No,3,12,No,Yes,32.469669,0
5,2039,No,4,8,Yes,Yes,20.61529,0
5,2032,No,4,18,No,No,24.696808,0
34,2035,No,3,10,No,No,29.221672,2038
30,2038,No,6,9,No,No,22.515406,0
27,2039,No,6,17,No,Yes,36.335632,0
8,2037,No,4,18,No,Yes,16.219582,0
34,2032,No,3,12,No,No,30.655262,2038
36,2032,No,3,7,No,Yes,32.048653,2036
23,2035,No,2,16,No,Yes,34.218609,0
24,2037,No,5,9,No,Yes,27.660469,0
35,2037,No,3,7,Yes,Yes,33.93922,2038
19,2035,No,5,13,No,No,24.909061,0
29,2037,No,3,9,No,Yes,19.007835,0
18,2034,No,5,11,Yes,No,29.018316,0
11,2032,No,7,9,No,Yes,28.221041,0
24,2039,No,5,9,No,Yes,25.198011,0
2,2035,Yes,6,11,Yes,Yes,32.275673,2034
39,2034,No,6,9,No,Yes,22.094606,2036
19,2037,No,5,9,Yes,No,26.792492,0
1,2035,Yes,6,11,Yes,Yes,29.486317,2034
19,2039,No,5,9,No,Yes,20.737778,0
26,2032,No,4,9,Yes,Yes,23.626577,0
27,2039,No,6,18,No,No,21.855722,0
13,2040,No,3,11,Yes,No,31.064409,0
36,2033,No,3,10,No,No,26.90877,2036
18,2036,No,5,9,Yes,No,25.048141,0
19,2034,No,5,9,No,Yes,32.297871,0
31,2034,No,3,10,No,No,27.874195,2038
24,2040,No,5,9,No,Yes,29.977365,0
34,2034,No,3,10,No,No,28.710314,2038
40,2035,No,4,8,No,Yes,23.307295,2036
31,2040,Yes,3,11,No,Yes,25.493404,2038
12,2040,No,5,10,No,No,29.55608,0
20,2032,No,4,3,No,Yes,17.426819,0
12,2035,No,5,7,No,Yes,25.197264,0
27,2035,No,6,11,No,Yes,23.180317,0
35,2039,Yes,3,9,Yes,Yes,28.746716,2038
36,2037,Yes,3,10,Yes,Yes,18.544838,2036
38,2033,No,7,15,No,Yes,18.03233,2036
2,2038,Yes,6,8,Yes,Yes,30.659161,2034
10,2037,No,6,11,Yes,Yes,33.92815,0
21,2035,No,4,8,Yes,Yes,19.526663,0
31,2032,No,3,9,No,Yes,17.483685,2038
28,2039,No,3,9,Yes,Yes,31.547907,0
24,2032,No,5,19,Yes,No,17.817408,0
1,2033,No,6,9,No,No,16.797127,2034
11,2040,No,7,9,No,No,19.130325,0
38,2033,No,7,7,No,No,21.627918,2036
35,2039,Yes,3,11,No,No,13.617631,2038
27,2035,No,6,9,No,Yes,29.508196,0
31,2034,No,3,11,No,Yes,23.015896,2038
14,2037,No,5,9,Yes,Yes,18.178946,0
40,2039,Yes,4,9,Yes,Yes,34.763584,2036
22,2037,No,5,11,No,Yes,18.050089,0
31,2032,No,3,9,Yes,No,19.943874,2038
38,2039,Yes,7,12,No,Yes,19.166372,2036
21,2034,No,4,9,No,Yes,29.273436,0
20,2038,No,4,9,No,Yes,19.63154,0
37,2032,No,6,11,Yes,Yes,24.964647,2036
24,2033,No,5,9,No,Yes,22.575581,0
9,2039,No,3,8,Yes,Yes,28.633993,0
27,2032,No,6,9,No,Yes,30.936255,0
4,2040,No,5,8,Yes,Yes,26.072189,0
24,2036,No,5,11,No,No,26.149137,0
20,2035,No,4,9,No,No,22.356216,0
22,2036,No,5,9,Yes,Yes,27.048952,0
40,2036,Yes,4,11,No,No,16.26853,2036
23,2033,No,2,9,Yes,Yes,25.4167,0
33,2036,No,3,9,Yes,No,25.769915,2038
40,2039,Yes,4,9,Yes,Yes,18.363478,2036
22,2033,No,5,9,Yes,Yes,32.603004,0
21,2039,No,4,9,No,Yes,24.339476,0
39,2036,Yes,6,7,Yes,No,28.604067,2036
14,2040,No,5,8,Yes,No,25.311941,0
37,2035,No,6,7,Yes,No,33.359741,2036
2,2034,Yes,6,8,Yes,Yes,30.877232,2034
27,2032,No,6,9,Yes,No,27.004061,0
32,2037,No,3,14,Yes,Yes,32.515495,2038
21,2039,No,4,12,Yes,Yes,32.793686,0
7,2038,No,5,19,Yes,No,27.524969,0
6,2037,No,6,9,Yes,Yes,30.305958,0
38,2037,Yes,7,9,No,No,22.962984,2036
9,2040,No,3,9,No,Yes,30.147312,0
4,2039,No,5,13,Yes,Yes,22.077841,0
37,2032,No,6,12,No,Yes,29.565453,2036
6,2040,No,6,8,No,Yes,25.558582,0
38,2037,Yes,7,9,Yes,Yes,23.910797,2036
21,2036,No,4,11,No,Yes,22.805222,0
37,2035,No,6,10,No,Yes,21.822462,2036
38,2036,Yes,7,9,Yes,Yes,29.326509,2036
4,2036,No,5,11,No,No,30.673702,0
39,2032,No,6,11,Yes,Yes,35.418964,2036
2,2036,Yes,6,17,Yes,No,21.709978,2034
38,2038,Yes,7,9,Yes,No,21.504471,2036
12,2032,No,5,11,No,Yes,20.682949,0
40,2037,Yes,4,11,Yes,Yes,26.739021,2036
36,2034,No,3,19,No,Yes,19.749649,2036
18,2032,No,5,9,No,Yes,23.682617,0
3,2039,Yes,5,19,Yes,Yes,23.479811,2034
32,2036,No,3,9,No,No,31.591988,2038
36,2032,No,3,9,No,Yes,29.091991,2036
37,2037,Yes,6,10,No,Yes,18.246984,2036
10,2033,No,6,8,Yes,Yes,31.230392,0
7,2035,No,5,19,No,No,25.575788,0
9,2036,No,3,17,Yes,No,30.076065,0
18,2034,No,5,7,Yes,Yes,21.204979,0
2,2038,Yes,6,9,No,Yes,16.308514,2034
8,2040,No,4,13,No,Yes,22.869913,0
29,2035,No,3,11,No,Yes,29.617668,0
5,2032,No,4,9,Yes,Yes,26.455185,0
2,2035,Yes,6,9,No,Yes,25.048649,2034
9,2035,No,3,11,Yes,No,30.324566,0
22,2032,No,5,9,Yes,No,30.515694,0
15,2037,No,5,2,Yes,Yes,24.00296,0
5,2033,No,4,9,Yes,Yes,25.768833,0
10,2039,No,6,9,No,Yes,13.890584,0
6,2034,No,6,9,Yes,Yes,25.522158,0
29,2034,No,3,12,No,Yes,30.802813,0
15,2039,No,5,11,Yes,Yes,29.764803,0
19,2035,No,5,13,Yes,Yes,18.744926,0
20,2035,No,4,9,No,Yes,21.702911,0
38,2040,Yes,7,13,No,No,28.156816,2036
13,2037,No,3,8,No,No,20.797108,0
37,2038,Yes,6,10,Yes,Yes,20.728502,2036
16,2038,No,3,8,Yes,No,25.079571,0
3,2035,Yes,5,9,No,Yes,19.242018,2034
18,2032,No,5,9,Yes,Yes,30.88596,0
40,2036,Yes,4,19,Yes,Yes,20.118704,2036
27,2037,No,6,12,Yes,No,17.91991,0
16,2034,No,3,9,No,Yes,26.414698,0
28,2035,No,3,10,Yes,No,23.529724,0
5,2040,No,4,10,No,No,34.014095,0
14,2038,No,5,13,Yes,Yes,20.684038,0
38,2035,No,7,8,No,No,27.295134,2036
32,2040,Yes,3,14,No,Yes,24.789789,2038
22,2033,No,5,8,Yes,No,24.956049,0
25,2038,No,5,8,Yes,No,31.269258,0
24,2035,No,5,10,Yes,Yes,29.69117,0
29,2038,No,3,7,No,Yes,25.910265,0
2,2037,Yes,6,12,No,Yes,28.239393,2034
18,2036,No,5,11,Yes,No,26.039206,0
36,2034,No,3,10,Yes,Yes,19.242155,2036
12,2033,No,5,9,Yes,No,28.526978,0
24,2032,No,5,13,Yes,Yes,24.767254,0
6,2037,No,6,11,Yes,No,34.989204,0
6,2039,No,6,11,No,No,32.244949,0
35,2037,No,3,9,No,Yes,26.478317,2038
20,2033,No,4,7,Yes,Yes,23.182821,0
28,2034,No,3,8,No,Yes,23.692543,0
21,2034,No,4,9,Yes,No,33.64423,0
34,2032,No,3,17,Yes,Yes,22.427736,2038
17,2036,No,6,7,No,Yes,28.58041,0
39,2038,Yes,6,11,Yes,No,16.74638,2036
10,2035,No,6,9,Yes,No,20.682255,0
15,2039,No,5,11,Yes,Yes,34.015991,0
4,2032,No,5,12,No,Yes,32.031898,0
39,2035,No,6,9,Yes,No,25.916384,2036
22,2032,No,5,10,No,No,25.737476,0
9,2039,No,3,12,Yes,Yes,28.026934,0
19,2033,No,5,9,No,Yes,23.632597,0
35,2033,No,3,9,Yes,Yes,31.634809,2038
4,2034,No,5,9,No,Yes,28.992741,0
37,2040,Yes,6,13,No,Yes,21.179703,2036
10,2040,No,6,13,Yes,Yes,25.536741,0
13,2033,No,3,18,No,Yes,29.975012,0
11,2032,No,7,9,No,Yes,29.124437,0
5,2036,No,4,9,No,No,28.799072,0
26,2040,No,4,8,Yes,Yes,22.343939,0
17,2034,No,6,9,No,No,27.033567,0
32,2039,Yes,3,14,No,Yes,20.319382,2038
22,2038,No,5,9,Yes,No,31.806118,0
27,2032,No,6,9,Yes,Yes,30.115921,0
12,2038,No,5,9,No,Yes,32.450661,0
3,2037,Yes,5,9,Yes,Yes,22.941092,2034
27,2033,No,6,10,Yes,No,28.558451,0
22,2036,No,5,11,No,Yes,25.866407,0
17,2032,No,6,9,No,Yes,21.381872,0
5,2039,No,4,9,No,Yes,32.422718,0
26,2032,No,4,18,No,No,18.006308,0
30,2034,No,6,11,No,Yes,33.107056,0
12,2036,No,5,9,No,No,31.705626,0
36,2034,No,3,8,Yes,Yes,23.645206,2036
10,2035,No,6,9,Yes,No,33.757362,0
5,2033,No,4,9,Yes,Yes,23.284159,0
29,2035,No,3,9,Yes,Yes,34.411976,0
10,2035,No,6,9,No,Yes,27.539988,0
22,2039,No,5,9,Yes,No,25.151443,0
4,2034,No,5,9,Yes,Yes,22.242418,0
34,2033,No,3,8,Yes,No,31.02055,2038
23,2035,No,2,12,No,No,32.362682,0
6,2034,No,6,9,No,Yes,29.723417,0
9,2036,No,3,9,Yes,No,24.506325,0
4,2034,No,5,8,No,No,25.584425,0
40,2035,No,4,9,Yes,Yes,25.675562,2036
22,2035,No,5,9,No,Yes,22.167828,0
9,2038,No,3,10,Yes,No,24.058672,0
35,2036,No,3,9,Yes,No,29.293758,2038
25,2040,No,5,11,Yes,No,19.10932,0
8,2034,No,4,9,No,Yes,19.161964,0
12,2033,No,5,9,Yes,Yes,28.129261,0
25,2039,No,5,13,Yes,Yes,26.536734,0
23,2034,No,2,9,No,Yes,27.052336,0
7,2035,No,5,8,No,Yes,30.078382,0
33,2036,No,3,9,No,Yes,21.472244,2038
31,2039,Yes,3,12,No,Yes,23.836809,2038
37,2035,No,6,9,No,Yes,23.489559,2036
8,2040,No,4,13,No,Yes,26.237118,0
35,2039,Yes,3,11,Yes,Yes,21.955702,2038
21,2032,No,4,9,Yes,Yes,36.688503,0
27,2034,No,6,9,Yes,Yes,26.936855,0
22,2040,No,5,7,No,Yes,23.803188,0
14,2035,No,5,7,No,Yes,21.850971,0
19,2033,No,5,9,No,No,29.036461,0
40,2037,Yes,4,19,No,Yes,18.335249,2036
39,2033,No,6,15,Yes,Yes,29.421474,2036
39,2034,No,6,9,Yes,Yes,22.397699,2036
2,2034,Yes,6,11,No,Yes,29.626738,2034
6,2036,No,6,11,Yes,Yes,22.660402,0
12,2037,No,5,9,Yes,Yes,27.503471,0
38,2033,No,7,9,No,Yes,20.274275,2036
24,2032,No,5,9,Yes,Yes,22.809456,0
28,2039,No,3,9,No,Yes,20.455597,0
32,2040,Yes,3,10,Yes,No,27.484953,2038
14,2033,No,5,9,Yes,Yes,24.002089,0
16,2034,No,3,9,No,No,18.493134,0
39,2040,Yes,6,8,No,Yes,26.128441,2036
13,2040,No,3,12,Yes,Yes,23.064936,0
31,2036,No,3,17,Yes,Yes,24.260872,2038
30,2033,No,6,9,No,Yes,20.895512,0
26,2037,No,4,8,No,No,18.736811,0
8,2040,No,4,10,No,Yes,23.723436,0
19,2038,No,5,12,Yes,No,30.431587,0
18,2034,No,5,12,Yes,Yes,31.383337,0
25,2035,No,5,19,No,No,20.827272,0
38,2036,Yes,7,11,No,No,23.138914,2036
35,2034,No,3,8,No,Yes,28.336885,2038
7,2035,No,5,13,No,No,25.169594,0
6,2032,No,6,7,Yes,No,26.809528,0
20,2037,No,4,9,No,Yes,20.9217,0
20,2039,No,4,11,No,Yes,18.1485,0
9,2036,No,3,9,No,No,33.280602,0
30,2039,No,6,9,No,No,33.004272,0
18,2034,No,5,9,Yes,Yes,15.483142,0
20,2035,No,4,9,No,No,29.772045,0
34,2035,No,3,9,Yes,No,22.531424,2038
20,2038,No,4,9,Yes,Yes,31.097748,0
19,2038,No,5,12,No,No,24.030262,0
8,2032,No,4,18,Yes,Yes,21.215115,0
6,2035,No,6,9,Yes,Yes,30.810047,0
40,2040,Yes,4,11,No,Yes,24.488539,2036
36,2039,Yes,3,18,Yes,Yes,21.955067,2036
5,2034,No,4,8,No,No,27.292137,0
39,2032,No,6,9,No,No,29.779314,2036
17,2032,No,6,9,No,Yes,34.495129,0
15,2038,No,5,7,Yes,Yes,31.259691,0
4,2038,No,5,9,No,Yes,25.594131,0
21,2036,No,4,9,No,Yes,19.468691,0
5,2037,No,4,10,Yes,Yes,22.763435,0
3,2032,No,5,9,Yes,Yes,27.861565,2034
20,2034,No,4,9,No,Yes,30.803665,0
18,2032,No,5,10,Yes,Yes,25.713896,0
22,2036,No,5,11,Yes,Yes,19.891636,0
21,2034,No,4,14,No,No,19.896904,0
11,2035,No,7,12,No,Yes,19.129465,0
39,2037,Yes,6,5,No,No,18.971951,2036
7,2040,No,5,11,No,No,29.276121,0
13,2037,No,3,13,Yes,Yes,26.093504,0
9,2038,No,3,16,Yes,Yes,31.380974,0
35,2035,No,3,10,No,No,22.40509,2038
17,2039,No,6,9,No,No,17.847309,0
32,2037,No,3,9,No,Yes,25.394831,2038
14,2034,No,5,11,No,Yes,19.817877,0
28,2032,No,3,7,Yes,Yes,21.316299,0
19,2032,No,5,13,No,Yes,28.712744,0
26,2038,No,4,9,Yes,Yes,24.981695,0
3,2036,Yes,5,10,Yes,Yes,26.864796,2034
14,2036,No,5,12,Yes,Yes,21.833273,0
21,2034,No,4,16,Yes,Yes,26.473904,0
20,2037,No,4,13,Yes,No,27.008297,0
34,2034,No,3,10,Yes,Yes,23.08984,2038
14,2039,No,5,11,No,No,28.293257,0
34,2036,No,3,12,No,Yes,21.327219,2038
17,2039,No,6,13,Yes,No,23.102978,0
8,2033,No,4,9,No,Yes,28.267319,0
36,2038,Yes,3,10,Yes,Yes,26.097708,2036
25,2037,No,5,10,Yes,Yes,26.389713,0
34,2039,Yes,3,13,Yes,Yes,24.32234,2038
18,2038,No,5,9,No,No,29.570293,0
14,2036,No,5,12,Yes,Yes,28.533289,0
27,2034,No,6,9,No,Yes,26.172754,0
38,2038,Yes,7,9,No,No,19.165976,2036
12,2036,No,5,10,No,Yes,27.507225,0
40,2040,Yes,4,10,No,Yes,20.970551,2036
12,2035,No,5,11,No,Yes,17.154682,0
20,2038,No,4,9,Yes,Yes,33.84243,0
5,2035,No,4,10,No,Yes,26.385433,0
28,2036,No,3,19,No,Yes,29.707376,0
9,2032,No,3,9,Yes,Yes,33.891117,0
5,2035,No,4,9,No,Yes,20.034294,0
16,2037,No,3,9,No,No,29.468973,0
35,2035,No,3,11,Yes,Yes,32.378647,2038
30,2032,No,6,9,Yes,Yes,24.64341,0
12,2034,No,5,9,Yes,Yes,29.948431,0
40,2036,Yes,4,12,Yes,No,23.38839,2036
38,2033,No,7,14,No,No,19.164635,2036
37,2033,No,6,9,No,No,26.389,2036
35,2037,No,3,17,No,Yes,24.439993,2038
19,2038,No,5,12,No,Yes,22.321629,0
40,2033,No,4,9,No,Yes,20.05814,2036
30,2039,No,6,10,No,Yes,24.057566,0
18,2040,No,5,10,No,Yes,24.360487,0
33,2036,No,3,8,No,Yes,31.525917,2038
40,2037,Yes,4,9,No,No,28.117249,2036
10,2036,No,6,10,No,No,32.941273,0
17,2034,No,6,9,Yes,Yes,17.540648,0
28,2032,No,3,9,No,Yes,34.410133,0
27,2035,No,6,9,No,Yes,23.252115,0
20,2038,No,4,17,Yes,Yes,19.946898,0
4,2033,No,5,9,No,Yes,29.800249,0
11,2036,No,7,9,No,No,30.834745,0
2,2040,Yes,6,9,Yes,No,31.3799,2034
19,2035,No,5,13,Yes,No,24.749775,0
2,2039,Yes,6,19,Yes,Yes,31.087667,2034
11,2032,No,7,9,No,Yes,27.582222,0
21,2034,No,4,7,Yes,Yes,33.039829,0
33,2033,No,3,18,No,Yes,23.830023,2038
6,2037,No,6,9,No,No,32.555077,0
5,2035,No,4,8,No,Yes,18.042437,0
29,2035,No,3,15,No,No,20.953732,0
27,2033,No,6,8,No,No,20.907642,0
40,2033,No,4,9,Yes,Yes,27.940535,2036
39,2036,Yes,6,0,No,No,15.880963,2036
12,2036,No,5,9,No,Yes,26.571415,0
9,2032,No,3,10,No,Yes,18.595861,0
6,2034,No,6,11,Yes,Yes,31.163101,0
13,2037,No,3,9,Yes,No,27.029898,0
14,2034,No,5,10,No,Yes,31.453939,0
25,2036,No,5,9,No,No,34.265381,0
35,2035,No,3,8,Yes,Yes,32.728489,2038
30,2034,No,6,9,No,Yes,18.276754,0
1,2034,Yes,6,7,Yes,Yes,31.281315,2034
31,2037,No,3,9,No,Yes,21.668375,2038
28,2034,No,3,9,Yes,Yes,32.641773,0
7,2034,No,5,9,No,Yes,28.775629,0
28,2038,No,3,8,No,Yes,22.758959,0
40,2034,No,4,9,No,No,24.251791,2036
35,2038,Yes,3,9,Yes,Yes,27.420746,2038
37,2037,Yes,6,8,No,Yes,28.103632,2036
13,2040,No,3,9,Yes,Yes,18.705885,0
17,2032,No,6,11,Yes,No,31.648848,0
37,2033,No,6,9,No,Yes,27.385851,2036
11,2036,No,7,6,No,No,17.751549,0
21,2036,No,4,9,Yes,Yes,29.183519,0
20,2033,No,4,19,No,Yes,33.506718,0
12,2032,No,5,9,No,Yes,23.036304,0
21,2037,No,4,9,No,Yes,21.83873,0
32,2033,No,3,9,No,Yes,29.433411,2038
18,2032,No,5,9,Yes,Yes,23.688812,0
37,2039,Yes,6,14,Yes,Yes,26.822042,2036
28,2032,No,3,13,No,Yes,19.320213,0
13,2038,No,3,9,No,Yes,26.152029,0
38,2040,Yes,7,9,No,Yes,24.043077,2036
34,2036,No,3,9,No,No,24.297867,2038
5,2034,No,4,9,Yes,Yes,28.3319,0
35,2038,Yes,3,10,Yes,Yes,26.361448,2038
27,2037,No,6,12,Yes,Yes,31.732241,0
12,2034,No,5,9,Yes,Yes,24.338297,0
14,2039,No,5,9,Yes,Yes,23.250406,0
2,2036,Yes,6,9,Yes,Yes,26.179008,2034
32,2040,Yes,3,9,Yes,No,24.783699,2038
11,2032,No,7,9,Yes,Yes,34.623898,0
19,2040,No,5,7,Yes,No,34.70417,0
15,2035,No,5,17,Yes,Yes,23.882925,0
29,2032,No,3,7,Yes,Yes,19.19021,0
14,2032,No,5,7,Yes,Yes,18.680706,0
16,2034,No,3,9,Yes,Yes,25.955444,0
22,2040,No,5,12,Yes,Yes,18.659,0
17,2040,No,6,10,Yes,Yes,24.351906,0
30,2037,No,6,16,Yes,No,28.657291,0
2,2038,Yes,6,9,Yes,Yes,22.810074,2034
18,2040,No,5,9,Yes,Yes,22.947248,0
15,2034,No,5,8,Yes,Yes,24.729282,0
37,2034,No,6,19,No,Yes,20.658682,2036
22,2036,No,5,12,Yes,Yes,28.404751,0
1,2035,Yes,6,9,No,Yes,26.777018,2034
26,2039,No,4,0,Yes,Yes,22.688831,0
39,2033,No,6,8,Yes,Yes,22.322067,2036
31,2034,No,3,11,Yes,No,32.33794,2038
7,2032,No,5,9,Yes,No,22.911406,0
34,2032,No,3,11,Yes,Yes,23.850613,2038
12,2032,No,5,14,Yes,Yes,31.825199,0
31,2036,No,3,7,No,Yes,34.558262,2038
3,2040,Yes,5,9,No,Yes,16.691618,2034
11,2032,No,7,12,No,No,24.622131,0
23,2040,No,2,11,No,Yes,31.141125,0
14,2033,No,5,9,No,Yes,15.842169,0
40,2038,Yes,4,10,Yes,Yes,26.1248,2036
33,2040,Yes,3,0,Yes,Yes,27.88172,2038
22,2037,No,5,9,No,Yes,21.362661,0
39,2039,Yes,6,12,No,Yes,30.345135,2036
21,2032,No,4,9,Yes,No,32.283951,0
33,2037,No,3,11,No,Yes,20.833666,2038
10,2037,No,6,11,Yes,Yes,24.439892,0
18,2038,No,5,9,No,No,18.665342,0
8,2037,No,4,9,Yes,Yes,30.136404,0
30,2039,No,6,7,Yes,Yes,19.560331,0
15,2033,No,5,8,Yes,Yes,30.222122,0
15,2037,No,5,8,Yes,Yes,21.620165,0
30,2037,No,6,15,No,No,17.33074,0
35,2039,Yes,3,9,No,Yes,20.348577,2038
17,2037,No,6,12,No,Yes,18.035006,0
34,2039,Yes,3,9,No,Yes,19.074902,2038
31,2037,No,3,9,Yes,No,32.925426,2038
9,2033,No,3,10,Yes,No,27.471483,0
29,2038,No,3,9,Yes,No,27.103947,0
5,2034,No,4,9,No,Yes,21.229263,0
13,2034,No,3,10,No,Yes,25.051813,0
14,2039,No,5,9,Yes,Yes,22.97566,0
11,2037,No,7,11,Yes,No,31.551346,0
3,2036,Yes,5,14,No,No,16.341017,2034
40,2032,No,4,12,No,Yes,23.283831,2036
6,2037,No,6,14,Yes,Yes,22.975048,0
25,2032,No,5,11,No,No,31.787226,0
2,2035,Yes,6,9,Yes,No,32.462978,2034
29,2038,No,3,9,Yes,Yes,26.029442,0
31,2040,Yes,3,8,No,Yes,19.54088,2038
1,2034,Yes,6,9,Yes,Yes,20.02726,2034
27,2038,No,6,19,No,No,20.059105,0
7,2037,No,5,9,Yes,Yes,24.203592,0
34,2032,No,3,8,Yes,No,25.795948,2038
38,2032,No,7,12,Yes,Yes,31.761616,2036
1,2037,Yes,6,12,Yes,Yes,19.044971,2034
5,2034,No,4,8,Yes,Yes,33.943085,0
27,2034,No,6,8,No,Yes,24.921219,0
32,2036,No,3,10,Yes,Yes,23.664158,2038
10,2038,No,6,17,No,Yes,22.181063,0
35,2037,No,3,8,No,Yes,30.367826,2038
31,2039,Yes,3,8,No,Yes,28.990335,2038
33,2034,No,3,7,No,Yes,33.670586,2038
38,2040,Yes,7,7,Yes,No,23.576866,2036
34,2037,No,3,9,Yes,No,26.385456,2038
9,2037,No,3,9,Yes,Yes,21.606726,0
29,2040,No,3,12,Yes,Yes,27.909338,0
13,2036,No,3,9,No,Yes,28.19845,0
25,2036,No,5,12,Yes,Yes,32.270939,0
33,2034,No,3,9,Yes,Yes,20.62191,2038
38,2040,Yes,7,9,Yes,No,23.493179,2036
9,2033,No,3,9,Yes,Yes,20.668005,0
40,2034,No,4,13,No,Yes,29.761507,2036
29,2034,No,3,11,Yes,Yes,24.767347,0
40,2039,Yes,4,17,No,Yes,17.001797,2036
10,2033,No,6,12,Yes,Yes,17.241056,0
13,2038,No,3,18,No,Yes,18.961432,0
37,2032,No,6,9,Yes,Yes,23.969887,2036
9,2038,No,3,8,No,Yes,25.925289,0
34,2033,No,3,9,Yes,No,31.09586,2038
29,2037,No,3,10,No,Yes,28.378448,0
30,2035,No,6,10,Yes,Yes,31.488794,0
30,2035,No,6,11,Yes,Yes,23.219563,0
37,2038,Yes,6,9,Yes,Yes,27.9174,2036
1,2034,Yes,6,9,No,No,22.886826,2034
10,2036,No,6,14,Yes,No,31.661392,0
32,2039,Yes,3,9,Yes,Yes,20.651083,2038
8,2032,No,4,11,Yes,Yes,30.596117,0
28,2035,No,3,9,No,Yes,24.842096,0
29,2036,No,3,6,No,No,23.461868,0
17,2035,No,6,10,Yes,Yes,36.040894,0
36,2039,Yes,3,11,No,Yes,17.83536,2036
19,2037,No,5,7,Yes,Yes,33.238941,0
16,2033,No,3,14,No,Yes,31.74827,0
30,2037,No,6,16,No,Yes,19.878361,0
10,2034,No,6,9,No,Yes,25.282223,0
39,2039,Yes,6,11,Yes,No,29.459131,2036
3,2040,Yes,5,9,Yes,Yes,30.351686,2034
18,2039,No,5,9,No,No,24.514736,0
25,2037,No,5,9,No,No,22.474222,0
3,2040,Yes,5,8,No,Yes,15.835081,2034
20,2034,No,4,12,No,Yes,15.462481,0
14,2036,No,5,9,No,Yes,21.183668,0
21,2036,No,4,12,Yes,No,27.380095,0
27,2040,No,6,9,Yes,Yes,34.175182,0
29,2038,No,3,9,No,Yes,19.45224,0
31,2037,No,3,8,No,Yes,30.372297,2038
17,2035,No,6,9,Yes,Yes,18.146339,0
24,2033,No,5,12,Yes,No,22.766392,0
28,2034,No,3,11,No,Yes,26.2953,0
18,2039,No,5,9,Yes,Yes,23.859468,0
5,2037,No,4,12,Yes,No,29.217033,0
36,2035,No,3,13,No,Yes,35.44162,2036
18,2038,No,5,11,Yes,Yes,26.872393,0
3,2039,Yes,5,10,No,Yes,23.179922,2034
40,2040,Yes,4,12,Yes,Yes,25.203764,2036
14,2035,No,5,9,No,Yes,25.741022,0
9,2032,No,3,10,No,Yes,27.802473,0
38,2037,Yes,7,9,No,Yes,20.069187,2036
9,2034,No,3,9,No,No,19.856819,0
20,2039,No,4,9,Yes,No,29.058575,0
5,2039,No,4,9,No,Yes,23.165155,0
11,2037,No,7,9,Yes,Yes,25.209528,0
30,2040,No,6,9,No,Yes,27.476557,0
28,2036,No,3,8,Yes,Yes,30.8118,0
22,2034,No,5,17,No,Yes,19.887453,0
23,2032,No,2,9,No,Yes,25.484461,0
19,2038,No,5,9,Yes,Yes,23.65086,0
21,2040,No,4,9,No,Yes,29.382658,0
15,2040,No,5,11,Yes,No,28.906763,0
33,2039,Yes,3,9,No,No,26.131226,2038
14,2034,No,5,9,Yes,Yes,26.290426,0
11,2034,No,7,9,Yes,Yes,28.362823,0
4,2033,No,5,12,No,Yes,34.125458,0
14,2039,No,5,11,Yes,Yes,22.627789,0
29,2032,No,3,8,Yes,No,29.271181,0
12,2034,No,5,9,No,Yes,24.88924,0
39,2034,No,6,11,No,No,19.356354,2036
13,2034,No,3,9,Yes,No,24.487719,0
1,2038,Yes,6,10,No,Yes,25.87418,2034
10,2035,No,6,8,Yes,No,27.541786,0
11,2033,No,7,10,Yes,Yes,29.1236,0
32,2033,No,3,9,No,Yes,20.361694,2038
3,2038,Yes,5,12,Yes,Yes,18.275021,2034
18,2038,No,5,12,Yes,Yes,27.725348,0
37,2032,No,6,8,Yes,Yes,23.519222,2036
1,2037,Yes,6,9,No,No,29.056833,2034
35,2035,No,3,7,Yes,No,25.828167,2038
1,2033,No,6,9,Yes,Yes,16.967245,2034
17,2039,No,6,9,Yes,Yes,26.806694,0
18,2038,No,5,14,Yes,Yes,31.74094,0
16,2032,No,3,9,No,Yes,29.674328,0
17,2034,No,6,9,Yes,No,33.551605,0
9,2039,No,3,9,No,Yes,25.840811,0
31,2039,Yes,3,10,Yes,No,21.384697,2038
4,2036,No,5,10,No,Yes,22.981194,0
34,2038,Yes,3,7,No,No,18.675682,2038
17,2032,No,6,9,No,Yes,27.736324,0
11,2032,No,7,10,Yes,Yes,22.606739,0
35,2032,No,3,9,Yes,Yes,25.657131,2038
25,2034,No,5,9,Yes,Yes,19.70454,0
33,2032,No,3,8,Yes,Yes,29.099731,2038
8,2036,No,4,12,No,Yes,21.15654,0
37,2037,Yes,6,9,No,Yes,23.402569,2036
21,2037,No,4,12,No,Yes,23.114168,0
3,2040,Yes,5,9,No,No,32.779289,2034
22,2035,No,5,9,No,Yes,18.896339,0
6,2035,No,6,13,No,No,30.727358,0
3,2040,Yes,5,9,No,Yes,21.288857,2034
5,2032,No,4,8,No,Yes,20.38541,0
6,2034,No,6,19,No,Yes,20.203388,0
19,2036,No,5,9,No,Yes,17.65988,0
16,2038,No,3,9,No,No,28.042234,0
19,2035,No,5,9,No,Yes,29.786337,0
30,2036,No,6,9,No,Yes,21.291578,0
33,2040,Yes,3,13,Yes,Yes,23.215002,2038
32,2033,No,3,12,No,No,27.591742,2038
32,2035,No,3,19,No,Yes,29.50341,2038
14,2038,No,5,12,Yes,Yes,30.680475,0
16,2032,No,3,12,Yes,Yes,22.202389,0
23,2038,No,2,9,Yes,Yes,31.690266,0
33,2033,No,3,8,No,Yes,23.873331,2038
9,2039,No,3,12,No,No,24.577078,0
1,2036,Yes,6,8,No,No,21.63102,2034
32,2040,Yes,3,10,No,Yes,20.269926,2038
7,2032,No,5,9,Yes,Yes,32.135174,0
15,2032,No,5,9,Yes,Yes,32.849159,0
16,2034,No,3,9,Yes,Yes,22.908773,0
2,2033,No,6,10,No,No,27.491222,2034
9,2040,No,3,9,Yes,Yes,29.26568,0
11,2033,No,7,8,No,Yes,24.626078,0
11,2039,No,7,9,Yes,Yes,32.099155,0
26,2033,No,4,7,Yes,Yes,18.31286,0
13,2035,No,3,8,Yes,Yes,26.824596,0
36,2036,Yes,3,10,Yes,Yes,24.32711,2036
30,2033,No,6,9,Yes,No,20.889467,0
24,2037,No,5,8,No,No,21.828827,0
21,2036,No,4,9,No,No,25.700338,0
17,2036,No,6,9,Yes,No,34.218685,0
4,2038,No,5,17,No,No,21.533556,0
3,2036,Yes,5,9,Yes,Yes,30.26519,2034
15,2036,No,5,9,Yes,No,24.892221,0
28,2038,No,3,7,Yes,Yes,25.037922,0
13,2039,No,3,9,Yes,Yes,28.019648,0
2,2033,No,6,11,Yes,Yes,14.273117,2034
28,2040,No,3,8,No,No,25.084213,0
36,2040,Yes,3,12,No,Yes,21.114923,2036
20,2036,No,4,9,Yes,Yes,26.362465,0
17,2038,No,6,10,Yes,Yes,23.793631,0
38,2039,Yes,7,9,No,No,23.955212,2036
18,2032,No,5,9,No,No,12.103889,0
18,2033,No,5,19,Yes,Yes,19.526112,0
23,2039,No,2,7,Yes,Yes,31.033541,0
16,2037,No,3,12,Yes,No,21.015524,0
39,2032,No,6,14,No,Yes,26.337448,2036
31,2034,No,3,14,No,No,27.765118,2038
16,2040,No,3,9,Yes,Yes,27.51865,0
6,2037,No,6,11,Yes,Yes,19.201429,0
22,2037,No,5,11,Yes,No,21.706244,0
2,2039,Yes,6,10,Yes,No,19.502237,2034
16,2040,No,3,9,Yes,No,22.286201,0
38,2033,No,7,19,No,Yes,31.184443,2036
31,2038,Yes,3,9,Yes,Yes,17.395382,2038
9,2038,No,3,17,No,No,22.097893,0
16,2040,No,3,8,Yes,Yes,18.122252,0
2,2036,Yes,6,12,No,No,15.797199,2034
8,2037,No,4,8,No,Yes,27.145828,0
14,2034,No,5,9,Yes,No,33.892345,0
15,2040,No,5,9,Yes,No,24.617964,0
11,2035,No,7,9,Yes,No,22.035694,0
38,2038,Yes,7,11,Yes,Yes,14.752344,2036
27,2036,No,6,9,No,Yes,28.0312,0
23,2039,No,2,11,Yes,Yes,28.372566,0
24,2032,No,5,9,Yes,Yes,31.913048,0
7,2034,No,5,11,Yes,Yes,33.544788,0
40,2037,Yes,4,13,Yes,Yes,22.693834,2036
16,2038,No,3,11,Yes,No,28.27722,0
16,2037,No,3,9,Yes,Yes,35.346565,0
8,2036,No,4,11,No,No,25.604387,0
35,2040,Yes,3,9,No,Yes,23.267803,2038
7,2039,No,5,9,Yes,No,23.228912,0
40,2035,No,4,19,No,Yes,33.433262,2036
1,2040,Yes,6,8,No,No,35.016205,2034
7,2037,No,5,10,Yes,Yes,31.774771,0
12,2035,No,5,8,Yes,Yes,23.905622,0
1,2038,Yes,6,9,No,No,13.185927,2034
33,2040,Yes,3,7,Yes,Yes,29.842598,2038
39,2036,Yes,6,9,No,Yes,21.869326,2036
10,2040,No,6,1,Yes,Yes,25.224106,0
6,2034,No,6,18,No,No,32.994251,0
22,2040,No,5,9,Yes,Yes,19.297752,0
35,2040,Yes,3,9,No,Yes,28.79409,2038
26,2040,No,4,9,No,No,22.69857,0
13,2038,No,3,9,Yes,Yes,30.683142,0
11,2034,No,7,9,Yes,Yes,26.234867,0
14,2033,No,5,7,No,No,26.322706,0
30,2033,No,6,9,Yes,Yes,33.940006,0
17,2039,No,6,9,No,No,24.13485,0
24,2039,No,5,9,No,Yes,24.085615,0
11,2032,No,7,18,Yes,No,21.840801,0
37,2035,No,6,16,No,No,21.559032,2036
31,2034,No,3,9,No,No,15.92532,2038
31,2033,No,3,9,No,Yes,22.970549,2038
8,2034,No,4,11,No,Yes,22.043543,0
37,2039,Yes,6,9,Yes,Yes,28.945929,2036
7,2032,No,5,11,No,Yes,22.591562,0
18,2039,No,5,9,No,Yes,29.092585,0
4,2032,No,5,9,Yes,Yes,31.367933,0
30,2034,No,6,9,No,No,27.217922,0
20,2032,No,4,9,No,Yes,31.629328,0
24,2033,No,5,9,No,Yes,26.702547,0
34,2032,No,3,16,Yes,Yes,23.546228,2038
4,2040,No,5,8,No,Yes,28.670452,0
40,2040,Yes,4,9,Yes,Yes,25.319151,2036
30,2037,No,6,11,Yes,No,21.640831,0
15,2034,No,5,19,No,Yes,30.731001,0
10,2035,No,6,9,Yes,No,23.383347,0
21,2033,No,4,12,No,Yes,14.069114,0
29,2037,No,3,10,Yes,Yes,21.778532,0
23,2038,No,2,9,Yes,No,28.856676,0
11,2037,No,7,13,No,Yes,22.007738,0
20,2035,No,4,9,Yes,Yes,17.753811,0
40,2037,Yes,4,10,No,Yes,19.521076,2036
29,2037,No,3,9,Yes,Yes,24.278175,0
37,2036,Yes,6,9,No,Yes,23.048883,2036
32,2039,Yes,3,9,Yes,Yes,23.085672,2038
20,2036,No,4,12,Yes,No,23.248045,0
20,2040,No,4,11,No,Yes,24.467052,0
31,2040,Yes,3,10,No,Yes,29.850388,2038
5,2036,No,4,11,Yes,No,21.929943,0
4,2034,No,5,9,No,Yes,24.78923,0
32,2032,No,3,9,No,No,38.269539,2038
33,2037,No,3,10,Yes,Yes,21.586493,2038
28,2033,No,3,15,No,Yes,17.147062,0
38,2040,Yes,7,9,No,No,21.828138,2036
15,2037,No,5,9,Yes,Yes,25.783827,0
15,2036,No,5,12,No,Yes,27.3985,0
34,2035,No,3,9,Yes,Yes,21.405428,2038
39,2032,No,6,12,No,No,23.926891,2036
27,2035,No,6,9,No,Yes,24.220034,0
25,2032,No,5,18,No,Yes,28.60158,0
39,2036,Yes,6,8,Yes,No,19.144934,2036
18,2037,No,5,9,No,Yes,27.958477,0
27,2032,No,6,10,Yes,No,33.044033,0
9,2039,No,3,12,Yes,No,29.722206,0
33,2038,Yes,3,13,Yes,Yes,24.494505,2038
11,2034,No,7,8,No,No,31.416046,0
39,2040,Yes,6,12,Yes,Yes,25.858757,2036
2,2035,Yes,6,9,Yes,Yes,29.452419,2034
35,2033,No,3,11,Yes,Yes,19.836073,2038
4,2038,No,5,9,Yes,No,24.430298,0
40,2040,Yes,4,19,Yes,Yes,23.138174,2036
14,2034,No,5,12,No,No,25.128164,0
31,2034,No,3,9,No,No,23.572884,2038
16,2035,No,3,10,No,Yes,22.850521,0
27,2034,No,6,19,No,No,28.022688,0
6,2035,No,6,14,Yes,No,22.272963,0
10,2039,No,6,7,No,Yes,18.569216,0
14,2036,No,5,15,No,Yes,29.339647,0
37,2038,Yes,6,8,Yes,Yes,20.455286,2036
5,2033,No,4,9,No,Yes,15.756251,0
26,2032,No,4,13,No,Yes,20.443575,0
6,2035,No,6,8,Yes,Yes,23.532326,0
5,2039,No,4,9,Yes,No,21.141735,0
36,2033,No,3,9,No,Yes,19.651764,2036
8,2032,No,4,13,Yes,Yes,28.455275,0
14,2037,No,5,8,No,Yes,30.771713,0
21,2033,No,4,8,Yes,No,26.6416,0
11,2037,No,7,11,Yes,Yes,20.792242,0
6,2037,No,6,12,Yes,Yes,22.008667,0
38,2036,Yes,7,10,No,No,19.43285,2036
15,2040,No,5,9,No,No,25.212481,0
1,2036,Yes,6,9,No,Yes,21.175587,2034
18,2032,No,5,9,Yes,Yes,24.443655,0
4,2039,No,5,9,No,Yes,30.007135,0
38,2034,No,7,12,Yes,Yes,29.514418,2036
21,2033,No,4,8,No,Yes,31.771358,0
40,2040,Yes,4,5,No,Yes,23.261253,2036
19,2032,No,5,10,No,No,21.889963,0
20,2035,No,4,11,No,Yes,25.456921,0
19,2036,No,5,13,Yes,Yes,24.68351,0
38,2037,Yes,7,9,Yes,Yes,27.537113,2036
24,2038,No,5,10,No,No,29.027176,0
7,2034,No,5,7,No,Yes,26.758575,0
40,2035,No,4,10,Yes,No,23.797575,2036
23,2039,No,2,9,No,Yes,24.87528,0
9,2034,No,3,9,No,No,22.870144,0
31,2039,Yes,3,9,No,No,18.625257,2038
13,2038,No,3,7,No,Yes,27.515202,0
15,2038,No,5,12,No,No,27.010069,0
40,2034,No,4,10,No,Yes,31.309175,2036
5,2035,No,4,9,Yes,Yes,21.731419,0
10,2035,No,6,9,Yes,No,21.681576,0
9,2034,No,3,10,No,Yes,30.243063,0
7,2038,No,5,9,No,No,25.522274,0
6,2040,No,6,12,No,Yes,26.320671,0
23,2037,No,2,9,No,Yes,26.212793,0
28,2036,No,3,10,No,Yes,16.550608,0
22,2040,No,5,7,Yes,Yes,31.228777,0
29,2035,No,3,10,No,No,23.532257,0
32,2038,Yes,3,9,No,Yes,18.663389,2038
25,2033,No,5,9,No,Yes,27.445898,0
9,2037,No,3,8,No,Yes,30.620413,0
34,2038,Yes,3,12,Yes,Yes,24.026932,2038
30,2039,No,6,9,No,No,28.040165,0
31,2037,No,3,9,Yes,No,33.653702,2038
39,2037,Yes,6,10,Yes,Yes,16.347483,2036
21,2038,No,4,9,No,No,29.539217,0
13,2035,No,3,9,Yes,Yes,28.453701,0
12,2037,No,5,10,Yes,Yes,18.096087,0
21,2040,No,4,12,Yes,Yes,19.561735,0
26,2033,No,4,13,No,Yes,27.636431,0
39,2036,Yes,6,15,No,Yes,18.935705,2036
25,2033,No,5,13,Yes,Yes,32.537239,0
29,2032,No,3,14,Yes,No,31.352293,0
25,2040,No,5,12,No,Yes,31.533897,0
5,2036,No,4,9,No,Yes,26.4512,0
6,2032,No,6,0,Yes,Yes,25.822481,0
16,2032,No,3,12,No,Yes,22.439415,0
2,2033,No,6,7,Yes,Yes,30.077026,2034
22,2036,No,5,14,No,Yes,18.869091,0
18,2033,No,5,8,No,No,26.312695,0
33,2036,No,3,10,No,No,31.915823,2038
25,2039,No,5,12,Yes,Yes,27.195154,0
30,2040,No,6,9,Yes,No,22.973566,0
16,2033,No,3,9,No,Yes,17.994736,0
38,2034,No,7,11,Yes,No,33.09898,2036
22,2034,No,5,9,No,No,30.075434,0
8,2037,No,4,11,No,No,27.879675,0
30,2035,No,6,12,No,Yes,26.370226,0
11,2033,No,7,9,Yes,Yes,27.974977,0
21,2035,No,4,12,Yes,Yes,25.741529,0
20,2040,No,4,10,No,Yes,26.420387,0
25,2038,No,5,10,No,Yes,25.590982,0
20,2034,No,4,11,Yes,Yes,22.167143,0
39,2034,No,6,9,Yes,No,33.233784,2036
23,2033,No,2,9,Yes,No,33.221676,0
35,2033,No,3,9,No,Yes,28.885635,2038
40,2038,Yes,4,8,No,Yes,18.849382,2036
14,2032,No,5,12,No,Yes,26.792196,0
4,2039,No,5,9,Yes,No,34.132721,0
14,2032,No,5,9,No,Yes,25.800722,0
29,2039,No,3,9,No,Yes,19.167757,0
23,2032,No,2,11,Yes,Yes,26.038816,0
8,2037,No,4,8,Yes,Yes,28.620346,0
24,2032,No,5,10,Yes,Yes,26.674009,0
20,2039,No,4,9,No,Yes,25.68759,0
31,2036,No,3,9,No,Yes,27.925982,2038
10,2037,No,6,12,No,Yes,20.47653,0
20,2036,No,4,7,Yes,No,29.331474,0
19,2039,No,5,10,Yes,Yes,15.376155,0
36,2040,Yes,3,10,Yes,Yes,19.595152,2036
35,2039,Yes,3,9,No,No,29.466497,2038
38,2035,No,7,13,Yes,Yes,25.765274,2036
16,2037,No,3,10,No,Yes,21.62421,0
22,2033,No,5,11,No,Yes,31.571541,0
14,2036,No,5,16,No,No,23.648888,0
17,2035,No,6,8,Yes,No,20.441889,0
27,2039,No,6,10,Yes,Yes,32.633072,0
12,2039,No,5,9,No,Yes,25.762846,0
39,2035,No,6,18,Yes,Yes,18.996063,2036
22,2040,No,5,9,No,Yes,25.352879,0
29,2039,No,3,7,Yes,Yes,24.621443,0
4,2034,No,5,14,No,No,32.586857,0
36,2034,No,3,9,No,Yes,27.479347,2036
19,2032,No,5,9,Yes,No,24.553335,0
5,2034,No,4,9,No,Yes,25.169371,0
15,2037,No,5,0,No,Yes,25.190559,0
40,2033,No,4,9,No,No,18.841318,2036
39,2032,No,6,9,Yes,Yes,23.041395,2036
31,2036,No,3,9,Yes,Yes,21.769323,2038
4,2036,No,5,14,Yes,Yes,33.498123,0
25,2033,No,5,18,Yes,Yes,20.261835,0
36,2035,No,3,14,Yes,Yes,34.044167,2036
25,2034,No,5,15,Yes,Yes,25.513659,0
36,2040,Yes,3,8,Yes,Yes,25.543997,2036
18,2035,No,5,9,Yes,No,16.398163,0
36,2039,Yes,3,12,Yes,Yes,28.694448,2036
17,2038,No,6,9,No,No,26.807489,0
28,2037,No,3,7,No,Yes,30.66997,0
16,2033,No,3,10,No,Yes,25.045107,0
22,2034,No,5,9,Yes,No,28.132221,0
11,2035,No,7,10,Yes,Yes,28.527933,0
20,2039,No,4,9,No,No,30.446022,0
17,2037,No,6,7,Yes,No,27.040428,0
17,2036,No,6,9,No,Yes,23.649397,0
32,2036,No,3,9,Yes,Yes,32.81868,2038
18,2037,No,5,0,Yes,Yes,22.144361,0
35,2036,No,3,8,Yes,No,23.890779,2038
27,2032,No,6,11,No,Yes,29.469074,0
35,2034,No,3,8,No,Yes,34.185043,2038
11,2034,No,7,9,No,Yes,15.574609,0
22,2037,No,5,19,Yes,Yes,15.33731,0
13,2034,No,3,13,Yes,No,27.525963,0
11,2037,No,7,12,Yes,No,32.731602,0
36,2037,Yes,3,9,Yes,No,31.544153,2036
4,2032,No,5,9,Yes,No,24.408533,0
12,2040,No,5,9,Yes,Yes,21.703672,0
27,2038,No,6,9,Yes,Yes,19.454252,0
21,2032,No,4,11,Yes,No,33.315384,0
40,2035,No,4,9,No,Yes,22.877464,2036
9,2039,No,3,14,No,No,26.222462,0
34,2035,No,3,10,No,No,18.366924,2038
39,2039,Yes,6,0,Yes,No,30.992416,2036
1,2036,Yes,6,8,Yes,Yes,23.209965,2034
32,2036,No,3,9,No,Yes,32.353226,2038
38,2036,Yes,7,8,Yes,No,30.996264,2036
7,2040,No,5,8,Yes,No,32.94474,0
5,2035,No,4,10,Yes,No,31.471834,0
7,2037,No,5,14,No,No,21.431248,0
4,2033,No,5,9,Yes,Yes,28.449701,0
38,2037,Yes,7,8,No,No,23.005081,2036
1,2035,Yes,6,8,No,Yes,18.532919,2034
7,2040,No,5,9,No,Yes,25.207567,0
38,2040,Yes,7,13,Yes,No,20.33091,2036
19,2034,No,5,10,Yes,No,36.174427,0
24,2032,No,5,9,No,Yes,31.135937,0
14,2040,No,5,10,No,No,25.206064,0
35,2032,No,3,7,No,No,27.830711,2038
8,2033,No,4,12,No,Yes,26.285383,0
20,2038,No,4,13,No,Yes,27.052567,0
34,2039,Yes,3,14,No,No,27.367153,2038
5,2039,No,4,9,Yes,No,22.917973,0
20,2037,No,4,11,No,Yes,25.605574,0
36,2034,No,3,9,Yes,No,33.947464,2036
40,2040,Yes,4,10,No,Yes,25.842987,2036
23,2038,No,2,12,Yes,Yes,25.015234,0
35,2032,No,3,9,Yes,No,24.875834,2038
40,2033,No,4,10,No,Yes,18.954796,2036
34,2040,Yes,3,9,Yes,No,23.070227,2038
40,2037,Yes,4,8,No,Yes,19.592484,2036
23,2039,No,2,8,No,Yes,26.428732,0
36,2039,Yes,3,9,Yes,Yes,28.000351,2036
35,2036,No,3,9,Yes,No,29.71282,2038
2,2035,Yes,6,9,Yes,Yes,31.316578,2034
6,2036,No,6,9,Yes,Yes,27.746943,0
31,2033,No,3,9,Yes,Yes,21.317307,2038
27,2035,No,6,9,No,Yes,23.983049,0
1,2040,Yes,6,18,Yes,Yes,25.201775,2034
37,2040,Yes,6,9,No,Yes,18.561878,2036
1,2039,Yes,6,11,No,Yes,22.898844,2034
26,2035,No,4,9,No,Yes,26.967979,0
38,2034,No,7,10,No,No,20.691118,2036
9,2039,No,3,9,Yes,Yes,17.99267,0
38,2039,Yes,7,8,Yes,No,21.435631,2036
34,2039,Yes,3,8,Yes,Yes,25.056332,2038
38,2032,No,7,10,No,Yes,24.471285,2036
6,2037,No,6,10,No,Yes,36.842056,0
30,2035,No,6,9,No,No,25.026518,0
39,2035,No,6,11,No,No,33.494152,2036
25,2037,No,5,9,No,Yes,19.750898,0
21,2037,No,4,9,No,Yes,32.183033,0
5,2033,No,4,9,No,No,31.593029,0
6,2039,No,6,9,Yes,Yes,27.068207,0
3,2037,Yes,5,12,No,Yes,32.723759,2034
19,2032,No,5,18,No,Yes,30.196508,0
9,2032,No,3,11,No,Yes,27.02158,0
9,2032,No,3,10,Yes,Yes,19.267361,0
29,2036,No,3,17,No,Yes,24.391909,0
1,2039,Yes,6,9,No,No,29.493412,2034
25,2035,No,5,9,No,Yes,27.840124,0
14,2039,No,5,8,No,Yes,25.084282,0
7,2038,No,5,9,Yes,No,25.318308,0
10,2033,No,6,9,Yes,Yes,25.21834,0
40,2033,No,4,8,No,Yes,24.05624,2036
13,2034,No,3,12,Yes,Yes,25.871336,0
30,2032,No,6,10,Yes,Yes,36.178375,0
13,2032,No,3,9,Yes,No,27.378086,0
36,2038,Yes,3,8,No,No,24.942556,2036
23,2038,No,2,14,No,Yes,31.780499,0
29,2040,No,3,18,No,Yes,19.382067,0
12,2040,No,5,9,Yes,Yes,26.898373,0
38,2038,Yes,7,8,Yes,Yes,28.698326,2036
15,2037,No,5,9,No,Yes,23.421185,0
37,2039,Yes,6,10,No,No,23.929611,2036
12,2038,No,5,11,Yes,No,24.00946,0
7,2032,No,5,9,Yes,Yes,26.879517,0
37,2038,Yes,6,7,Yes,No,15.094544,2036
28,2039,No,3,11,No,No,30.891329,0
35,2033,No,3,17,No,No,23.921545,2038
9,2039,No,3,8,Yes,Yes,18.87142,0
34,2033,No,3,10,Yes,Yes,29.827215,2038
37,2035,No,6,9,No,No,35.262016,2036
20,2035,No,4,8,Yes,No,27.267548,0
38,2033,No,7,13,No,Yes,31.575459,2036
28,2039,No,3,8,No,No,27.657269,0
24,2033,No,5,9,Yes,Yes,21.173429,0
29,2038,No,3,10,No,No,29.113169,0
13,2036,No,3,11,No,Yes,30.553389,0
12,2035,No,5,9,Yes,Yes,20.467993,0
3,2039,Yes,5,8,No,Yes,25.940805,2034
13,2037,No,3,9,No,Yes,18.059896,0
40,2036,Yes,4,9,No,Yes,17.227848,2036
36,2040,Yes,3,10,No,No,23.81123,2036
17,2032,No,6,9,Yes,Yes,30.523132,0
2,2032,No,6,12,Yes,No,19.071518,2034
9,2035,No,3,8,No,Yes,21.604448,0
40,2039,Yes,4,10,Yes,No,27.98699,2036
39,2033,No,6,12,No,Yes,27.661354,2036
7,2037,No,5,9,Yes,No,21.663794,0
37,2035,No,6,9,No,No,19.329041,2036
31,2032,No,3,9,Yes,Yes,26.554897,2038
28,2036,No,3,9,Yes,Yes,23.487638,0
8,2033,No,4,9,No,Yes,27.629856,0
17,2036,No,6,18,No,No,28.047155,0
34,2032,No,3,9,Yes,Yes,30.784212,2038
8,2034,No,4,12,Yes,No,30.825594,0
31,2035,No,3,9,No,Yes,26.851568,2038
38,2035,No,7,12,No,Yes,33.391556,2036
1,2035,Yes,6,12,No,Yes,15.916258,2034
12,2032,No,5,9,No,No,22.393147,0
10,2033,No,6,9,Yes,Yes,28.942085,0
1,2036,Yes,6,9,Yes,Yes,26.949537,2034
2,2033,No,6,9,No,Yes,27.647873,2034
12,2039,No,5,8,No,No,29.989706,0
14,2036,No,5,11,Yes,No,18.635765,0
14,2039,No,5,11,Yes,Yes,30.966131,0
30,2033,No,6,7,Yes,Yes,29.8944,0
6,2039,No,6,9,Yes,Yes,19.114994,0
5,2038,No,4,9,No,No,17.908447,0
13,2033,No,3,9,No,Yes,24.065399,0
26,2040,No,4,9,No,Yes,31.730633,0
38,2038,Yes,7,9,No,Yes,16.038431,2036
7,2034,No,5,11,Yes,Yes,28.799501,0
10,2032,No,6,9,Yes,No,31.228342,0
1,2036,Yes,6,9,Yes,No,17.454424,2034
24,2037,No,5,9,No,No,22.393932,0
4,2038,No,5,9,No,Yes,19.543758,0
23,2039,No,2,8,No,Yes,24.810051,0
4,2040,No,5,19,No,Yes,26.604879,0
14,2032,No,5,10,No,No,23.439014,0
18,2034,No,5,0,No,No,18.700293,0
9,2034,No,3,7,No,No,26.698366,0
25,2039,No,5,9,No,Yes,29.943371,0
17,2038,No,6,9,No,Yes,26.339695,0
27,2034,No,6,7,No,Yes,29.309113,0
3,2035,Yes,5,12,No,No,16.316614,2034
29,2039,No,3,9,Yes,Yes,22.088827,0
14,2032,No,5,12,Yes,No,21.173315,0
35,2035,No,3,12,No,No,27.255707,2038
19,2033,No,5,9,Yes,No,33.378204,0
17,2037,No,6,9,Yes,Yes,21.258615,0
4,2034,No,5,9,No,Yes,19.450157,0
40,2037,Yes,4,9,Yes,Yes,21.196634,2036
12,2037,No,5,11,Yes,Yes,22.576511,0
6,2036,No,6,12,No,Yes,26.627823,0
34,2036,No,3,8,No,No,21.098749,2038
15,2033,No,5,16,Yes,Yes,23.388472,0
18,2039,No,5,9,Yes,Yes,22.842817,0
11,2034,No,7,9,Yes,Yes,24.522892,0
15,2037,No,5,9,No,Yes,20.175348,0
14,2033,No,5,14,No,Yes,31.312752,0
25,2036,No,5,8,Yes,Yes,24.031811,0
18,2037,No,5,9,No,Yes,25.599735,0
12,2037,No,5,9,No,Yes,28.545628,0
24,2035,No,5,13,No,Yes,29.836187,0
27,2036,No,6,9,Yes,Yes,31.757399,0
28,2036,No,3,10,No,No,29.761927,0
25,2036,No,5,7,Yes,Yes,31.357422,0
35,2039,Yes,3,8,Yes,No,34.672752,2038
18,2035,No,5,10,Yes,No,18.696434,0
31,2033,No,3,9,No,Yes,30.684324,2038
5,2038,No,4,11,No,Yes,29.24394,0
7,2034,No,5,9,Yes,No,33.0308,0
23,2039,No,2,9,Yes,Yes,32.798462,0
40,2032,No,4,9,Yes,Yes,23.653477,2036
19,2036,No,5,11,Yes,No,22.608715,0
21,2036,No,4,12,Yes,Yes,33.233833,0
11,2036,No,7,12,No,Yes,26.638796,0
15,2037,No,5,16,No,Yes,21.514631,0
33,2032,No,3,9,No,Yes,18.847279,2038
12,2033,No,5,9,No,Yes,21.631418,0
35,2034,No,3,18,No,Yes,33.707493,2038
39,2039,Yes,6,9,No,No,26.280684,2036
30,2032,No,6,11,No,Yes,25.412455,0
2,2033,No,6,9,Yes,Yes,23.621737,2034
32,2040,Yes,3,10,No,No,26.194422,2038
28,2032,No,3,18,No,No,21.629049,0
23,2038,No,2,10,Yes,Yes,23.487995,0
5,2038,No,4,13,Yes,Yes,29.512047,0
37,2032,No,6,15,Yes,No,28.587532,2036
7,2037,No,5,12,Yes,Yes,30.728279,0
22,2038,No,5,9,No,Yes,27.107391,0
5,2034,No,4,8,No,Yes,22.776306,0
3,2040,Yes,5,10,No,Yes,17.887075,2034
18,2034,No,5,10,No,Yes,25.265234,0
5,2036,No,4,12,No,Yes,22.105055,0
9,2033,No,3,9,No,Yes,23.063997,0
24,2040,No,5,13,Yes,Yes,34.364109,0
17,2033,No,6,8,Yes,Yes,19.75416,0
40,2035,No,4,17,Yes,Yes,20.602909,2036
23,2036,No,2,10,Yes,Yes,32.197712,0
37,2037,Yes,6,7,Yes,No,25.757088,2036
6,2039,No,6,8,No,Yes,22.067425,0
40,2040,Yes,4,9,No,Yes,31.647604,2036
13,2040,No,3,10,No,Yes,34.108047,0
32,2040,Yes,3,7,Yes,Yes,26.728727,2038
14,2039,No,5,9,Yes,No,28.404186,0
35,2034,No,3,13,No,Yes,35.959248,2038
1,2035,Yes,6,7,No,Yes,21.161119,2034
21,2034,No,4,13,No,No,31.093836,0
27,2040,No,6,13,Yes,No,26.359447,0
33,2033,No,3,9,No,No,25.392843,2038
34,2035,No,3,8,No,Yes,32.847733,2038
18,2036,No,5,9,Yes,Yes,34.405552,0
2,2035,Yes,6,9,Yes,Yes,18.967789,2034
6,2038,No,6,11,Yes,No,33.299618,0
20,2040,No,4,7,Yes,Yes,34.244293,0
33,2036,No,3,9,Yes,No,31.634609,2038
31,2033,No,3,9,No,Yes,33.141106,2038
7,2034,No,5,9,Yes,No,27.064247,0
14,2037,No,5,9,Yes,No,28.716042,0
9,2037,No,3,11,No,Yes,29.024364,0
17,2038,No,6,9,No,Yes,21.484997,0
31,2038,Yes,3,11,Yes,Yes,23.075392,2038
20,2035,No,4,11,Yes,Yes,33.00613,0
36,2040,Yes,3,18,Yes,Yes,25.82427,2036
15,2039,No,5,9,No,No,23.647179,0
38,2037,Yes,7,5,Yes,No,18.001331,2036
40,2040,Yes,4,9,Yes,Yes,20.799925,2036
11,2035,No,7,7,Yes,Yes,26.062248,0
12,2036,No,5,7,No,Yes,18.484324,0
32,2036,No,3,15,No,No,18.466114,2038
40,2038,Yes,4,9,No,Yes,18.840199,2036
19,2036,No,5,9,Yes,Yes,24.042784,0
17,2038,No,6,8,Yes,No,20.889248,0
26,2032,No,4,9,No,Yes,32.445915,0
33,2037,No,3,9,No,Yes,22.616253,2038
34,2040,Yes,3,12,No,Yes,27.445093,2038
30,2038,No,6,16,No,Yes,24.465702,0
35,2036,No,3,17,No,Yes,20.464798,2038
26,2033,No,4,12,No,Yes,30.338268,0
23,2040,No,2,9,Yes,Yes,33.823132,0
16,2034,No,3,9,No,Yes,21.691362,0
6,2040,No,6,8,No,Yes,26.891113,0
18,2037,No,5,9,No,Yes,23.053568,0
33,2039,Yes,3,9,Yes,No,31.867928,2038
11,2036,No,7,12,Yes,Yes,30.686682,0
29,2037,No,3,15,No,Yes,31.007544,0
8,2035,No,4,9,No,No,16.97249,0
4,2033,No,5,15,No,Yes,26.961391,0
8,2033,No,4,9,No,Yes,20.951944,0
27,2032,No,6,9,Yes,No,26.915169,0
13,2035,No,3,13,Yes,No,21.500696,0
20,2038,No,4,9,Yes,Yes,37.017879,0
22,2034,No,5,9,No,Yes,30.812744,0
10,2032,No,6,10,No,Yes,22.835485,0
12,2036,No,5,9,Yes,Yes,23.191257,0
38,2035,No,7,13,No,Yes,21.051786,2036
40,2035,No,4,10,Yes,Yes,25.767963,2036
21,2040,No,4,19,No,Yes,23.901108,0
30,2040,No,6,11,Yes,Yes,28.32115,0
26,2035,No,4,11,No,Yes,22.05673,0
34,2036,No,3,9,No,No,18.2458,2038
21,2038,No,4,8,No,Yes,25.820782,0
22,2038,No,5,7,No,No,20.168636,0
34,2037,No,3,9,No,Yes,22.195658,2038
7,2034,No,5,9,No,Yes,16.061903,0
27,2038,No,6,15,Yes,Yes,29.241119,0
1,2032,No,6,12,Yes,Yes,27.402134,2034
10,2034,No,6,9,Yes,No,29.976421,0
6,2036,No,6,10,Yes,Yes,15.256536,0
10,2032,No,6,11,Yes,Yes,26.84955,0
5,2032,No,4,11,No,Yes,26.504145,0
11,2036,No,7,9,No,No,31.169067,0
16,2033,No,3,13,No,Yes,33.332359,0
10,2040,No,6,13,No,No,24.558146,0
24,2032,No,5,9,Yes,Yes,26.940344,0
38,2040,Yes,7,9,Yes,No,22.270605,2036
4,2035,No,5,9,No,Yes,22.94504,0
18,2037,No,5,7,Yes,Yes,21.581572,0
18,2035,No,5,11,Yes,No,25.374121,0
32,2033,No,3,11,Yes,Yes,27.217093,2038
14,2039,No,5,9,No,No,25.705334,0
11,2037,No,7,10,No,Yes,18.196913,0
18,2033,No,5,7,No,No,16.834976,0
15,2040,No,5,9,Yes,No,30.583168,0
2,2039,Yes,6,9,No,No,29.393559,2034
36,2032,No,3,11,No,Yes,27.92462,2036
10,2033,No,6,9,No,Yes,27.536694,0
37,2037,Yes,6,16,No,No,24.694767,2036
24,2038,No,5,9,Yes,No,24.895195,0
15,2034,No,5,11,No,No,31.994085,0
18,2032,No,5,9,Yes,No,29.886797,0
32,2034,No,3,10,Yes,Yes,19.943932,2038
25,2032,No,5,9,No,No,19.970188,0
13,2038,No,3,19,Yes,Yes,22.714771,0
18,2036,No,5,18,Yes,Yes,22.802614,0
18,2035,No,5,13,Yes,Yes,21.513386,0
22,2039,No,5,8,Yes,Yes,30.90933,0
12,2037,No,5,9,Yes,Yes,19.073168,0
3,2039,Yes,5,9,Yes,Yes,28.297396,2034
34,2039,Yes,3,9,No,No,29.986423,2038
26,2034,No,4,11,No,No,23.112076,0
27,2038,No,6,9,Yes,Yes,29.263731,0
25,2038,No,5,7,Yes,Yes,20.39216,0
25,2036,No,5,11,Yes,No,39.072834,0
38,2033,No,7,13,Yes,Yes,24.695637,2036
37,2033,No,6,10,Yes,No,32.71735,2036
23,2039,No,2,9,Yes,Yes,24.393587,0
12,2033,No,5,9,No,Yes,29.813187,0
26,2032,No,4,7,Yes,No,32.020321,0
39,2040,Yes,6,9,No,Yes,20.797424,2036
36,2039,Yes,3,9,Yes,Yes,16.67362,2036
11,2035,No,7,10,Yes,Yes,29.831985,0
12,2032,No,5,10,Yes,No,29.757576,0
38,2038,Yes,7,13,No,No,27.135221,2036
28,2032,No,3,9,No,No,28.701483,0
29,2037,No,3,7,Yes,Yes,22.455666,0
3,2039,Yes,5,9,Yes,Yes,18.782532,2034
40,2033,No,4,10,No,No,28.956387,2036
7,2034,No,5,9,No,No,31.714836,0
1,2032,No,6,7,No,No,22.764561,2034
1,2040,Yes,6,10,Yes,No,23.475601,2034
30,2038,No,6,11,No,Yes,21.583952,0
18,2037,No,5,8,Yes,No,21.296,0
6,2038,No,6,9,Yes,Yes,23.250486,0
17,2032,No,6,11,No,Yes,30.599966,0
22,2040,No,5,9,No,No,30.299553,0
34,2036,No,3,12,No,No,22.610111,2038
33,2032,No,3,9,Yes,No,21.614548,2038
4,2036,No,5,19,Yes,No,22.196903,0
32,2039,Yes,3,9,Yes,Yes,29.645802,2038
33,2034,No,3,13,No,No,23.332672,2038
33,2034,No,3,11,Yes,Yes,20.403124,2038
27,2037,No,6,18,No,No,23.162464,0
13,2036,No,3,9,No,Yes,26.761635,0
22,2038,No,5,11,No,No,25.414188,0
37,2039,Yes,6,19,No,No,26.446815,2036
5,2032,No,4,10,Yes,Yes,26.326864,0
9,2032,No,3,9,No,Yes,30.158318,0
16,2033,No,3,9,Yes,No,20.946638,0
19,2032,No,5,9,No,Yes,23.807568,0
13,2033,No,3,10,No,Yes,24.63595,0
29,2036,No,3,11,Yes,Yes,25.994572,0
21,2040,No,4,14,Yes,No,20.429092,0
36,2036,Yes,3,14,No,No,21.261772,2036
37,2037,Yes,6,9,Yes,Yes,16.253141,2036
32,2034,No,3,9,No,Yes,33.364056,2038
36,2035,No,3,14,No,No,22.374058,2036
36,2037,Yes,3,9,Yes,Yes,22.097797,2036
25,2032,No,5,9,No,Yes,21.249708,0
17,2032,No,6,9,No,Yes,27.330784,0
6,2040,No,6,12,Yes,No,25.518875,0
34,2035,No,3,9,No,Yes,20.382509,2038
1,2038,Yes,6,10,No,Yes,13.915852,2034
34,2034,No,3,9,No,Yes,19.757496,2038
17,2038,No,6,7,Yes,Yes,20.207548,0
35,2039,Yes,3,10,No,No,16.180174,2038
40,2034,No,4,9,No,No,32.723564,2036
28,2032,No,3,9,Yes,Yes,20.085732,0
6,2033,No,6,9,No,Yes,24.329788,0
23,2039,No,2,11,Yes,Yes,27.444794,0
9,2039,No,3,9,Yes,Yes,25.830042,0
5,2032,No,4,9,Yes,Yes,27.915625,0
10,2038,No,6,13,Yes,No,29.286156,0
31,2032,No,3,10,No,Yes,25.122995,2038
26,2040,No,4,18,Yes,Yes,27.082207,0
35,2035,No,3,9,No,Yes,33.673859,2038
1,2036,Yes,6,9,Yes,Yes,27.623438,2034
25,2040,No,5,19,Yes,Yes,28.126286,0
28,2035,No,3,10,No,Yes,29.421516,0
25,2039,No,5,9,No,Yes,27.249592,0
39,2038,Yes,6,9,Yes,Yes,25.123722,2036
2,2034,Yes,6,9,Yes,Yes,30.015032,2034
14,2036,No,5,12,No,No,29.901812,0
25,2039,No,5,9,Yes,No,31.164288,0
36,2032,No,3,9,Yes,No,20.785151,2036
1,2034,Yes,6,8,No,Yes,24.243855,2034
12,2036,No,5,9,No,No,23.381897,0
11,2034,No,7,10,Yes,No,15.816442,0
31,2038,Yes,3,9,Yes,Yes,26.315872,2038
14,2034,No,5,9,Yes,Yes,24.322437,0
37,2033,No,6,9,Yes,No,28.298481,2036
40,2037,Yes,4,9,No,Yes,28.411079,2036
21,2038,No,4,11,No,No,28.359653,0
29,2032,No,3,9,No,Yes,12.409617,0
3,2036,Yes,5,9,No,Yes,26.68943,2034
8,2032,No,4,9,Yes,Yes,22.300188,0
34,2033,No,3,11,Yes,Yes,17.157644,2038
14,2035,No,5,9,Yes,Yes,28.281979,0
6,2039,No,6,8,Yes,Yes,27.668037,0
16,2040,No,3,12,No,Yes,33.933174,0
17,2037,No,6,10,No,Yes,25.149628,0
5,2034,No,4,9,Yes,No,30.990984,0
22,2037,No,5,9,No,Yes,29.668983,0
37,2038,Yes,6,19,Yes,Yes,20.400848,2036
21,2039,No,4,9,No,Yes,30.318455,0
35,2032,No,3,13,Yes,No,23.387728,2038
20,2040,No,4,9,Yes,No,34.706917,0
10,2040,No,6,12,No,Yes,22.535568,0
8,2037,No,4,9,Yes,Yes,22.147526,0
8,2040,No,4,8,Yes,No,33.713322,0
27,2035,No,6,9,No,Yes,24.710018,0
8,2033,No,4,9,No,No,30.949486,0
13,2034,No,3,0,No,Yes,28.989145,0
38,2033,No,7,18,No,Yes,21.57457,2036
14,2033,No,5,9,Yes,Yes,20.284779,0
17,2036,No,6,9,Yes,Yes,24.688089,0
10,2039,No,6,11,Yes,Yes,17.900122,0
1,2032,No,6,9,No,Yes,25.860931,2034
16,2038,No,3,15,No,Yes,25.876492,0
27,2033,No,6,9,No,No,23.557997,0
9,2039,No,3,9,Yes,Yes,28.444479,0
3,2036,Yes,5,13,No,Yes,30.118486,2034
18,2034,No,5,12,No,No,14.015468,0
33,2038,Yes,3,10,No,No,19.491095,2038
1,2032,No,6,11,No,Yes,17.413197,2034
33,2040,Yes,3,11,Yes,Yes,18.615492,2038
16,2039,No,3,9,No,No,24.549271,0
33,2039,Yes,3,10,Yes,Yes,31.733927,2038
18,2036,No,5,19,Yes,Yes,30.6665,0
24,2037,No,5,12,No,Yes,24.053814,0
3,2036,Yes,5,9,No,Yes,17.331921,2034
40,2033,No,4,9,Yes,Yes,26.28483,2036
26,2037,No,4,11,No,No,20.67654,0
1,2038,Yes,6,11,No,Yes,19.276596,2034
23,2035,No,2,11,No,Yes,21.562986,0
39,2036,Yes,6,10,Yes,No,25.618732,2036
7,2034,No,5,9,No,Yes,30.874252,0
28,2036,No,3,9,No,Yes,19.057913,0
13,2036,No,3,10,No,Yes,25.82976,0
31,2034,No,3,10,Yes,Yes,30.803183,2038
31,2034,No,3,9,No,No,28.534929,2038
22,2034,No,5,15,Yes,Yes,29.998106,0
33,2035,No,3,9,Yes,No,32.935394,2038
2,2034,Yes,6,13,No,Yes,21.274179,2034
32,2036,No,3,9,Yes,Yes,19.619274,2038
17,2033,No,6,9,No,No,29.758371,0
33,2032,No,3,8,Yes,No,20.009941,2038
35,2034,No,3,9,No,Yes,22.854298,2038
10,2038,No,6,19,No,Yes,17.895023,0
24,2034,No,5,12,Yes,Yes,29.143368,0
13,2039,No,3,16,No,Yes,24.993273,0
25,2036,No,5,9,No,Yes,24.0441,0
4,2034,No,5,10,Yes,Yes,24.909668,0
20,2036,No,4,10,Yes,Yes,30.950006,0
31,2035,No,3,12,Yes,No,32.114777,2038
20,2039,No,4,11,No,Yes,27.719183,0
11,2035,No,7,9,No,Yes,30.898073,0
21,2034,No,4,13,Yes,Yes,27.408649,0
12,2040,No,5,9,Yes,Yes,29.369268,0
23,2033,No,2,9,No,Yes,33.412533,0
32,2038,Yes,3,9,No,No,23.123915,2038
19,2038,No,5,11,No,No,28.55978,0
4,2036,No,5,10,No,Yes,27.221712,0
6,2039,No,6,8,No,No,22.16394,0
4,2039,No,5,10,Yes,Yes,25.807096,0
33,2032,No,3,0,No,No,26.325085,2038
10,2035,No,6,10,Yes,No,32.972065,0
37,2038,Yes,6,19,Yes,Yes,14.879236,2036
12,2036,No,5,9,No,Yes,18.552229,0
38,2038,Yes,7,9,No,Yes,21.963791,2036
16,2040,No,3,8,No,Yes,21.740499,0
6,2038,No,6,9,Yes,Yes,23.031631,0
28,2038,No,3,0,No,Yes,23.765804,0
18,2035,No,5,7,Yes,Yes,20.538757,0
35,2036,No,3,9,No,No,30.300589,2038
19,2036,No,5,9,Yes,Yes,24.310213,0
3,2040,Yes,5,8,No,No,28.364038,2034
31,2035,No,3,9,Yes,Yes,27.744873,2038
30,2035,No,6,9,Yes,Yes,28.17008,0
12,2040,No,5,9,No,Yes,29.766197,0
22,2033,No,5,8,Yes,No,33.217262,0
26,2039,No,4,8,No,No,31.564236,0
26,2037,No,4,9,Yes,Yes,28.232552,0
6,2036,No,6,0,No,No,32.671963,0
9,2038,No,3,8,Yes,Yes,27.237419,0
12,2037,No,5,9,Yes,Yes,26.398407,0
3,2034,Yes,5,10,Yes,Yes,18.072546,2034
13,2034,No,3,9,Yes,No,23.250277,0
29,2037,No,3,11,Yes,Yes,31.765915,0
1,2037,Yes,6,8,Yes,No,28.979269,2034
34,2039,Yes,3,9,No,Yes,27.287449,2038
23,2037,No,2,10,No,No,28.754675,0
6,2034,No,6,10,Yes,Yes,20.369257,0
9,2032,No,3,12,No,No,30.056847,0
17,2039,No,6,9,No,Yes,23.775255,0
28,2033,No,3,12,Yes,No,26.661316,0
31,2040,Yes,3,12,Yes,Yes,33.588669,2038
40,2032,No,4,9,Yes,Yes,18.27037,2036
9,2032,No,3,11,Yes,Yes,24.098675,0
31,2035,No,3,15,No,No,23.323805,2038
36,2032,No,3,12,Yes,No,29.134207,2036
10,2036,No,6,19,Yes,Yes,34.30825,0
30,2038,No,6,13,No,No,29.031225,0
19,2036,No,5,9,Yes,No,17.190386,0
33,2035,No,3,9,Yes,Yes,26.812824,2038
28,2032,No,3,9,Yes,Yes,27.930737,0
35,2036,No,3,9,No,No,23.447767,2038
19,2032,No,5,9,Yes,No,37.330509,0
21,2037,No,4,9,No,Yes,19.855576,0
7,2040,No,5,9,Yes,No,23.163006,0
9,2040,No,3,9,Yes,No,20.940807,0
11,2035,No,7,11,Yes,Yes,26.547634,0
22,2032,No,5,9,Yes,Yes,33.332935,0
21,2036,No,4,8,No,Yes,18.780115,0
25,2038,No,5,8,Yes,Yes,18.628794,0
8,2040,No,4,9,Yes,No,32.77689,0
39,2034,No,6,15,Yes,No,24.693453,2036
17,2033,No,6,18,No,Yes,30.897429,0
21,2032,No,4,9,Yes,Yes,33.817684,0
32,2034,No,3,9,Yes,Yes,29.623205,2038
16,2036,No,3,12,No,Yes,25.889782,0
33,2033,No,3,11,Yes,No,34.041252,2038
29,2040,No,3,9,Yes,Yes,27.44253,0
20,2033,No,4,9,Yes,Yes,31.565134,0
26,2033,No,4,9,No,Yes,20.421518,0
23,2038,No,2,10,Yes,No,27.806923,0
9,2036,No,3,9,Yes,Yes,25.011045,0
27,2035,No,6,9,No,No,30.07795,0
20,2036,No,4,10,No,Yes,33.03981,0
16,2038,No,3,11,Yes,Yes,31.524788,0
18,2039,No,5,16,No,Yes,24.838663,0
27,2037,No,6,7,Yes,Yes,21.47703,0
15,2037,No,5,10,Yes,No,27.822779,0
8,2037,No,4,7,Yes,Yes,29.511444,0
23,2032,No,2,7,No,Yes,19.625826,0
33,2036,No,3,0,No,Yes,20.260384,2038
6,2033,No,6,8,No,Yes,26.208929,0
26,2039,No,4,7,No,No,17.344904,0
6,2032,No,6,10,No,No,20.788153,0
39,2040,Yes,6,9,Yes,Yes,21.922119,2036
40,2037,Yes,4,10,Yes,No,17.640177,2036
23,2037,No,2,11,Yes,Yes,23.461666,0
9,2037,No,3,10,No,No,17.057621,0
37,2034,No,6,15,No,No,24.689423,2036
25,2037,No,5,15,No,No,27.19495,0
16,2040,No,3,10,Yes,Yes,27.197491,0
21,2039,No,4,9,Yes,Yes,26.392548,0
27,2032,No,6,9,No,No,20.966677,0
26,2039,No,4,8,Yes,Yes,21.280659,0
6,2034,No,6,9,Yes,No,19.758224,0
37,2036,Yes,6,11,Yes,Yes,22.112202,2036
36,2039,Yes,3,14,No,No,14.28352,2036
30,2039,No,6,11,No,Yes,23.1073,0
11,2040,No,7,9,No,Yes,22.526564,0
35,2040,Yes,3,11,Yes,Yes,25.024338,2038
7,2040,No,5,7,No,No,21.601238,0
39,2035,No,6,10,Yes,No,29.787867,2036
14,2038,No,5,7,No,Yes,31.833118,0
22,2032,No,5,8,Yes,Yes,26.697084,0
5,2036,No,4,14,No,Yes,26.842512,0
39,2034,No,6,9,Yes,No,25.323614,2036
25,2035,No,5,13,Yes,No,29.072876,0
17,2032,No,6,12,No,Yes,27.961573,0
1,2033,No,6,17,No,Yes,31.833176,2034
9,2036,No,3,8,Yes,Yes,21.554832,0
6,2036,No,6,10,No,No,30.881723,0
25,2035,No,5,13,No,Yes,19.880547,0
2,2036,Yes,6,9,Yes,Yes,26.895557,2034
35,2033,No,3,10,No,Yes,23.549044,2038
33,2033,No,3,9,Yes,No,31.946903,2038
34,2035,No,3,18,No,Yes,31.381271,2038
37,2036,Yes,6,9,No,Yes,26.811312,2036
3,2039,Yes,5,8,No,Yes,18.533453,2034
17,2034,No,6,9,Yes,Yes,25.597408,0
33,2032,No,3,10,Yes,Yes,31.261051,2038
17,2038,No,6,7,Yes,No,30.374931,0
15,2040,No,5,13,Yes,No,31.81739,0
27,2040,No,6,10,Yes,No,28.400665,0
33,2039,Yes,3,9,No,No,30.216606,2038
16,2032,No,3,15,Yes,Yes,36.102562,0
12,2037,No,5,12,Yes,Yes,28.550379,0
27,2038,No,6,9,Yes,Yes,21.007414,0
3,2035,Yes,5,10,Yes,Yes,17.106607,2034
33,2035,No,3,14,No,Yes,24.289295,2038
8,2034,No,4,18,No,No,22.63232,0
14,2040,No,5,11,Yes,Yes,21.131998,0
24,2036,No,5,8,No,No,34.135963,0
38,2040,Yes,7,10,Yes,Yes,35.304695,2036
5,2037,No,4,9,No,Yes,26.784632,0
14,2034,No,5,12,Yes,Yes,26.598085,0
27,2037,No,6,7,Yes,Yes,23.95578,0
17,2040,No,6,9,Yes,No,32.190231,0
6,2040,No,6,7,No,Yes,15.519691,0
17,2035,No,6,13,Yes,Yes,32.464581,0
8,2040,No,4,9,Yes,No,24.266321,0
22,2039,No,5,7,Yes,Yes,25.641243,0
23,2039,No,2,11,No,No,27.995445,0
19,2040,No,5,7,No,No,23.038124,0
37,2034,No,6,10,Yes,Yes,29.25012,2036
18,2036,No,5,8,Yes,Yes,30.070171,0
28,2039,No,3,11,No,Yes,30.095749,0
16,2038,No,3,18,No,No,35.437077,0
16,2040,No,3,0,No,No,24.169603,0
11,2036,No,7,12,No,Yes,21.958103,0
4,2032,No,5,8,No,Yes,29.17639,0
39,2039,Yes,6,9,No,Yes,32.460987,2036
21,2033,No,4,9,No,No,28.99803,0
10,2039,No,6,0,Yes,Yes,19.738678,0
27,2036,No,6,9,No,No,28.217178,0
25,2039,No,5,9,Yes,No,25.255247,0
35,2036,No,3,19,No,Yes,23.065748,2038
6,2035,No,6,13,Yes,Yes,29.243547,0
29,2034,No,3,8,No,Yes,23.846611,0
6,2034,No,6,12,Yes,Yes,31.797028,0
14,2034,No,5,9,Yes,Yes,16.798532,0
15,2032,No,5,9,No,Yes,22.45789,0
25,2038,No,5,12,No,Yes,30.988447,0
15,2032,No,5,10,No,Yes,29.126776,0
27,2034,No,6,11,No,Yes,31.367052,0
33,2032,No,3,10,No,Yes,24.55917,2038
22,2038,No,5,10,No,No,28.427578,0
17,2035,No,6,0,Yes,No,20.973774,0
39,2035,No,6,8,No,Yes,24.488007,2036
16,2034,No,3,9,No,Yes,20.749228,0
4,2032,No,5,9,No,Yes,20.740747,0
30,2039,No,6,9,No,Yes,27.330101,0
6,2037,No,6,8,Yes,No,20.991848,0
4,2033,No,5,18,Yes,Yes,24.347475,0
26,2034,No,4,9,Yes,Yes,32.158207,0
16,2038,No,3,9,Yes,Yes,23.726084,0
12,2039,No,5,10,No,No,22.605125,0
13,2039,No,3,11,Yes,No,19.137682,0
34,2038,Yes,3,11,Yes,No,21.883991,2038
33,2037,No,3,10,No,No,32.421337,2038
4,2032,No,5,9,No,Yes,31.238871,0
9,2032,No,3,10,Yes,Yes,25.505989,0
28,2036,No,3,7,No,Yes,21.636538,0
14,2032,No,5,9,Yes,No,35.613052,0
34,2037,No,3,9,Yes,Yes,23.227652,2038
6,2035,No,6,8,Yes,No,32.41827,0
13,2035,No,3,12,No,No,19.163973,0
20,2036,No,4,14,No,Yes,26.602161,0
31,2040,Yes,3,9,Yes,No,24.688246,2038
15,2039,No,5,9,No,No,20.310827,0
12,2032,No,5,11,No,Yes,26.930456,0
35,2040,Yes,3,9,No,Yes,24.787397,2038
29,2039,No,3,9,No,Yes,18.121059,0
21,2039,No,4,10,Yes,Yes,25.625111,0
13,2038,No,3,17,No,Yes,29.832878,0
11,2036,No,7,8,Yes,Yes,20.444227,0
37,2032,No,6,14,Yes,Yes,35.430401,2036
9,2040,No,3,11,No,No,30.697056,0
1,2033,No,6,9,No,Yes,24.976963,2034
35,2034,No,3,12,Yes,Yes,27.493971,2038
4,2032,No,5,11,Yes,Yes,26.895824,0
17,2035,No,6,12,Yes,Yes,20.91029,0
40,2036,Yes,4,10,Yes,Yes,25.6686,2036
19,2033,No,5,9,Yes,No,18.843777,0
30,2032,No,6,8,Yes,Yes,32.835804,0
24,2039,No,5,9,Yes,No,29.911512,0
2,2032,No,6,9,No,No,26.033518,2034
32,2034,No,3,10,Yes,No,24.993513,2038
29,2032,No,3,10,No,Yes,19.109459,0
16,2038,No,3,15,Yes,Yes,19.061285,0
23,2036,No,2,8,Yes,Yes,29.538515,0
23,2036,No,2,11,No,No,23.925394,0
36,2032,No,3,19,No,Yes,24.727348,2036
19,2034,No,5,11,Yes,Yes,25.012566,0
18,2033,No,5,11,Yes,Yes,25.81015,0
9,2033,No,3,9,No,No,22.626501,0
9,2035,No,3,9,Yes,Yes,23.182455,0
5,2032,No,4,11,Yes,Yes,31.161398,0
18,2035,No,5,12,No,Yes,17.94714,0
8,2036,No,4,7,Yes,Yes,16.807955,0
11,2032,No,7,8,Yes,Yes,28.943682,0
21,2037,No,4,9,Yes,No,30.092461,0
12,2038,No,5,13,Yes,Yes,25.787125,0
5,2036,No,4,12,Yes,No,23.67473,0
2,2036,Yes,6,7,Yes,Yes,30.572233,2034
4,2040,No,5,8,Yes,Yes,22.172932,0
28,2038,No,3,12,Yes,Yes,28.460909,0
24,2032,No,5,8,Yes,No,35.64365,0
35,2035,No,3,9,No,No,21.657951,2038
16,2035,No,3,11,No,Yes,32.651192,0
26,2037,No,4,19,Yes,Yes,34.084663,0
10,2040,No,6,9,No,Yes,19.273352,0
27,2037,No,6,9,No,No,27.85137,0
15,2040,No,5,13,No,Yes,25.602875,0
32,2038,Yes,3,12,Yes,Yes,31.665874,2038
7,2039,No,5,8,No,Yes,28.357056,0
11,2040,No,7,16,No,Yes,22.430988,0
31,2038,Yes,3,9,Yes,Yes,27.357002,2038
9,2035,No,3,18,No,Yes,25.116777,0
35,2034,No,3,7,Yes,No,34.946541,2038
3,2033,No,5,9,No,Yes,22.649994,2034
1,2035,Yes,6,19,Yes,Yes,18.247665,2034
7,2039,No,5,8,Yes,Yes,32.557949,0
1,2033,No,6,9,Yes,No,20.347836,2034
3,2034,Yes,5,10,No,Yes,32.738571,2034
7,2037,No,5,19,No,No,18.198025,0
31,2039,Yes,3,9,No,Yes,18.82094,2038
27,2035,No,6,17,No,Yes,22.286177,0
22,2033,No,5,9,No,Yes,28.914253,0
23,2035,No,2,9,No,Yes,27.905582,0
38,2040,Yes,7,9,No,Yes,25.557281,2036
20,2033,No,4,19,No,Yes,21.187759,0
11,2036,No,7,9,No,Yes,18.863625,0
36,2038,Yes,3,9,No,No,26.146635,2036
1,2037,Yes,6,16,Yes,Yes,20.445154,2034
33,2039,Yes,3,8,No,No,32.641842,2038
3,2038,Yes,5,9,Yes,No,16.469563,2034
29,2032,No,3,9,No,Yes,25.084385,0
31,2032,No,3,9,Yes,Yes,32.711731,2038
4,2038,No,5,9,No,Yes,22.728573,0
40,2037,Yes,4,11,No,Yes,30.397583,2036
39,2032,No,6,9,No,Yes,25.71633,2036
36,2033,No,3,14,No,Yes,33.237263,2036
22,2033,No,5,9,Yes,Yes,20.487375,0
27,2039,No,6,9,No,No,20.210594,0
40,2035,No,4,10,No,Yes,29.921246,2036
4,2037,No,5,9,Yes,No,25.943428,0
27,2034,No,6,10,No,Yes,23.047741,0
31,2037,No,3,8,No,Yes,23.200945,2038
33,2035,No,3,11,Yes,No,26.485144,2038
13,2038,No,3,9,Yes,Yes,29.752741,0
2,2036,Yes,6,10,Yes,Yes,17.437803,2034
20,2037,No,4,9,Yes,Yes,31.036077,0
1,2033,No,6,9,No,Yes,18.387104,2034
38,2034,No,7,9,Yes,Yes,32.613976,2036
2,2034,Yes,6,12,Yes,Yes,20.983067,2034
37,2036,Yes,6,10,Yes,Yes,25.438393,2036
40,2036,Yes,4,18,No,Yes,28.826607,2036
1,2036,Yes,6,15,No,Yes,17.694635,2034
38,2033,No,7,12,Yes,Yes,26.235224,2036
12,2035,No,5,10,No,No,31.102152,0
12,2036,No,5,9,No,No,32.221024,0
39,2033,No,6,10,Yes,Yes,28.302454,2036
18,2035,No,5,9,Yes,Yes,29.720358,0
36,2035,No,3,11,No,Yes,21.626734,2036
26,2032,No,4,10,No,Yes,26.541351,0
6,2039,No,6,15,No,No,28.951378,0
26,2038,No,4,15,No,No,23.429213,0
22,2038,No,5,13,Yes,Yes,25.512381,0
25,2038,No,5,8,Yes,Yes,32.942219,0
28,2035,No,3,4,No,Yes,28.291992,0
33,2035,No,3,9,Yes,Yes,27.373449,2038
24,2036,No,5,17,Yes,Yes,32.407986,0
18,2033,No,5,15,Yes,Yes,26.121851,0
8,2038,No,4,12,Yes,Yes,23.022903,0
39,2036,Yes,6,12,No,Yes,29.367725,2036
7,2040,No,5,19,Yes,No,28.852264,0
26,2032,No,4,9,No,Yes,34.873482,0
30,2033,No,6,9,Yes,Yes,23.308559,0
16,2035,No,3,9,No,Yes,15.47499,0
21,2034,No,4,10,No,Yes,16.964333,0
30,2035,No,6,9,No,Yes,22.330698,0
34,2032,No,3,9,No,Yes,20.938452,2038
37,2034,No,6,10,Yes,Yes,23.28121,2036
10,2033,No,6,9,Yes,Yes,16.518879,0
10,2036,No,6,17,No,No,23.725128,0
30,2035,No,6,12,No,Yes,18.016184,0
38,2037,Yes,7,9,Yes,No,20.89609,2036
1,2033,No,6,7,No,Yes,28.32029,2034
5,2032,No,4,7,No,Yes,30.87619,0
39,2040,Yes,6,10,Yes,Yes,28.306723,2036
35,2038,Yes,3,8,Yes,No,26.07485,2038
38,2039,Yes,7,10,Yes,No,30.085709,2036
14,2038,No,5,9,No,Yes,23.121759,0
6,2039,No,6,9,Yes,No,19.372149,0
14,2040,No,5,9,Yes,Yes,32.151283,0
29,2032,No,3,7,Yes,Yes,25.309578,0
23,2039,No,2,9,No,No,20.934761,0
34,2037,No,3,9,No,No,28.006969,2038
19,2032,No,5,9,Yes,Yes,19.403292,0
1,2038,Yes,6,10,Yes,Yes,22.684546,2034
8,2033,No,4,9,Yes,Yes,24.618971,0
15,2033,No,5,9,No,Yes,22.884689,0
26,2035,No,4,11,Yes,Yes,29.442249,0
34,2038,Yes,3,7,Yes,Yes,16.655727,2038
24,2037,No,5,9,Yes,Yes,33.064022,0
31,2040,Yes,3,13,No,Yes,23.13991,2038
21,2034,No,4,9,Yes,Yes,26.065321,0
36,2037,Yes,3,9,Yes,Yes,27.882158,2036
25,2032,No,5,9,No,Yes,15.910091,0
22,2040,No,5,13,Yes,Yes,28.887892,0
1,2037,Yes,6,9,Yes,Yes,14.775704,2034
38,2037,Yes,7,11,Yes,Yes,16.201696,2036
3,2040,Yes,5,9,Yes,Yes,19.817932,2034
1,2040,Yes,6,10,Yes,Yes,32.647957,2034
15,2040,No,5,11,Yes,Yes,19.764034,0
20,2035,No,4,3,No,Yes,33.033504,0
18,2033,No,5,9,Yes,No,26.161535,0
3,2032,No,5,7,Yes,Yes,19.192602,2034
37,2035,No,6,7,Yes,No,20.947174,2036
34,2039,Yes,3,2,No,Yes,24.335928,2038
36,2034,No,3,9,No,Yes,22.461039,2036
2,2037,Yes,6,9,No,Yes,13.549927,2034
17,2037,No,6,9,Yes,No,32.771622,0
14,2040,No,5,9,Yes,Yes,18.544449,0
4,2038,No,5,9,Yes,Yes,18.122564,0
30,2033,No,6,11,No,No,20.340553,0
8,2040,No,4,12,Yes,Yes,20.938437,0
34,2039,Yes,3,9,Yes,Yes,18.281326,2038
38,2038,Yes,7,9,Yes,Yes,25.447781,2036
38,2035,No,7,9,Yes,No,24.032446,2036
33,2035,No,3,9,Yes,Yes,30.604546,2038
39,2039,Yes,6,9,No,No,26.205433,2036
25,2034,No,5,13,No,Yes,19.500271,0
32,2037,No,3,10,No,No,26.334339,2038
4,2036,No,5,13,Yes,Yes,22.711802,0
28,2034,No,3,9,No,No,25.625467,0
29,2035,No,3,7,No,Yes,31.225386,0
17,2039,No,6,18,Yes,Yes,26.484871,0
2,2033,No,6,12,Yes,Yes,35.458702,2034
30,2035,No,6,10,Yes,Yes,34.721794,0
8,2034,No,4,9,No,Yes,28.24826,0
25,2033,No,5,8,Yes,Yes,31.688839,0
31,2039,Yes,3,7,Yes,Yes,18.615356,2038
40,2039,Yes,4,9,No,No,22.619474,2036
4,2035,No,5,7,No,Yes,24.439943,0
27,2035,No,6,9,Yes,Yes,31.510618,0
16,2033,No,3,9,No,No,24.569576,0
5,2034,No,4,12,No,Yes,33.491047,0
12,2034,No,5,13,Yes,Yes,25.364214,0
28,2037,No,3,8,No,Yes,30.649342,0
25,2037,No,5,19,No,No,23.225685,0
26,2034,No,4,7,No,No,21.942629,0
34,2040,Yes,3,9,Yes,No,28.76248,2038
22,2036,No,5,8,Yes,Yes,31.251698,0
31,2040,Yes,3,9,No,No,32.254574,2038
6,2036,No,6,10,No,No,29.470062,0
9,2038,No,3,9,Yes,Yes,26.493275,0
35,2040,Yes,3,9,Yes,No,31.441662,2038
5,2037,No,4,10,No,No,26.429789,0
39,2036,Yes,6,11,Yes,Yes,19.867931,2036
22,2033,No,5,9,No,Yes,27.886734,0
1,2034,Yes,6,9,No,No,33.029171,2034
3,2040,Yes,5,10,No,Yes,19.179506,2034
40,2038,Yes,4,10,Yes,Yes,32.492088,2036
35,2039,Yes,3,18,Yes,Yes,19.238884,2038
13,2037,No,3,12,Yes,No,29.257004,0
35,2032,No,3,0,Yes,Yes,25.049065,2038
15,2036,No,5,19,No,Yes,31.104582,0
10,2035,No,6,7,No,Yes,20.520058,0
13,2040,No,3,10,No,No,29.614742,0
11,2034,No,7,13,Yes,No,31.598614,0
4,2038,No,5,8,No,No,20.789202,0
20,2038,No,4,9,No,No,23.879766,0
37,2032,No,6,9,No,No,24.845873,2036
33,2035,No,3,11,Yes,Yes,30.289997,2038
20,2034,No,4,9,No,Yes,29.352499,0
10,2038,No,6,18,No,No,26.320951,0
24,2039,No,5,9,No,Yes,22.715509,0
30,2035,No,6,8,No,No,20.816471,0
30,2039,No,6,13,Yes,No,35.912178,0
6,2035,No,6,8,Yes,Yes,22.522745,0
25,2038,No,5,9,No,Yes,25.088463,0
33,2033,No,3,10,Yes,Yes,31.121117,2038
10,2040,No,6,19,No,Yes,25.671841,0
4,2040,No,5,9,No,No,30.766991,0
10,2037,No,6,9,No,Yes,22.171585,0
3,2040,Yes,5,9,No,Yes,18.017782,2034
13,2036,No,3,9,Yes,Yes,22.882198,0
15,2033,No,5,9,Yes,Yes,31.866919,0
9,2039,No,3,9,No,Yes,28.879959,0
34,2038,Yes,3,9,No,No,17.863682,2038
5,2039,No,4,8,No,Yes,21.298992,0
5,2036,No,4,3,Yes,No,33.321594,0
8,2040,No,4,10,Yes,Yes,26.745182,0
3,2037,Yes,5,9,Yes,Yes,14.665527,2034
24,2033,No,5,9,No,No,24.797415,0
4,2032,No,5,9,Yes,No,26.44195,0
34,2038,Yes,3,9,No,Yes,18.567612,2038
20,2038,No,4,14,No,No,26.968662,0
19,2040,No,5,9,No,Yes,23.469286,0
24,2035,No,5,11,Yes,Yes,34.62635,0
2,2039,Yes,6,9,Yes,No,22.922083,2034
8,2037,No,4,9,No,Yes,15.55277,0
17,2037,No,6,9,Yes,Yes,22.254522,0
34,2032,No,3,11,Yes,Yes,29.296482,2038
14,2036,No,5,10,No,Yes,21.376863,0
5,2036,No,4,9,No,Yes,21.196558,0
13,2038,No,3,12,No,Yes,22.880236,0
7,2040,No,5,10,No,No,28.140226,0
1,2036,Yes,6,10,No,Yes,17.554699,2034
16,2039,No,3,9,No,Yes,31.245714,0
29,2039,No,3,13,Yes,Yes,24.513012,0
27,2039,No,6,7,Yes,No,30.559271,0
38,2032,No,7,9,Yes,Yes,20.539249,2036
13,2040,No,3,9,No,No,28.109161,0
35,2033,No,3,9,No,No,30.039606,2038
30,2034,No,6,10,No,Yes,23.783037,0
30,2033,No,6,10,Yes,Yes,29.917742,0
19,2035,No,5,11,Yes,No,33.233109,0
38,2038,Yes,7,9,No,Yes,22.191914,2036
25,2035,No,5,10,No,Yes,26.604837,0
2,2039,Yes,6,11,No,Yes,28.529474,2034
33,2037,No,3,19,Yes,No,27.474962,2038
10,2037,No,6,17,Yes,No,18.980047,0
36,2034,No,3,9,Yes,No,28.707705,2036
6,2038,No,6,11,Yes,No,24.226542,0
13,2036,No,3,9,Yes,Yes,30.530018,0
23,2035,No,2,9,Yes,Yes,33.925793,0
24,2040,No,5,10,Yes,Yes,30.737906,0
4,2032,No,5,7,Yes,Yes,22.896561,0
16,2033,No,3,10,No,Yes,19.671162,0
4,2034,No,5,11,No,Yes,21.665264,0
24,2038,No,5,10,No,Yes,14.953738,0
5,2035,No,4,9,No,Yes,20.003271,0
24,2039,No,5,9,No,Yes,19.904507,0
25,2032,No,5,9,Yes,Yes,23.641239,0
32,2034,No,3,8,No,Yes,19.966322,2038
13,2037,No,3,9,Yes,Yes,20.877666,0
30,2036,No,6,10,Yes,No,22.137001,0
25,2040,No,5,12,Yes,Yes,31.876638,0
13,2037,No,3,9,No,Yes,23.877592,0
38,2038,Yes,7,10,No,Yes,29.784948,2036
21,2033,No,4,13,Yes,Yes,18.280886,0
28,2038,No,3,11,No,Yes,21.766197,0
11,2039,No,7,9,No,No,25.938313,0
15,2033,No,5,7,Yes,No,23.206055,0
32,2032,No,3,9,Yes,Yes,29.85821,2038
29,2039,No,3,8,No,Yes,21.956526,0
3,2034,Yes,5,9,No,No,30.726978,2034
13,2038,No,3,9,No,Yes,23.076571,0
11,2036,No,7,11,No,Yes,35.229954,0
17,2035,No,6,9,Yes,Yes,34.129742,0
12,2037,No,5,12,Yes,No,33.866924,0
21,2038,No,4,10,Yes,No,33.456303,0
8,2033,No,4,9,Yes,Yes,26.015497,0
30,2035,No,6,9,Yes,Yes,20.346861,0
39,2032,No,6,8,No,Yes,20.817816,2036
2,2037,Yes,6,9,Yes,Yes,28.483059,2034
13,2035,No,3,9,No,Yes,22.619822,0
8,2040,No,4,11,No,No,25.212814,0
23,2040,No,2,8,No,Yes,20.601368,0
28,2038,No,3,9,No,Yes,19.182695,0
15,2036,No,5,12,No,Yes,23.703735,0
4,2039,No,5,7,Yes,No,27.984045,0
19,2032,No,5,10,No,Yes,22.702723,0
8,2034,No,4,7,Yes,Yes,32.827091,0
3,2035,Yes,5,7,No,No,21.511213,2034
15,2032,No,5,7,No,Yes,26.354265,0
8,2036,No,4,10,No,No,33.723309,0
12,2036,No,5,12,No,Yes,20.222811,0
16,2040,No,3,7,Yes,No,32.179653,0
15,2034,No,5,9,No,No,32.647251,0
3,2034,Yes,5,9,Yes,Yes,28.467812,2034
28,2032,No,3,9,Yes,Yes,20.21834,0
12,2034,No,5,9,Yes,Yes,24.028345,0
34,2037,No,3,13,No,Yes,19.013821,2038
6,2032,No,6,12,No,Yes,21.988087,0
8,2038,No,4,11,Yes,No,36.753529,0
39,2040,Yes,6,0,No,No,24.323301,2036
22,2040,No,5,10,Yes,No,30.38629,0
7,2038,No,5,9,Yes,Yes,33.401428,0
13,2032,No,3,8,No,No,30.514519,0
37,2035,No,6,9,Yes,Yes,26.111866,2036
40,2039,Yes,4,9,Yes,Yes,27.368685,2036
3,2038,Yes,5,9,Yes,Yes,22.289385,2034
24,2039,No,5,9,Yes,Yes,18.495516,0
19,2036,No,5,9,No,No,24.701298,0
4,2037,No,5,7,No,No,27.877121,0
17,2035,No,6,9,Yes,No,27.404594,0
20,2040,No,4,7,No,Yes,28.993877,0
29,2038,No,3,9,Yes,Yes,28.578568,0
3,2037,Yes,5,9,Yes,Yes,17.358101,2034
40,2032,No,4,9,Yes,Yes,21.679834,2036
37,2036,Yes,6,9,No,Yes,13.838435,2036
25,2035,No,5,12,No,Yes,19.82659,0
13,2037,No,3,8,Yes,No,26.960476,0
39,2036,Yes,6,13,No,Yes,21.311069,2036
8,2033,No,4,9,Yes,Yes,28.560148,0
4,2038,No,5,9,No,Yes,28.149181,0
31,2037,No,3,10,Yes,Yes,33.291138,2038
23,2040,No,2,9,Yes,Yes,20.376991,0
7,2038,No,5,18,No,Yes,24.651464,0
17,2039,No,6,9,No,No,29.773081,0
21,2040,No,4,9,No,No,23.358557,0
33,2038,Yes,3,9,Yes,Yes,26.305887,2038
27,2033,No,6,0,No,No,19.543444,0
34,2035,No,3,9,No,Yes,28.357574,2038
24,2032,No,5,9,Yes,Yes,27.240101,0
17,2039,No,6,12,Yes,Yes,30.482643,0
29,2033,No,3,9,No,Yes,13.581873,0
31,2036,No,3,9,Yes,Yes,22.577938,2038
22,2036,No,5,8,No,Yes,19.512402,0
20,2037,No,4,8,Yes,No,31.290211,0
38,2032,No,7,8,Yes,No,36.543835,2036
7,2034,No,5,9,No,Yes,23.267563,0
29,2039,No,3,9,Yes,Yes,23.194965,0
9,2036,No,3,8,No,Yes,15.948275,0
7,2039,No,5,9,Yes,Yes,21.091248,0
31,2034,No,3,8,No,Yes,32.262768,2038
36,2034,No,3,11,Yes,Yes,31.790756,2036
34,2036,No,3,18,No,Yes,18.207056,2038
2,2034,Yes,6,9,No,No,27.141039,2034
36,2037,Yes,3,9,No,Yes,30.590469,2036
39,2040,Yes,6,11,Yes,Yes,23.309464,2036
18,2036,No,5,8,Yes,Yes,28.895216,0
15,2032,No,5,9,No,Yes,28.83181,0
1,2034,Yes,6,10,No,Yes,22.938448,2034
8,2033,No,4,9,Yes,Yes,20.374159,0
34,2034,No,3,8,Yes,No,36.722099,2038
29,2032,No,3,11,No,Yes,22.666149,0
25,2037,No,5,9,No,Yes,30.377363,0
10,2039,No,6,8,Yes,Yes,19.690746,0
16,2035,No,3,7,Yes,Yes,29.400948,0
28,2039,No,3,12,No,No,22.164867,0
37,2037,Yes,6,10,Yes,No,33.654572,2036
13,2035,No,3,9,Yes,Yes,23.099579,0
4,2040,No,5,9,No,No,30.935251,0
21,2038,No,4,11,No,Yes,18.450449,0
29,2040,No,3,9,No,No,26.022636,0
27,2032,No,6,7,No,Yes,28.779585,0
1,2040,Yes,6,10,Yes,No,20.421719,2034
6,2037,No,6,9,No,No,22.659292,0
35,2039,Yes,3,9,No,Yes,22.896282,2038
15,2040,No,5,7,Yes,Yes,21.18202,0
11,2038,No,7,10,No,No,31.050999,0
13,2036,No,3,10,No,Yes,27.687727,0
2,2040,Yes,6,9,Yes,No,37.204964,2034
31,2036,No,3,9,No,No,23.236271,2038
36,2039,Yes,3,9,No,No,23.304276,2036
15,2040,No,5,9,No,Yes,29.10305,0
40,2033,No,4,10,No,No,25.276621,2036
34,2035,No,3,8,No,Yes,23.976019,2038
32,2034,No,3,9,No,Yes,35.537064,2038
32,2036,No,3,11,Yes,No,19.406719,2038
24,2034,No,5,10,Yes,No,26.908693,0
32,2034,No,3,10,Yes,Yes,17.612164,2038
32,2032,No,3,11,No,No,19.5961,2038
16,2039,No,3,9,No,No,20.064703,0
39,2033,No,6,9,Yes,Yes,27.673443,2036
23,2035,No,2,8,No,No,27.739161,0
8,2036,No,4,15,No,Yes,17.070423,0
31,2034,No,3,9,Yes,Yes,31.932449,2038
4,2036,No,5,14,Yes,Yes,24.256739,0
4,2038,No,5,9,No,No,28.315531,0
30,2039,No,6,8,Yes,No,28.394073,0
38,2038,Yes,7,8,Yes,Yes,24.047268,2036
10,2040,No,6,10,No,Yes,20.758575,0
36,2034,No,3,9,No,Yes,27.225513,2036
23,2037,No,2,10,Yes,Yes,21.530703,0
20,2037,No,4,9,No,Yes,28.111065,0
14,2038,No,5,9,No,No,28.557232,0
27,2033,No,6,9,No,Yes,27.593304,0
19,2039,No,5,8,Yes,Yes,18.091297,0
16,2033,No,3,0,Yes,Yes,21.56658,0
6,2036,No,6,10,No,No,32.067516,0
4,2034,No,5,9,Yes,Yes,16.599424,0
39,2039,Yes,6,10,Yes,Yes,25.265392,2036
11,2033,No,7,9,Yes,No,30.972782,0
5,2033,No,4,10,No,Yes,23.097977,0
14,2032,No,5,8,No,No,25.432261,0
32,2037,No,3,11,Yes,No,20.777111,2038
38,2037,Yes,7,10,No,No,25.985939,2036
14,2034,No,5,10,Yes,Yes,30.596483,0
25,2036,No,5,9,Yes,No,31.274773,0
34,2035,No,3,8,Yes,No,24.098989,2038
26,2033,No,4,9,No,Yes,29.500999,0
38,2039,Yes,7,9,Yes,Yes,31.178429,2036
30,2038,No,6,7,Yes,No,32.570156,0
40,2039,Yes,4,0,No,No,28.734064,2036
18,2035,No,5,11,Yes,Yes,20.769001,0
18,2037,No,5,9,Yes,No,32.399399,0
16,2040,No,3,9,No,No,16.387026,0
38,2032,No,7,9,No,No,24.820324,2036
35,2036,No,3,13,No,No,29.259546,2038
29,2035,No,3,9,Yes,Yes,32.00589,0
32,2033,No,3,10,Yes,Yes,31.053576,2038
1,2035,Yes,6,9,No,Yes,24.007368,2034
12,2032,No,5,9,Yes,No,23.573313,0
24,2037,No,5,11,Yes,Yes,20.408314,0
20,2032,No,4,9,Yes,Yes,27.57156,0
16,2036,No,3,8,No,Yes,19.333696,0
21,2040,No,4,8,No,Yes,16.31221,0
18,2037,No,5,8,No,Yes,22.909729,0
39,2035,No,6,9,Yes,No,32.969822,2036
25,2039,No,5,9,Yes,Yes,24.314789,0
27,2035,No,6,9,No,No,20.754196,0
39,2032,No,6,12,Yes,Yes,31.281721,2036
23,2039,No,2,9,Yes,Yes,27.796576,0
12,2039,No,5,9,No,No,22.322046,0
40,2035,No,4,19,Yes,No,19.624203,2036
1,2038,Yes,6,8,No,Yes,28.660456,2034
4,2038,No,5,13,No,No,26.848358,0
9,2033,No,3,18,Yes,Yes,22.064791,0
5,2034,No,4,11,No,Yes,26.426476,0
5,2036,No,4,9,No,Yes,17.747301,0
18,2036,No,5,10,Yes,No,26.106159,0
19,2037,No,5,10,Yes,Yes,20.995708,0
7,2038,No,5,10,No,Yes,31.489525,0
3,2034,Yes,5,7,No,Yes,29.528933,2034
35,2040,Yes,3,11,No,Yes,19.788858,2038
34,2035,No,3,11,No,Yes,29.256762,2038
36,2032,No,3,0,Yes,Yes,18.913929,2036
1,2036,Yes,6,9,No,Yes,20.6084,2034
11,2032,No,7,10,Yes,Yes,27.615339,0
22,2037,No,5,10,Yes,Yes,29.247524,0
20,2032,No,4,9,No,Yes,22.442019,0
3,2038,Yes,5,9,Yes,Yes,20.465332,2034
21,2039,No,4,9,No,Yes,26.59684,0
38,2036,Yes,7,18,Yes,Yes,30.118919,2036
22,2034,No,5,9,Yes,Yes,35.607651,0
34,2035,No,3,11,Yes,Yes,23.335575,2038
22,2040,No,5,9,Yes,No,29.551054,0
26,2036,No,4,7,Yes,No,27.540766,0
15,2033,No,5,9,Yes,No,27.534893,0
22,2032,No,5,9,Yes,Yes,29.260962,0
39,2040,Yes,6,9,No,Yes,27.700403,2036
30,2040,No,6,19,No,Yes,22.953968,0
8,2038,No,4,9,Yes,Yes,40.065224,0
40,2038,Yes,4,8,No,Yes,28.130707,2036
36,2040,Yes,3,10,Yes,Yes,29.229296,2036
40,2040,Yes,4,7,No,No,16.907084,2036
29,2032,No,3,11,Yes,Yes,28.503979,0
7,2036,No,5,9,No,Yes,19.823687,0
12,2037,No,5,19,No,Yes,20.526924,0
24,2035,No,5,9,No,Yes,29.576349,0
27,2039,No,6,9,Yes,Yes,17.561478,0
12,2038,No,5,13,Yes,Yes,23.148788,0
17,2037,No,6,11,Yes,Yes,34.395077,0
38,2033,No,7,12,Yes,Yes,29.964045,2036
39,2033,No,6,9,No,Yes,30.465694,2036
7,2036,No,5,10,Yes,No,38.774643,0
23,2036,No,2,8,No,No,23.071924,0
25,2039,No,5,8,Yes,Yes,21.290951,0
38,2040,Yes,7,9,No,Yes,29.204996,2036
1,2039,Yes,6,9,Yes,No,28.089315,2034
16,2032,No,3,9,Yes,Yes,30.798315,0
26,2037,No,4,10,Yes,No,22.50201,0
29,2032,No,3,8,No,No,21.765192,0
40,2040,Yes,4,8,Yes,Yes,20.78248,2036
2,2040,Yes,6,9,Yes,Yes,18.507803,2034
36,2033,No,3,14,No,Yes,23.270882,2036
27,2035,No,6,13,Yes,Yes,19.920574,0
30,2037,No,6,10,Yes,Yes,30.107151,0
20,2040,No,4,7,Yes,No,30.652712,0
39,2033,No,6,9,Yes,Yes,28.859514,2036
3,2036,Yes,5,8,Yes,Yes,18.703709,2034
2,2040,Yes,6,9,No,Yes,23.327984,2034
21,2035,No,4,17,Yes,No,27.336405,0
13,2036,No,3,10,Yes,Yes,24.098269,0
23,2040,No,2,9,No,Yes,23.739294,0
25,2032,No,5,10,No,Yes,23.83684,0
40,2036,Yes,4,9,Yes,Yes,26.771423,2036
26,2034,No,4,9,No,Yes,26.822666,0
25,2037,No,5,9,No,No,26.098829,0
3,2032,No,5,14,No,No,30.176054,2034
27,2033,No,6,15,No,Yes,28.527641,0
17,2037,No,6,9,No,No,30.554276,0
21,2035,No,4,11,No,No,21.014305,0
28,2035,No,3,11,No,Yes,22.300644,0
34,2039,Yes,3,9,No,Yes,29.672209,2038
28,2032,No,3,14,Yes,Yes,33.167278,0
17,2040,No,6,10,No,No,24.437096,0
9,2033,No,3,9,Yes,Yes,26.896088,0
25,2037,No,5,9,No,Yes,22.526197,0
37,2036,Yes,6,9,Yes,No,25.445881,2036
8,2037,No,4,7,Yes,Yes,20.633247,0
5,2040,No,4,9,No,Yes,25.191414,0
13,2039,No,3,10,Yes,Yes,23.538944,0
40,2032,No,4,9,Yes,Yes,35.559868,2036
26,2034,No,4,13,Yes,Yes,16.356331,0
36,2036,Yes,3,12,No,Yes,17.545229,2036
13,2035,No,3,9,No,Yes,29.021709,0
22,2033,No,5,13,No,Yes,32.297203,0
20,2038,No,4,8,No,Yes,27.205311,0
11,2039,No,7,11,No,No,34.032173,0
8,2040,No,4,8,Yes,Yes,24.64447,0
26,2040,No,4,10,No,Yes,19.696207,0
28,2039,No,3,9,Yes,No,25.143723,0
19,2034,No,5,9,Yes,Yes,22.410364,0
38,2036,Yes,7,9,Yes,Yes,34.378418,2036
3,2034,Yes,5,9,Yes,Yes,35.292484,2034
22,2039,No,5,9,No,Yes,29.508999,0
6,2037,No,6,8,Yes,Yes,27.874708,0
15,2036,No,5,10,No,No,24.404949,0
5,2032,No,4,10,No,No,29.353182,0
2,2032,No,6,9,No,No,31.423075,2034
15,2033,No,5,18,Yes,Yes,33.61269,0
40,2033,No,4,11,No,Yes,31.066408,2036
40,2033,No,4,10,No,Yes,17.368893,2036
37,2038,Yes,6,10,No,No,19.457193,2036
13,2032,No,3,14,Yes,Yes,22.136963,0
8,2033,No,4,9,Yes,Yes,25.871027,0
40,2040,Yes,4,9,Yes,Yes,32.35577,2036
38,2034,No,7,0,Yes,Yes,22.416815,2036
22,2039,No,5,9,No,Yes,20.714172,0
21,2039,No,4,0,No,Yes,27.01111,0
1,2038,Yes,6,9,No,Yes,20.204361,2034
23,2032,No,2,9,No,No,24.343752,0
25,2039,No,5,11,Yes,Yes,25.11441,0
31,2038,Yes,3,9,No,Yes,21.969191,2038
13,2039,No,3,9,No,No,30.564646,0
7,2038,No,5,9,No,Yes,20.625296,0
7,2035,No,5,8,Yes,Yes,34.324974,0
17,2033,No,6,7,No,No,26.052446,0
17,2039,No,6,9,Yes,No,18.279758,0
13,2033,No,3,9,Yes,No,29.703579,0
11,2036,No,7,9,Yes,Yes,28.96032,0
29,2038,No,3,9,No,No,31.993044,0
13,2035,No,3,8,No,Yes,27.435236,0
37,2038,Yes,6,9,No,Yes,26.252449,2036
4,2039,No,5,10,Yes,No,25.565407,0
6,2034,No,6,9,Yes,Yes,27.174229,0
32,2035,No,3,9,No,Yes,31.36824,2038
1,2033,No,6,11,Yes,No,23.151834,2034
35,2039,Yes,3,10,Yes,Yes,24.484053,2038
38,2034,No,7,9,No,Yes,28.687307,2036
4,2037,No,5,8,Yes,Yes,21.602285,0
33,2035,No,3,9,No,No,20.910866,2038
20,2034,No,4,17,Yes,Yes,20.204325,0
20,2039,No,4,10,No,Yes,27.176249,0
15,2034,No,5,9,No,Yes,20.263603,0
17,2033,No,6,9,Yes,Yes,19.015072,0
38,2039,Yes,7,11,No,Yes,23.895538,2036
10,2033,No,6,10,Yes,No,17.312395,0
10,2039,No,6,9,No,Yes,18.520916,0
12,2037,No,5,9,No,Yes,35.192959,0
12,2039,No,5,11,No,Yes,33.306355,0
36,2034,No,3,10,Yes,Yes,17.737528,2036
20,2040,No,4,8,Yes,Yes,19.563358,0
35,2040,Yes,3,9,Yes,No,21.696085,2038
22,2039,No,5,10,No,No,29.49596,0
38,2033,No,7,7,Yes,No,29.148943,2036
5,2034,No,4,9,Yes,Yes,32.812351,0
10,2039,No,6,10,No,Yes,22.14653,0
33,2040,Yes,3,10,Yes,Yes,23.965458,2038
9,2037,No,3,11,Yes,No,21.212267,0
34,2034,No,3,9,No,No,31.298914,2038
11,2040,No,7,12,Yes,Yes,24.47394,0
32,2038,Yes,3,9,No,No,21.490702,2038
13,2032,No,3,9,No,Yes,18.497604,0
18,2037,No,5,9,Yes,Yes,25.06686,0
17,2034,No,6,7,No,Yes,29.194899,0
29,2036,No,3,9,No,Yes,31.046976,0
34,2037,No,3,12,Yes,No,25.479477,2038
28,2037,No,3,9,Yes,No,28.06679,0
32,2034,No,3,9,No,Yes,29.122759,2038
13,2039,No,3,9,No,Yes,18.980986,0
10,2040,No,6,9,No,Yes,35.414112,0
30,2034,No,6,9,No,Yes,26.597183,0
10,2032,No,6,7,Yes,Yes,26.586376,0
35,2037,No,3,9,Yes,Yes,29.409603,2038
28,2040,No,3,10,No,No,29.528067,0
18,2036,No,5,9,No,No,29.395979,0
18,2034,No,5,9,Yes,Yes,25.427197,0
28,2038,No,3,8,Yes,No,31.664396,0
7,2038,No,5,10,No,No,22.453787,0
40,2039,Yes,4,11,Yes,Yes,34.147915,2036
28,2039,No,3,9,No,Yes,28.327663,0
15,2036,No,5,9,Yes,Yes,29.76667,0
26,2036,No,4,9,No,Yes,24.345549,0
5,2038,No,4,9,Yes,No,22.810818,0
36,2039,Yes,3,18,Yes,Yes,19.657343,2036
30,2032,No,6,9,No,Yes,33.552216,0
11,2033,No,7,8,Yes,No,29.334663,0
29,2033,No,3,11,Yes,Yes,25.342833,0
9,2035,No,3,9,Yes,No,22.218107,0
1,2035,Yes,6,9,Yes,Yes,21.440977,2034
25,2032,No,5,11,Yes,Yes,31.50742,0
22,2034,No,5,9,Yes,Yes,29.646938,0
3,2033,No,5,9,Yes,Yes,23.829847,2034
36,2038,Yes,3,9,Yes,Yes,23.551245,2036
3,2039,Yes,5,9,Yes,No,31.291101,2034
22,2034,No,5,11,No,No,32.150574,0
4,2037,No,5,9,No,Yes,24.544931,0
7,2034,No,5,10,Yes,Yes,26.586836,0
12,2039,No,5,8,No,No,27.639141,0
10,2039,No,6,9,No,Yes,18.000084,0
8,2039,No,4,9,Yes,No,18.772196,0
2,2039,Yes,6,9,No,Yes,33.019669,2034
12,2037,No,5,9,No,No,32.291756,0
13,2038,No,3,12,No,Yes,16.61392,0
18,2039,No,5,9,No,Yes,20.961119,0
21,2032,No,4,13,No,Yes,30.121544,0
21,2037,No,4,9,Yes,No,17.340321,0
14,2039,No,5,12,Yes,No,27.261688,0
9,2035,No,3,10,No,Yes,17.647055,0
25,2039,No,5,10,No,Yes,30.742523,0
22,2034,No,5,14,No,No,26.824041,0
23,2039,No,2,9,Yes,Yes,33.867092,0
23,2040,No,2,13,No,No,24.929356,0
23,2036,No,2,12,No,Yes,27.605085,0
2,2033,No,6,9,Yes,Yes,34.094852,2034
31,2035,No,3,12,Yes,Yes,29.182655,2038
14,2036,No,5,10,Yes,Yes,30.982246,0
34,2037,No,3,10,No,Yes,30.059607,2038
7,2035,No,5,9,No,Yes,29.782339,0
30,2040,No,6,9,No,No,35.74144,0
10,2039,No,6,9,Yes,Yes,24.667757,0
33,2033,No,3,9,No,Yes,28.25292,2038
35,2037,No,3,9,No,Yes,20.331104,2038
33,2034,No,3,9,No,No,33.052372,2038
16,2039,No,3,13,No,Yes,21.718666,0
12,2040,No,5,10,Yes,No,25.258911,0
31,2037,No,3,9,No,No,26.284859,2038
37,2032,No,6,12,Yes,Yes,25.612808,2036
26,2036,No,4,10,Yes,Yes,21.234716,0
13,2034,No,3,10,Yes,Yes,15.361603,0
26,2033,No,4,8,Yes,Yes,26.558064,0
16,2036,No,3,14,Yes,Yes,18.048841,0
24,2033,No,5,18,No,Yes,24.868542,0
20,2039,No,4,11,Yes,Yes,30.668697,0
18,2036,No,5,10,No,Yes,24.798553,0
6,2040,No,6,9,Yes,Yes,22.758793,0
34,2032,No,3,19,No,Yes,30.481428,2038
19,2037,No,5,9,Yes,No,18.387154,0
35,2032,No,3,9,No,Yes,22.450472,2038
18,2034,No,5,9,No,Yes,26.437422,0
17,2038,No,6,11,No,Yes,16.009949,0
24,2036,No,5,9,No,Yes,23.77936,0
2,2033,No,6,9,No,Yes,26.075008,2034
8,2036,No,4,11,Yes,Yes,23.0271,0
7,2034,No,5,8,Yes,Yes,20.393324,0
18,2035,No,5,11,Yes,Yes,17.868248,0
13,2034,No,3,19,No,No,22.262152,0
11,2039,No,7,9,Yes,No,33.676773,0
39,2033,No,6,8,No,Yes,16.839966,2036
27,2032,No,6,11,No,Yes,24.799549,0
29,2040,No,3,10,Yes,No,29.477245,0
5,2032,No,4,9,Yes,Yes,25.126909,0
22,2035,No,5,9,No,Yes,29.624554,0
15,2032,No,5,11,Yes,Yes,27.205959,0
8,2035,No,4,8,No,Yes,26.950428,0
27,2037,No,6,8,No,No,22.613621,0
39,2036,Yes,6,9,Yes,Yes,22.215427,2036
12,2040,No,5,11,No,Yes,24.887568,0
8,2036,No,4,10,No,Yes,15.014505,0
22,2033,No,5,7,Yes,Yes,32.212887,0
35,2034,No,3,13,Yes,Yes,32.08585,2038
1,2034,Yes,6,9,No,Yes,35.243195,2034
17,2040,No,6,9,No,Yes,31.587677,0
17,2037,No,6,8,Yes,Yes,28.972733,0
25,2037,No,5,12,No,No,29.815598,0
5,2040,No,4,9,No,Yes,24.687857,0
6,2037,No,6,9,No,Yes,31.392918,0
5,2032,No,4,11,Yes,Yes,24.911905,0
19,2040,No,5,9,Yes,No,30.377954,0
40,2036,Yes,4,18,No,Yes,29.453232,2036
37,2038,Yes,6,10,No,Yes,26.30464,2036
27,2032,No,6,10,Yes,No,32.552414,0
7,2033,No,5,7,No,No,28.382538,0
19,2040,No,5,8,Yes,No,32.631512,0
10,2038,No,6,9,No,Yes,22.733259,0
3,2039,Yes,5,8,No,No,32.471619,2034
4,2038,No,5,10,Yes,Yes,19.303829,0
21,2040,No,4,12,Yes,Yes,19.559599,0
1,2038,Yes,6,9,No,Yes,19.880033,2034
17,2037,No,6,16,Yes,Yes,19.54545,0
6,2038,No,6,7,No,Yes,30.155663,0
24,2036,No,5,9,No,No,25.279549,0
39,2032,No,6,8,Yes,Yes,25.054163,2036
10,2034,No,6,14,Yes,Yes,27.749367,0
3,2040,Yes,5,10,Yes,Yes,28.374895,2034
9,2038,No,3,10,No,Yes,25.1735,0
32,2033,No,3,8,Yes,Yes,31.183207,2038
25,2036,No,5,12,No,Yes,33.596127,0
7,2040,No,5,9,No,Yes,27.303436,0
17,2034,No,6,12,Yes,Yes,27.239508,0
28,2035,No,3,9,Yes,No,22.322496,0
32,2034,No,3,8,Yes,No,34.082142,2038
40,2040,Yes,4,9,Yes,Yes,18.066324,2036
8,2034,No,4,9,Yes,Yes,30.891365,0
40,2040,Yes,4,9,No,Yes,22.278297,2036
35,2034,No,3,9,No,Yes,24.913635,2038
23,2034,No,2,10,No,Yes,27.824287,0
1,2032,No,6,11,Yes,Yes,32.712437,2034
37,2038,Yes,6,10,Yes,No,25.749317,2036
9,2039,No,3,11,No,Yes,31.054712,0
10,2040,No,6,9,No,No,26.350655,0
5,2036,No,4,0,Yes,Yes,23.863008,0
10,2039,No,6,9,No,Yes,26.346888,0
24,2032,No,5,9,Yes,Yes,25.289412,0
10,2032,No,6,8,Yes,Yes,23.654373,0
8,2033,No,4,11,Yes,Yes,23.501802,0
37,2040,Yes,6,9,Yes,Yes,20.355257,2036
29,2040,No,3,11,Yes,No,30.207472,0
36,2035,No,3,11,Yes,Yes,29.976707,2036
35,2037,No,3,9,No,Yes,27.941774,2038
35,2040,Yes,3,12,Yes,No,21.652695,2038
18,2035,No,5,9,No,Yes,30.126394,0
6,2032,No,6,11,Yes,Yes,21.634214,0
33,2037,No,3,11,Yes,Yes,30.670668,2038
26,2037,No,4,7,Yes,Yes,29.259018,0
16,2035,No,3,9,No,Yes,33.094666,0
21,2037,No,4,11,Yes,Yes,28.705585,0
40,2039,Yes,4,9,Yes,Yes,29.292688,2036
3,2032,No,5,10,No,Yes,26.93119,2034
5,2039,No,4,9,No,Yes,28.486652,0
8,2034,No,4,11,No,Yes,27.730013,0
4,2036,No,5,19,Yes,Yes,25.713839,0
3,2040,Yes,5,9,Yes,Yes,32.793789,2034
35,2040,Yes,3,9,Yes,Yes,26.622971,2038
1,2037,Yes,6,9,No,Yes,30.113201,2034
21,2037,No,4,9,Yes,Yes,30.518951,0
36,2038,Yes,3,11,Yes,Yes,28.08877,2036
27,2033,No,6,13,Yes,No,22.839483,0
11,2033,No,7,12,Yes,No,35.104816,0
25,2032,No,5,9,Yes,Yes,24.945585,0
13,2034,No,3,8,No,No,21.985207,0
26,2039,No,4,9,Yes,No,19.750202,0
32,2033,No,3,14,Yes,Yes,19.470345,2038
21,2038,No,4,10,No,Yes,29.447493,0
16,2033,No,3,12,Yes,Yes,17.322212,0
26,2032,No,4,8,Yes,No,28.385775,0
24,2036,No,5,8,Yes,Yes,28.707714,0
33,2034,No,3,10,Yes,No,23.754313,2038
16,2038,No,3,10,Yes,Yes,19.452473,0
16,2032,No,3,8,Yes,Yes,24.433722,0
11,2034,No,7,9,No,No,23.7115,0
39,2034,No,6,8,No,Yes,23.976391,2036
31,2032,No,3,10,Yes,Yes,32.607883,2038
31,2033,No,3,9,No,Yes,21.498442,2038
24,2038,No,5,18,Yes,Yes,17.065676,0
39,2032,No,6,9,No,Yes,26.429892,2036
9,2033,No,3,9,No,Yes,23.095877,0
33,2040,Yes,3,8,No,No,18.900373,2038
12,2039,No,5,9,No,Yes,18.023132,0
32,2035,No,3,12,No,Yes,25.001085,2038
12,2037,No,5,9,Yes,No,20.559452,0
22,2038,No,5,9,No,Yes,18.323189,0
27,2034,No,6,9,Yes,Yes,18.759182,0
7,2034,No,5,9,Yes,Yes,32.020733,0
19,2039,No,5,9,No,No,19.810356,0
3,2032,No,5,12,No,No,24.704824,2034
9,2036,No,3,11,Yes,Yes,32.157032,0
24,2035,No,5,7,Yes,Yes,23.756964,0
19,2036,No,5,9,No,Yes,27.487593,0
11,2032,No,7,12,Yes,Yes,28.041601,0
12,2032,No,5,9,No,Yes,23.299013,0
5,2036,No,4,7,No,No,28.268177,0
29,2039,No,3,12,No,Yes,19.212053,0
31,2038,Yes,3,11,Yes,Yes,26.494144,2038
9,2039,No,3,9,Yes,Yes,18.097696,0
33,2033,No,3,9,No,No,20.054934,2038
37,2033,No,6,9,Yes,Yes,30.502554,2036
15,2035,No,5,7,Yes,Yes,29.535889,0
33,2035,No,3,9,No,No,32.255878,2038
3,2035,Yes,5,12,Yes,Yes,15.619967,2034
20,2037,No,4,9,Yes,No,19.293581,0
11,2032,No,7,12,No,No,27.284662,0
10,2034,No,6,11,Yes,No,30.898737,0
36,2035,No,3,10,No,Yes,26.088346,2036
15,2039,No,5,12,No,No,22.002159,0
27,2032,No,6,15,Yes,No,28.39414,0
1,2037,Yes,6,8,No,Yes,23.355637,2034
20,2039,No,4,9,No,Yes,18.151735,0
25,2036,No,5,9,Yes,No,25.993546,0
34,2033,No,3,7,No,Yes,15.20413,2038
11,2036,No,7,12,Yes,Yes,19.439219,0
40,2035,No,4,9,No,Yes,28.765203,2036
25,2037,No,5,9,No,Yes,28.060814,0
38,2034,No,7,19,No,Yes,35.466557,2036
16,2035,No,3,12,No,No,32.294743,0
37,2038,Yes,6,9,No,Yes,30.353161,2036
28,2032,No,3,9,No,Yes,20.007643,0
8,2037,No,4,9,No,No,26.33872,0
27,2033,No,6,9,Yes,No,31.514812,0
24,2039,No,5,18,Yes,Yes,18.7819,0
34,2037,No,3,9,Yes,Yes,20.528538,2038
30,2033,No,6,9,No,Yes,19.825743,0
15,2038,No,5,18,No,Yes,26.353661,0
9,2040,No,3,10,Yes,No,32.908714,0
39,2032,No,6,14,No,No,21.149948,2036
23,2034,No,2,13,No,No,24.555094,0
39,2035,No,6,15,Yes,Yes,29.294607,2036
22,2032,No,5,9,No,No,19.267576,0
9,2032,No,3,9,Yes,Yes,25.954411,0
15,2032,No,5,11,Yes,Yes,19.201862,0
22,2039,No,5,18,Yes,No,26.166132,0
9,2037,No,3,11,Yes,No,32.009701,0
24,2034,No,5,10,No,Yes,18.462204,0
20,2039,No,4,9,No,Yes,22.620117,0
22,2038,No,5,9,No,Yes,17.350271,0
19,2033,No,5,9,Yes,Yes,31.119558,0
1,2035,Yes,6,7,Yes,Yes,20.701773,2034
33,2033,No,3,18,No,Yes,33.543312,2038
12,2040,No,5,19,Yes,Yes,26.998787,0
7,2034,No,5,9,Yes,Yes,23.174538,0
10,2037,No,6,9,No,No,27.583235,0
21,2037,No,4,9,Yes,Yes,34.2845,0
27,2032,No,6,11,Yes,Yes,21.653849,0
34,2034,No,3,10,Yes,Yes,23.70892,2038
34,2039,Yes,3,12,No,Yes,30.89333,2038
39,2035,No,6,9,Yes,Yes,25.390301,2036
13,2032,No,3,11,Yes,Yes,22.110449,0
10,2040,No,6,9,Yes,Yes,17.963873,0
11,2038,No,7,9,No,Yes,21.710815,0
24,2039,No,5,12,No,Yes,18.982822,0
26,2033,No,4,14,Yes,Yes,28.602234,0
20,2033,No,4,11,No,Yes,29.957336,0
22,2035,No,5,9,No,Yes,30.909586,0
31,2034,No,3,17,No,Yes,19.569008,2038
23,2032,No,2,9,Yes,No,30.970165,0
35,2039,Yes,3,7,Yes,Yes,31.891033,2038
9,2035,No,3,10,Yes,Yes,21.878765,0
19,2033,No,5,9,Yes,Yes,27.184334,0
34,2035,No,3,11,Yes,No,19.353312,2038
11,2036,No,7,9,Yes,Yes,20.801371,0
1,2040,Yes,6,9,No,Yes,25.160681,2034
4,2036,No,5,17,Yes,Yes,18.813776,0
33,2040,Yes,3,9,Yes,No,20.087629,2038
12,2033,No,5,9,Yes,Yes,21.155849,0
24,2033,No,5,10,Yes,Yes,19.666155,0
24,2036,No,5,19,No,Yes,20.51038,0
17,2033,No,6,9,Yes,Yes,33.587875,0
19,2034,No,5,17,Yes,Yes,24.958899,0
6,2035,No,6,9,No,No,26.543844,0
31,2034,No,3,9,No,Yes,26.116106,2038
25,2038,No,5,9,No,No,25.234676,0
21,2032,No,4,9,No,Yes,22.381241,0
4,2037,No,5,9,No,Yes,21.441256,0
13,2039,No,3,15,No,Yes,28.983688,0
5,2036,No,4,9,No,Yes,20.683743,0
17,2036,No,6,9,No,No,29.855471,0
6,2033,No,6,9,No,Yes,31.191496,0
38,2040,Yes,7,9,No,Yes,19.299858,2036
4,2034,No,5,10,Yes,No,32.561024,0
33,2039,Yes,3,8,No,No,21.001497,2038
1,2032,No,6,10,No,No,29.068491,2034
25,2032,No,5,9,Yes,Yes,31.188524,0
8,2037,No,4,7,No,Yes,35.371643,0
20,2036,No,4,9,Yes,Yes,25.524208,0
36,2040,Yes,3,12,Yes,Yes,23.52939,2036
36,2034,No,3,8,Yes,Yes,32.761093,2036
14,2036,No,5,9,Yes,Yes,22.578327,0
28,2035,No,3,9,No,Yes,21.920948,0
19,2033,No,5,9,Yes,Yes,23.171478,0
18,2040,No,5,11,Yes,Yes,20.513235,0
3,2038,Yes,5,7,Yes,Yes,27.335554,2034
27,2035,No,6,7,No,Yes,30.401838,0
34,2036,No,3,11,No,No,19.487244,2038
19,2035,No,5,10,No,No,26.514936,0
21,2036,No,4,8,No,Yes,25.970585,0
18,2034,No,5,11,No,Yes,22.37672,0
8,2038,No,4,17,Yes,Yes,20.927774,0
3,2038,Yes,5,9,No,Yes,23.279625,2034
1,2036,Yes,6,9,Yes,Yes,29.104536,2034
8,2033,No,4,10,Yes,Yes,26.849844,0
32,2040,Yes,3,7,No,Yes,30.703939,2038
34,2033,No,3,11,Yes,No,25.357309,2038
37,2033,No,6,9,No,Yes,35.092613,2036
14,2035,No,5,8,Yes,No,26.967926,0
34,2039,Yes,3,9,Yes,No,34.150803,2038
9,2038,No,3,10,No,Yes,24.357601,0
25,2034,No,5,17,No,Yes,26.567415,0
3,2039,Yes,5,9,Yes,Yes,25.142376,2034
26,2037,No,4,10,Yes,Yes,25.789349,0
26,2036,No,4,18,No,No,24.248005,0
27,2037,No,6,12,No,Yes,22.780359,0
25,2036,No,5,8,Yes,Yes,24.874758,0
39,2037,Yes,6,11,No,No,26.150808,2036
25,2034,No,5,9,Yes,No,21.268742,0
21,2037,No,4,7,Yes,Yes,29.775017,0
31,2032,No,3,9,Yes,Yes,22.879971,2038
15,2034,No,5,16,No,No,20.774601,0
24,2036,No,5,9,Yes,Yes,30.880793,0
29,2040,No,3,9,Yes,No,32.780743,0
28,2033,No,3,9,No,No,20.65675,0
2,2037,Yes,6,10,No,No,30.853434,2034
14,2033,No,5,10,Yes,Yes,22.497913,0
28,2040,No,3,9,Yes,Yes,26.828146,0
8,2035,No,4,8,Yes,Yes,23.65353,0
11,2032,No,7,9,No,Yes,18.598763,0
30,2035,No,6,13,Yes,No,26.290844,0
6,2040,No,6,13,Yes,Yes,26.795712,0
22,2039,No,5,9,Yes,Yes,22.170647,0
38,2039,Yes,7,16,Yes,Yes,31.815224,2036
39,2034,No,6,19,No,Yes,24.334595,2036
16,2039,No,3,9,No,No,19.779144,0
23,2033,No,2,9,Yes,No,27.908554,0
34,2040,Yes,3,10,No,Yes,27.981997,2038
18,2034,No,5,10,No,Yes,29.732998,0
17,2032,No,6,12,No,Yes,29.197962,0
15,2039,No,5,9,No,Yes,27.114977,0
16,2040,No,3,9,Yes,Yes,30.661974,0
5,2039,No,4,10,Yes,No,26.203562,0
4,2037,No,5,7,Yes,No,29.120169,0
35,2038,Yes,3,9,Yes,No,22.696211,2038
23,2032,No,2,9,Yes,Yes,28.875956,0
35,2039,Yes,3,11,Yes,Yes,32.652908,2038
33,2035,No,3,9,Yes,No,33.4631,2038
20,2037,No,4,9,Yes,Yes,25.705492,0
8,2032,No,4,7,Yes,Yes,22.820164,0
22,2033,No,5,11,Yes,Yes,33.413368,0
17,2034,No,6,9,Yes,Yes,24.271412,0
32,2038,Yes,3,8,Yes,Yes,29.064617,2038
37,2035,No,6,11,Yes,Yes,31.111967,2036
17,2034,No,6,8,No,Yes,30.440485,0
39,2032,No,6,9,Yes,Yes,24.206156,2036
34,2036,No,3,9,Yes,Yes,29.557524,2038
13,2038,No,3,15,No,Yes,25.310671,0
31,2037,No,3,9,No,No,22.138184,2038
39,2039,Yes,6,15,Yes,Yes,23.228201,2036
28,2032,No,3,18,No,No,23.105703,0
18,2037,No,5,12,Yes,Yes,19.996387,0
20,2034,No,4,10,No,No,28.635345,0
11,2033,No,7,14,Yes,Yes,20.734982,0
4,2033,No,5,10,No,Yes,29.740583,0
25,2033,No,5,7,Yes,No,22.591831,0
25,2032,No,5,9,Yes,No,27.132616,0
9,2032,No,3,11,No,No,24.769587,0
22,2033,No,5,11,No,Yes,29.501886,0
1,2033,No,6,8,Yes,Yes,29.348434,2034
33,2035,No,3,9,Yes,Yes,31.300144,2038
29,2037,No,3,9,No,Yes,27.314198,0
14,2036,No,5,9,No,No,24.996256,0
18,2035,No,5,12,Yes,Yes,25.377058,0
36,2033,No,3,8,No,No,26.86104,2036
6,2039,No,6,10,No,Yes,32.465149,0
16,2038,No,3,11,Yes,Yes,29.431921,0
4,2038,No,5,8,No,Yes,27.774229,0
25,2038,No,5,14,No,Yes,21.379923,0
33,2037,No,3,8,Yes,Yes,22.53598,2038
35,2035,No,3,7,Yes,No,23.27248,2038
26,2034,No,4,11,Yes,Yes,24.550539,0
4,2039,No,5,10,Yes,Yes,29.227135,0
23,2035,No,2,9,No,No,32.304924,0
27,2033,No,6,13,No,Yes,18.180923,0
5,2033,No,4,12,Yes,Yes,33.381237,0
3,2034,Yes,5,9,No,No,17.80756,2034
17,2032,No,6,10,Yes,Yes,20.59692,0
22,2033,No,5,9,No,Yes,24.753355,0
9,2037,No,3,7,No,Yes,28.96298,0
26,2032,No,4,9,Yes,Yes,26.084614,0
12,2039,No,5,12,No,Yes,18.391876,0
14,2036,No,5,12,Yes,No,19.148972,0
13,2032,No,3,10,Yes,No,35.137432,0
17,2036,No,6,9,Yes,No,23.732119,0
12,2035,No,5,13,Yes,No,33.655621,0
30,2038,No,6,7,No,Yes,25.252775,0
15,2040,No,5,15,Yes,Yes,23.541191,0
13,2036,No,3,9,No,Yes,29.032822,0
2,2036,Yes,6,12,Yes,Yes,15.727802,2034
28,2033,No,3,11,No,Yes,26.609558,0
29,2032,No,3,11,No,No,31.200052,0
26,2037,No,4,9,No,Yes,25.006094,0
10,2038,No,6,9,No,No,22.208151,0
22,2040,No,5,8,Yes,Yes,23.29813,0
17,2034,No,6,10,No,Yes,19.088943,0
7,2039,No,5,16,Yes,Yes,21.264078,0
18,2040,No,5,11,No,Yes,31.081352,0
27,2036,No,6,8,Yes,No,28.873777,0
24,2039,No,5,19,No,Yes,27.212185,0
26,2036,No,4,9,Yes,Yes,21.641169,0
8,2040,No,4,19,No,Yes,19.914946,0
34,2036,No,3,12,Yes,Yes,24.93717,2038
24,2034,No,5,9,No,No,29.984861,0
15,2035,No,5,0,No,No,35.519096,0
36,2034,No,3,9,No,Yes,31.275482,2036
37,2034,No,6,8,No,Yes,21.275911,2036
18,2037,No,5,9,Yes,No,21.801725,0
16,2034,No,3,9,No,Yes,27.772438,0
35,2039,Yes,3,7,Yes,Yes,28.195868,2038
19,2039,No,5,12,Yes,Yes,31.324175,0
39,2035,No,6,8,Yes,Yes,23.531309,2036
35,2034,No,3,9,Yes,Yes,23.115704,2038
34,2033,No,3,12,No,Yes,29.342064,2038
40,2039,Yes,4,12,No,No,21.934656,2036
27,2039,No,6,9,No,Yes,20.084736,0
10,2032,No,6,9,No,Yes,21.809717,0
28,2033,No,3,10,No,Yes,26.865477,0
13,2034,No,3,9,No,Yes,33.33913,0
34,2039,Yes,3,9,Yes,Yes,21.240065,2038
34,2035,No,3,9,Yes,No,24.782784,2038
18,2039,No,5,10,Yes,No,32.76511,0
3,2034,Yes,5,13,Yes,Yes,24.780771,2034
11,2038,No,7,10,Yes,Yes,20.73086,0
23,2036,No,2,10,No,No,21.880177,0
39,2036,Yes,6,7,Yes,Yes,29.540148,2036
3,2034,Yes,5,11,Yes,No,19.247995,2034
3,2032,No,5,10,Yes,Yes,19.02729,2034
8,2039,No,4,7,No,Yes,24.718967,0
15,2033,No,5,13,No,Yes,26.688923,0
40,2034,No,4,9,No,Yes,24.529028,2036
3,2037,Yes,5,8,No,No,26.862856,2034
11,2035,No,7,9,Yes,Yes,19.880468,0
9,2036,No,3,13,Yes,No,27.815548,0
40,2037,Yes,4,10,No,Yes,21.133101,2036
8,2037,No,4,11,No,No,22.906389,0
30,2038,No,6,9,No,No,28.33404,0
10,2039,No,6,9,No,No,23.766716,0
35,2034,No,3,10,Yes,Yes,23.514057,2038
20,2038,No,4,9,Yes,Yes,23.683048,0
29,2035,No,3,9,No,No,24.509325,0
18,2038,No,5,9,Yes,Yes,24.264097,0
18,2035,No,5,9,No,Yes,20.870264,0
14,2038,No,5,11,No,Yes,30.438023,0
8,2033,No,4,9,Yes,Yes,31.649939,0
27,2038,No,6,6,No,Yes,20.354141,0
26,2034,No,4,12,Yes,No,28.437258,0
30,2036,No,6,8,Yes,Yes,26.135206,0
31,2040,Yes,3,9,Yes,No,26.819611,2038
1,2038,Yes,6,9,No,Yes,23.851646,2034
38,2035,No,7,10,No,Yes,27.984188,2036
37,2032,No,6,8,No,Yes,20.082832,2036
24,2036,No,5,8,Yes,Yes,33.238331,0
34,2039,Yes,3,12,No,No,17.431168,2038
12,2036,No,5,8,No,Yes,29.819485,0
38,2034,No,7,9,No,Yes,26.814133,2036
21,2036,No,4,10,Yes,No,27.440048,0
38,2033,No,7,8,Yes,Yes,30.429916,2036
24,2033,No,5,9,No,No,22.302986,0
28,2040,No,3,9,No,No,21.088366,0
14,2037,No,5,15,Yes,Yes,16.43082,0
21,2032,No,4,9,No,No,20.856682,0
40,2035,No,4,9,No,No,24.29941,2036
2,2036,Yes,6,9,Yes,No,24.352127,2034
4,2040,No,5,9,Yes,No,29.103069,0
7,2032,No,5,16,No,Yes,23.030901,0
40,2038,Yes,4,0,Yes,Yes,24.978758,2036
11,2035,No,7,7,No,Yes,22.433674,0
24,2034,No,5,14,No,Yes,22.853115,0
11,2040,No,7,10,No,Yes,24.92684,0
5,2036,No,4,9,No,Yes,21.197912,0
15,2037,No,5,11,Yes,No,20.049681,0
31,2040,Yes,3,9,Yes,Yes,22.43738,2038
34,2036,No,3,9,No,Yes,25.133898,2038
7,2037,No,5,11,Yes,No,25.152178,0
28,2036,No,3,11,No,Yes,29.43458,0
22,2038,No,5,9,No,No,29.77429,0
20,2040,No,4,8,Yes,Yes,23.610632,0
37,2038,Yes,6,9,No,Yes,22.078609,2036
40,2035,No,4,9,Yes,Yes,22.909813,2036
32,2040,Yes,3,13,No,No,24.249161,2038
26,2033,No,4,10,No,No,24.345146,0
18,2039,No,5,9,No,Yes,20.151674,0
13,2033,No,3,11,Yes,Yes,22.596548,0
1,2034,Yes,6,12,No,Yes,23.608976,2034
16,2035,No,3,9,No,No,26.839659,0
12,2036,No,5,11,No,No,30.993908,0
24,2032,No,5,9,No,Yes,21.50198,0
3,2032,No,5,9,Yes,Yes,21.081652,2034
32,2036,No,3,9,Yes,Yes,20.983828,2038
4,2034,No,5,7,Yes,Yes,31.855209,0
7,2040,No,5,10,Yes,Yes,27.524368,0
18,2036,No,5,9,Yes,Yes,28.288254,0
23,2038,No,2,10,No,Yes,33.765602,0
3,2034,Yes,5,9,Yes,Yes,28.100698,2034
34,2040,Yes,3,9,Yes,Yes,27.107725,2038
21,2037,No,4,9,Yes,Yes,28.774139,0
19,2040,No,5,13,Yes,Yes,25.35813,0
25,2037,No,5,10,Yes,Yes,21.125702,0
1,2032,No,6,11,Yes,Yes,22.362465,2034
3,2035,Yes,5,9,Yes,Yes,20.66357,2034
37,2038,Yes,6,7,Yes,No,18.799187,2036
3,2034,Yes,5,11,Yes,Yes,27.160267,2034
26,2033,No,4,9,Yes,Yes,28.786045,0
27,2038,No,6,14,Yes,No,29.015371,0
4,2034,No,5,9,No,No,27.240519,0
30,2037,No,6,9,No,Yes,18.622347,0
40,2034,No,4,10,No,Yes,31.874449,2036
25,2033,No,5,10,No,Yes,15.122538,0
25,2039,No,5,9,No,Yes,21.805357,0
20,2036,No,4,13,No,Yes,20.931574,0
16,2036,No,3,8,Yes,No,20.790714,0
33,2039,Yes,3,8,No,Yes,24.372204,2038
9,2037,No,3,10,No,Yes,32.330631,0
6,2039,No,6,9,Yes,Yes,26.470961,0
8,2035,No,4,7,Yes,No,33.034157,0
18,2037,No,5,9,No,Yes,33.635536,0
26,2039,No,4,10,Yes,Yes,26.862913,0
24,2034,No,5,7,No,Yes,31.957499,0
15,2040,No,5,11,Yes,Yes,24.675728,0
30,2036,No,6,9,Yes,No,22.056896,0
4,2034,No,5,9,No,Yes,19.154715,0
7,2033,No,5,9,Yes,Yes,28.497492,0
15,2033,No,5,9,Yes,No,31.671047,0
3,2032,No,5,10,No,Yes,32.174885,2034
20,2032,No,4,11,Yes,No,23.695671,0
39,2033,No,6,10,Yes,Yes,26.825399,2036
15,2033,No,5,9,Yes,No,35.713924,0
36,2037,Yes,3,12,Yes,Yes,18.848557,2036
10,2033,No,6,9,Yes,Yes,32.234554,0
20,2035,No,4,14,No,No,23.879416,0
19,2032,No,5,8,No,No,20.253788,0
36,2032,No,3,8,No,No,25.240221,2036
4,2032,No,5,9,Yes,No,34.701817,0
31,2037,No,3,8,Yes,No,28.207474,2038
14,2033,No,5,7,Yes,Yes,31.234871,0
22,2034,No,5,12,Yes,Yes,21.381618,0
4,2032,No,5,9,Yes,No,26.78624,0
16,2034,No,3,9,Yes,No,24.202003,0
38,2035,No,7,8,Yes,No,23.246334,2036
31,2039,Yes,3,9,Yes,Yes,32.477734,2038
23,2038,No,2,9,Yes,No,22.501965,0
21,2034,No,4,9,Yes,Yes,21.89867,0
32,2040,Yes,3,10,No,Yes,25.201235,2038
35,2039,Yes,3,9,No,Yes,29.546848,2038
28,2033,No,3,11,No,Yes,27.658609,0
12,2035,No,5,9,Yes,Yes,25.042564,0
3,2033,No,5,8,No,No,20.18565,2034
39,2035,No,6,10,No,Yes,19.124063,2036
15,2033,No,5,9,Yes,Yes,22.10306,0
37,2036,Yes,6,0,Yes,No,29.410454,2036
30,2040,No,6,10,Yes,No,24.306196,0
37,2032,No,6,9,No,No,20.545662,2036
18,2034,No,5,9,Yes,Yes,25.814238,0
29,2036,No,3,9,No,Yes,26.334597,0
25,2038,No,5,9,Yes,Yes,30.117823,0
20,2036,No,4,9,Yes,Yes,27.434128,0
13,2038,No,3,10,Yes,No,24.658766,0
22,2033,No,5,10,Yes,Yes,25.937525,0
39,2038,Yes,6,13,Yes,Yes,24.612047,2036
27,2035,No,6,9,No,No,30.10154,0
33,2033,No,3,9,Yes,Yes,31.982635,2038
35,2038,Yes,3,8,No,Yes,20.939468,2038
4,2037,No,5,9,No,Yes,32.66106,0
5,2039,No,4,12,Yes,Yes,25.646778,0
3,2034,Yes,5,8,No,Yes,24.707001,2034
2,2038,Yes,6,8,Yes,Yes,30.321569,2034
14,2035,No,5,13,Yes,Yes,30.824593,0
39,2037,Yes,6,9,Yes,Yes,14.55032,2036
12,2032,No,5,11,No,Yes,32.541977,0
23,2039,No,2,10,No,Yes,19.915457,0
3,2040,Yes,5,7,No,No,24.659193,2034
27,2036,No,6,16,No,No,18.485661,0
8,2037,No,4,9,Yes,Yes,31.830173,0
30,2037,No,6,2,No,Yes,31.273008,0
21,2033,No,4,9,No,Yes,17.446035,0
4,2032,No,5,9,No,No,20.40094,0
19,2033,No,5,9,Yes,Yes,19.439474,0
16,2034,No,3,13,Yes,No,24.400854,0
9,2033,No,3,14,No,Yes,17.360542,0
20,2037,No,4,10,No,Yes,26.732887,0
12,2035,No,5,11,Yes,Yes,29.513817,0
15,2034,No,5,10,No,Yes,25.742517,0
39,2038,Yes,6,9,No,No,23.723032,2036
10,2038,No,6,13,No,Yes,19.20668,0
14,2035,No,5,10,No,Yes,30.239922,0
16,2039,No,3,8,Yes,No,26.421276,0
16,2034,No,3,11,Yes,Yes,30.089609,0
8,2038,No,4,9,No,No,31.321102,0
23,2034,No,2,11,No,No,32.084084,0
39,2036,Yes,6,10,No,Yes,20.560299,2036
38,2036,Yes,7,1,Yes,No,18.409876,2036
23,2039,No,2,8,No,Yes,30.518536,0
38,2032,No,7,9,No,No,25.659292,2036
16,2036,No,3,11,Yes,Yes,30.709883,0
40,2037,Yes,4,8,Yes,Yes,28.319605,2036
38,2032,No,7,10,No,No,28.537687,2036
18,2039,No,5,9,Yes,Yes,27.623735,0
24,2038,No,5,9,Yes,Yes,30.712904,0
14,2033,No,5,9,Yes,Yes,22.071291,0
32,2033,No,3,9,Yes,Yes,26.577953,2038
9,2034,No,3,9,Yes,Yes,33.490234,0
11,2032,No,7,10,Yes,Yes,32.292259,0
27,2032,No,6,0,No,Yes,22.264193,0
26,2039,No,4,9,No,Yes,25.610525,0
34,2038,Yes,3,12,Yes,Yes,28.846565,2038
25,2038,No,5,10,Yes,No,32.380978,0
33,2032,No,3,8,Yes,Yes,18.088064,2038
37,2039,Yes,6,9,No,Yes,27.50927,2036
18,2036,No,5,10,No,No,22.678175,0
12,2036,No,5,7,Yes,Yes,23.538557,0
21,2036,No,4,10,No,No,33.687534,0
32,2036,No,3,9,No,Yes,27.589499,2038
18,2033,No,5,11,No,Yes,24.574848,0
7,2040,No,5,18,No,No,35.22121,0
10,2038,No,6,9,Yes,No,30.50989,0
18,2034,No,5,11,Yes,Yes,25.358389,0
26,2033,No,4,12,No,Yes,19.868261,0
36,2040,Yes,3,8,No,No,27.658039,2036
10,2040,No,6,8,No,Yes,17.423872,0
21,2037,No,4,9,No,No,24.747784,0
19,2033,No,5,9,Yes,Yes,30.392111,0
23,2036,No,2,11,No,No,27.053509,0
33,2034,No,3,12,Yes,Yes,32.150307,2038
31,2033,No,3,19,No,No,20.139616,2038
18,2032,No,5,9,Yes,No,19.854469,0
12,2032,No,5,8,No,No,31.88727,0
39,2037,Yes,6,11,No,Yes,21.143755,2036
21,2038,No,4,10,Yes,Yes,21.376909,0
25,2036,No,5,10,Yes,No,26.419195,0
14,2036,No,5,9,No,No,19.331968,0
19,2033,No,5,10,Yes,Yes,23.286964,0
19,2035,No,5,12,Yes,Yes,28.43174,0
16,2033,No,3,11,Yes,No,21.874443,0
30,2035,No,6,11,No,Yes,28.049772,0
8,2033,No,4,9,Yes,Yes,24.061211,0
27,2033,No,6,15,Yes,Yes,30.207323,0
18,2035,No,5,7,No,Yes,26.26437,0
27,2036,No,6,9,No,Yes,31.526911,0
19,2035,No,5,9,No,No,16.866838,0
21,2040,No,4,9,Yes,Yes,33.141922,0
37,2036,Yes,6,9,Yes,Yes,28.018879,2036
17,2039,No,6,10,No,Yes,26.110374,0
5,2032,No,4,9,No,Yes,28.14856,0
9,2038,No,3,9,Yes,Yes,30.471422,0
11,2034,No,7,7,No,Yes,20.469606,0
32,2036,No,3,9,Yes,No,27.84915,2038
16,2035,No,3,10,No,Yes,24.703547,0
12,2035,No,5,8,Yes,No,22.03336,0
17,2034,No,6,10,Yes,No,25.798058,0
34,2039,Yes,3,9,Yes,No,27.599731,2038
18,2037,No,5,9,No,Yes,22.238489,0
19,2036,No,5,14,Yes,Yes,33.079224,0
23,2039,No,2,8,Yes,Yes,29.274614,0
12,2038,No,5,18,Yes,Yes,25.803284,0
6,2035,No,6,9,No,Yes,28.08246,0
32,2035,No,3,12,Yes,Yes,19.303669,2038
6,2039,No,6,12,Yes,Yes,29.486748,0
7,2038,No,5,9,Yes,No,23.232418,0
37,2032,No,6,10,Yes,No,29.095757,2036
6,2036,No,6,9,No,Yes,20.239597,0
27,2035,No,6,7,Yes,No,29.913914,0
20,2035,No,4,9,No,Yes,27.117964,0
15,2040,No,5,11,Yes,Yes,22.182968,0
7,2039,No,5,8,Yes,Yes,29.660563,0
28,2032,No,3,10,No,Yes,17.5963,0
2,2032,No,6,7,Yes,No,18.024059,2034
34,2038,Yes,3,9,Yes,Yes,24.80677,2038
20,2037,No,4,8,No,Yes,29.31867,0
18,2037,No,5,9,Yes,Yes,22.787762,0
15,2033,No,5,7,No,Yes,25.221428,0
22,2032,No,5,13,No,No,32.643463,0
24,2038,No,5,9,Yes,No,31.627989,0
18,2040,No,5,18,No,Yes,25.558475,0
38,2033,No,7,9,Yes,Yes,30.526974,2036
25,2036,No,5,16,No,Yes,22.746723,0
21,2038,No,4,10,Yes,Yes,22.897549,0
18,2038,No,5,7,No,Yes,23.039938,0
40,2036,Yes,4,11,No,No,34.723019,2036
37,2032,No,6,9,No,No,35.212555,2036
33,2036,No,3,9,No,No,31.152273,2038
25,2033,No,5,10,Yes,Yes,21.835749,0
33,2037,No,3,9,No,Yes,29.10532,2038
34,2034,No,3,4,Yes,No,31.672745,2038
1,2036,Yes,6,8,Yes,No,29.215269,2034
7,2039,No,5,10,Yes,Yes,30.871292,0
3,2040,Yes,5,14,Yes,Yes,22.25478,2034
23,2034,No,2,9,No,No,30.426376,0
23,2038,No,2,9,Yes,Yes,26.391523,0
20,2038,No,4,7,Yes,No,32.222122,0
23,2034,No,2,11,Yes,Yes,34.856003,0
32,2036,No,3,13,Yes,Yes,25.53476,2038
22,2035,No,5,8,Yes,Yes,31.136557,0
4,2035,No,5,9,No,Yes,20.163881,0
38,2036,Yes,7,9,Yes,No,31.014057,2036
15,2032,No,5,9,No,Yes,24.156273,0
24,2035,No,5,11,Yes,Yes,28.637915,0
21,2039,No,4,9,No,No,22.703417,0
20,2040,No,4,10,No,Yes,24.788473,0
14,2036,No,5,17,No,Yes,18.948698,0
25,2032,No,5,11,No,Yes,26.873804,0
39,2038,Yes,6,11,Yes,Yes,21.83873,2036
30,2039,No,6,7,No,Yes,29.422344,0
39,2035,No,6,17,Yes,Yes,18.195766,2036
40,2034,No,4,9,No,No,24.203272,2036
11,2037,No,7,9,Yes,No,35.158455,0
6,2034,No,6,15,No,Yes,32.300869,0
2,2038,Yes,6,9,Yes,No,20.140749,2034
7,2036,No,5,9,Yes,Yes,31.400505,0
27,2035,No,6,8,Yes,Yes,28.960955,0
7,2039,No,5,10,Yes,No,18.704712,0
20,2035,No,4,9,No,Yes,32.589943,0
26,2038,No,4,13,No,Yes,21.011625,0
17,2039,No,6,16,Yes,Yes,32.724396,0
36,2033,No,3,10,Yes,Yes,25.034838,2036
16,2039,No,3,14,No,Yes,29.889948,0
16,2036,No,3,11,No,Yes,18.097832,0
10,2038,No,6,9,Yes,No,32.328358,0
28,2032,No,3,18,Yes,No,28.853743,0
31,2039,Yes,3,11,Yes,No,26.890974,2038
26,2040,No,4,9,Yes,No,27.990456,0
30,2039,No,6,11,Yes,Yes,30.116579,0
39,2037,Yes,6,9,Yes,Yes,19.227268,2036
8,2033,No,4,12,No,Yes,19.565737,0
23,2033,No,2,9,No,No,25.204891,0
9,2035,No,3,11,No,No,22.283806,0
6,2035,No,6,15,No,Yes,24.500048,0
17,2034,No,6,8,Yes,No,27.226688,0
14,2035,No,5,12,No,Yes,24.417498,0
8,2036,No,4,9,No,Yes,25.110535,0
36,2039,Yes,3,8,Yes,Yes,29.836658,2036
29,2038,No,3,9,Yes,Yes,19.603346,0
3,2035,Yes,5,9,Yes,Yes,18.180073,2034
12,2033,No,5,9,Yes,Yes,31.269361,0
32,2037,No,3,9,No,No,24.205183,2038
37,2032,No,6,10,No,Yes,28.211,2036
29,2040,No,3,7,Yes,No,23.912697,0
28,2039,No,3,15,Yes,No,24.465023,0
33,2039,Yes,3,11,Yes,Yes,17.625935,2038
39,2040,Yes,6,14,Yes,No,22.942085,2036
24,2032,No,5,9,Yes,Yes,25.1474,0
39,2040,Yes,6,12,No,Yes,24.473331,2036
7,2032,No,5,15,No,No,25.055906,0
16,2039,No,3,10,No,Yes,17.798702,0
7,2034,No,5,11,No,Yes,23.570374,0
26,2034,No,4,14,Yes,Yes,31.340525,0
14,2034,No,5,9,Yes,Yes,23.321411,0
30,2032,No,6,9,Yes,Yes,21.036085,0
33,2038,Yes,3,12,Yes,Yes,18.250422,2038
14,2039,No,5,19,Yes,Yes,33.865879,0
24,2034,No,5,8,No,No,32.649429,0
26,2034,No,4,9,No,Yes,20.952858,0
5,2040,No,4,10,No,Yes,28.354502,0
26,2035,No,4,14,No,No,34.926083,0
23,2032,No,2,11,Yes,Yes,30.173157,0
21,2034,No,4,12,No,No,31.746559,0
12,2039,No,5,7,No,Yes,21.246441,0
28,2038,No,3,12,Yes,Yes,16.817726,0
33,2032,No,3,17,No,Yes,30.937363,2038
18,2032,No,5,10,No,Yes,22.638271,0
20,2036,No,4,9,Yes,Yes,23.85743,0
1,2036,Yes,6,13,No,Yes,22.104033,2034
24,2034,No,5,9,Yes,Yes,31.769957,0
38,2040,Yes,7,12,No,No,29.397291,2036
8,2037,No,4,10,No,No,24.748421,0
32,2040,Yes,3,14,Yes,No,23.095268,2038
5,2038,No,4,9,No,Yes,24.54224,0
1,2040,Yes,6,7,No,Yes,26.363327,2034
24,2033,No,5,9,No,Yes,28.075266,0
8,2040,No,4,16,Yes,Yes,29.968817,0
7,2032,No,5,10,No,Yes,26.425961,0
35,2035,No,3,8,No,Yes,19.347675,2038
18,2034,No,5,9,Yes,Yes,19.090382,0
1,2036,Yes,6,12,No,No,20.909246,2034
23,2037,No,2,19,No,Yes,28.962334,0
24,2035,No,5,9,No,No,21.170044,0
28,2035,No,3,9,Yes,No,25.99766,0
31,2035,No,3,9,No,Yes,30.333313,2038
21,2032,No,4,9,Yes,Yes,22.913162,0
20,2032,No,4,10,Yes,No,28.130175,0
20,2038,No,4,8,No,No,30.586275,0
6,2034,No,6,17,Yes,Yes,28.182602,0
27,2040,No,6,9,No,Yes,30.675636,0
22,2037,No,5,9,No,Yes,29.620707,0
27,2038,No,6,9,No,Yes,25.097752,0
6,2040,No,6,19,Yes,Yes,26.678553,0
14,2034,No,5,9,No,No,33.527706,0
18,2035,No,5,10,Yes,Yes,29.012465,0
24,2039,No,5,8,No,Yes,27.399162,0
32,2040,Yes,3,8,No,Yes,25.991562,2038
25,2039,No,5,12,Yes,Yes,34.548496,0
18,2037,No,5,10,Yes,Yes,28.40502,0
28,2035,No,3,19,No,Yes,23.97328,0
10,2037,No,6,12,No,Yes,18.467999,0
18,2035,No,5,12,No,Yes,30.519236,0
24,2033,No,5,7,No,No,30.577572,0
2,2032,No,6,11,Yes,Yes,27.779276,2034
24,2038,No,5,9,No,Yes,24.324223,0
26,2034,No,4,11,Yes,Yes,25.311489,0
6,2040,No,6,9,No,No,24.734455,0
14,2039,No,5,9,No,Yes,26.32996,0
14,2037,No,5,9,Yes,Yes,16.549814,0
13,2035,No,3,12,No,No,23.215111,0
24,2037,No,5,7,No,No,21.171602,0
10,2035,No,6,9,No,Yes,37.063545,0
11,2032,No,7,9,Yes,Yes,20.1789,0
37,2036,Yes,6,18,No,No,26.692833,2036
26,2039,No,4,9,No,Yes,25.227049,0
27,2032,No,6,14,No,Yes,30.511074,0
11,2035,No,7,9,No,Yes,20.904781,0
15,2037,No,5,9,Yes,No,33.670448,0
15,2034,No,5,9,No,No,31.088732,0
23,2035,No,2,12,Yes,Yes,22.137753,0
5,2037,No,4,10,No,Yes,25.366154,0
7,2033,No,5,9,Yes,Yes,26.471413,0
34,2036,No,3,7,No,Yes,27.253302,2038
26,2038,No,4,9,No,No,31.242569,0
12,2039,No,5,12,No,Yes,26.759653,0
2,2039,Yes,6,19,No,Yes,21.625031,2034
8,2039,No,4,12,Yes,No,28.673824,0
7,2034,No,5,8,No,Yes,31.777124,0
32,2037,No,3,7,No,No,20.702547,2038
12,2034,No,5,9,Yes,Yes,21.882582,0
40,2036,Yes,4,12,Yes,Yes,32.727959,2036
28,2037,No,3,8,Yes,No,31.63969,0
9,2037,No,3,9,Yes,Yes,29.186863,0
25,2037,No,5,11,Yes,Yes,28.268038,0
14,2038,No,5,9,Yes,Yes,18.602793,0
9,2040,No,3,9,Yes,No,28.548309,0
25,2038,No,5,9,No,No,27.75399,0
2,2033,No,6,12,No,Yes,23.434422,2034
18,2040,No,5,13,No,Yes,19.098082,0
14,2035,No,5,9,No,Yes,24.567307,0
16,2037,No,3,11,No,No,23.114332,0
37,2037,Yes,6,9,No,No,29.827801,2036
14,2037,No,5,8,Yes,Yes,20.353748,0
12,2033,No,5,9,Yes,Yes,27.409101,0
18,2032,No,5,14,No,Yes,24.062542,0
24,2033,No,5,9,Yes,Yes,29.517773,0
35,2039,Yes,3,11,No,Yes,22.941181,2038
16,2036,No,3,19,Yes,Yes,28.185261,0
14,2038,No,5,13,No,Yes,30.05151,0
5,2034,No,4,9,No,Yes,25.933918,0
31,2032,No,3,9,No,Yes,27.205286,2038
6,2038,No,6,19,No,No,23.76198,0
30,2038,No,6,9,Yes,No,31.907267,0
39,2038,Yes,6,10,Yes,No,27.677326,2036
31,2036,No,3,9,Yes,Yes,29.228786,2038
40,2033,No,4,9,Yes,Yes,23.335291,2036
11,2034,No,7,9,Yes,Yes,23.594805,0
16,2032,No,3,14,No,No,16.758144,0
24,2033,No,5,9,No,No,33.0037,0
36,2040,Yes,3,9,Yes,Yes,21.427195,2036
27,2037,No,6,10,No,Yes,25.413,0
39,2035,No,6,10,No,Yes,27.555843,2036
5,2036,No,4,9,Yes,Yes,20.654299,0
26,2035,No,4,9,No,Yes,24.282917,0
11,2039,No,7,12,Yes,No,33.641216,0
37,2032,No,6,7,Yes,Yes,24.181774,2036
20,2037,No,4,9,No,No,30.297853,0
9,2033,No,3,8,No,No,32.60083,0
38,2036,Yes,7,9,Yes,Yes,24.692509,2036
27,2034,No,6,9,No,Yes,24.777376,0
8,2038,No,4,9,Yes,No,27.289654,0
6,2036,No,6,10,No,No,34.961128,0
30,2040,No,6,7,Yes,No,27.944435,0
18,2038,No,5,8,No,Yes,31.083868,0
40,2038,Yes,4,8,No,Yes,22.774708,2036
32,2034,No,3,8,Yes,No,25.147745,2038
39,2032,No,6,9,No,Yes,29.90612,2036
17,2038,No,6,9,No,Yes,24.785135,0
17,2040,No,6,9,Yes,Yes,29.969538,0
9,2034,No,3,9,No,No,32.073196,0
20,2036,No,4,9,No,Yes,24.188911,0
19,2035,No,5,14,No,Yes,33.512508,0
39,2035,No,6,0,Yes,Yes,21.781891,2036
4,2034,No,5,9,Yes,Yes,22.038271,0
27,2036,No,6,7,Yes,Yes,21.96006,0
31,2040,Yes,3,19,No,No,24.540707,2038
30,2032,No,6,7,No,Yes,25.861679,0
16,2040,No,3,9,Yes,Yes,20.28828,0
16,2034,No,3,9,Yes,Yes,30.015203,0
16,2033,No,3,8,Yes,Yes,19.854532,0
17,2038,No,6,18,No,No,30.45438,0
1,2033,No,6,10,Yes,Yes,18.12365,2034
9,2037,No,3,13,Yes,Yes,15.385197,0
32,2033,No,3,11,No,No,28.885738,2038
13,2033,No,3,7,No,Yes,29.69824,0
11,2034,No,7,9,No,No,18.857506,0
32,2039,Yes,3,17,No,No,33.17968,2038
7,2032,No,5,9,No,No,27.616693,0
37,2039,Yes,6,10,No,Yes,28.699411,2036
4,2035,No,5,9,No,Yes,30.0574,0
4,2034,No,5,0,Yes,Yes,21.904888,0
21,2032,No,4,9,Yes,No,27.793478,0
10,2036,No,6,9,No,No,27.380064,0
11,2036,No,7,11,No,Yes,29.153038,0
7,2036,No,5,9,Yes,Yes,27.089895,0
27,2037,No,6,7,Yes,Yes,22.622759,0
36,2039,Yes,3,9,Yes,Yes,29.622679,2036
29,2040,No,3,9,No,Yes,31.102345,0
10,2036,No,6,8,No,No,27.503269,0
4,2036,No,5,9,No,Yes,17.701162,0
33,2033,No,3,16,No,Yes,22.77445,2038
6,2040,No,6,10,No,Yes,16.674866,0
30,2035,No,6,10,Yes,No,27.93939,0
30,2034,No,6,7,No,Yes,28.372541,0
37,2035,No,6,12,No,Yes,22.56818,2036
35,2034,No,3,10,No,Yes,22.694994,2038
9,2032,No,3,9,No,Yes,29.627974,0
17,2032,No,6,9,No,No,33.64592,0
28,2039,No,3,9,Yes,No,26.102859,0
25,2038,No,5,7,No,Yes,27.544704,0
6,2037,No,6,9,No,No,28.885677,0
3,2036,Yes,5,14,No,Yes,15.535974,2034
40,2033,No,4,9,Yes,Yes,21.6852,2036
39,2040,Yes,6,12,Yes,Yes,16.431763,2036
11,2033,No,7,13,No,Yes,24.080015,0
18,2037,No,5,11,Yes,Yes,22.730951,0
1,2037,Yes,6,9,No,Yes,16.009743,2034
33,2032,No,3,11,No,Yes,25.619833,2038
12,2034,No,5,9,Yes,Yes,22.982321,0
3,2033,No,5,11,No,Yes,26.547377,2034
32,2038,Yes,3,9,No,No,23.502724,2038
13,2032,No,3,13,No,No,34.764557,0
6,2037,No,6,10,Yes,No,32.968891,0
21,2034,No,4,7,No,Yes,21.135523,0
20,2034,No,4,9,Yes,No,32.991432,0
26,2038,No,4,12,Yes,Yes,18.410007,0
9,2039,No,3,9,No,Yes,18.761711,0
1,2037,Yes,6,7,No,No,23.562981,2034
8,2037,No,4,9,Yes,No,21.46402,0
39,2032,No,6,7,Yes,No,34.293144,2036
24,2032,No,5,10,No,Yes,35.481995,0
15,2034,No,5,9,Yes,No,30.972813,0
15,2040,No,5,10,No,No,29.404097,0
25,2034,No,5,9,Yes,Yes,30.091591,0
5,2032,No,4,9,Yes,Yes,30.466116,0
40,2032,No,4,11,No,No,19.087713,2036
2,2036,Yes,6,10,Yes,No,30.188309,2034
17,2032,No,6,9,Yes,Yes,33.901714,0
21,2035,No,4,12,No,Yes,26.912508,0
13,2037,No,3,9,Yes,Yes,18.26442,0
13,2036,No,3,9,Yes,Yes,24.125267,0
20,2035,No,4,10,No,Yes,23.556013,0
18,2033,No,5,7,No,No,19.904669,0
19,2038,No,5,9,No,Yes,20.941933,0
25,2034,No,5,9,No,Yes,23.005919,0
22,2036,No,5,8,No,No,24.442339,0
13,2036,No,3,10,No,No,20.022863,0
5,2037,No,4,19,No,Yes,25.400461,0
24,2032,No,5,9,No,Yes,23.262775,0
24,2035,No,5,11,No,No,19.416758,0
2,2032,No,6,0,Yes,Yes,30.519396,2034
5,2032,No,4,8,No,Yes,23.009396,0
11,2035,No,7,14,Yes,Yes,24.393572,0
34,2032,No,3,9,Yes,No,25.477247,2038
25,2033,No,5,8,No,Yes,29.738417,0
19,2039,No,5,18,Yes,No,18.732103,0
17,2035,No,6,12,Yes,Yes,17.953686,0
14,2038,No,5,10,Yes,Yes,18.202717,0
35,2034,No,3,7,No,Yes,25.455992,2038
32,2039,Yes,3,12,No,Yes,17.656343,2038
34,2037,No,3,10,Yes,Yes,30.326561,2038
28,2035,No,3,9,Yes,Yes,18.836935,0
40,2036,Yes,4,9,Yes,No,25.529713,2036
7,2035,No,5,13,Yes,No,22.124483,0
28,2032,No,3,12,No,Yes,18.662323,0
39,2037,Yes,6,11,Yes,No,16.988848,2036
40,2033,No,4,9,No,Yes,31.279932,2036
30,2038,No,6,9,Yes,No,33.992672,0
20,2033,No,4,11,No,Yes,28.688671,0
2,2035,Yes,6,9,No,Yes,25.684689,2034
26,2033,No,4,11,No,No,28.939009,0
20,2032,No,4,11,No,No,30.034832,0
21,2039,No,4,9,Yes,No,32.684532,0
3,2037,Yes,5,9,Yes,Yes,22.076084,2034
19,2037,No,5,10,No,No,29.474012,0
26,2035,No,4,9,No,Yes,28.077894,0
1,2032,No,6,9,No,No,20.453264,2034
6,2034,No,6,9,Yes,Yes,29.557962,0
40,2034,No,4,9,No,Yes,17.138798,2036
32,2032,No,3,17,Yes,Yes,18.675373,2038
29,2037,No,3,9,Yes,Yes,17.246368,0
1,2038,Yes,6,9,No,Yes,28.110035,2034
10,2036,No,6,9,Yes,Yes,18.879801,0
40,2033,No,4,10,Yes,Yes,33.426422,2036
23,2037,No,2,9,No,Yes,23.252405,0
11,2037,No,7,9,Yes,Yes,34.723183,0
10,2034,No,6,8,Yes,No,30.133354,0
36,2034,No,3,8,Yes,No,32.641998,2036
12,2032,No,5,11,Yes,Yes,27.017843,0
33,2036,No,3,17,Yes,No,33.642712,2038
32,2040,Yes,3,10,No,Yes,24.645241,2038
11,2032,No,7,8,No,No,25.240887,0
13,2032,No,3,9,No,Yes,27.648203,0
15,2032,No,5,10,Yes,Yes,18.852123,0
2,2033,No,6,12,No,Yes,32.908752,2034
28,2032,No,3,8,No,Yes,22.514071,0
9,2038,No,3,9,Yes,Yes,34.075783,0
26,2039,No,4,9,Yes,Yes,22.452612,0
10,2038,No,6,9,Yes,No,26.069969,0
20,2037,No,4,9,No,Yes,25.609552,0
14,2032,No,5,12,Yes,No,18.163363,0
31,2038,Yes,3,10,No,Yes,25.03298,2038
33,2032,No,3,8,Yes,Yes,28.49789,2038
6,2038,No,6,9,No,Yes,26.800262,0
20,2032,No,4,9,Yes,Yes,23.271879,0
19,2034,No,5,9,Yes,Yes,28.07748,0
10,2035,No,6,9,No,Yes,22.825956,0
14,2040,No,5,9,No,Yes,24.886127,0
26,2040,No,4,9,No,Yes,16.824509,0
6,2040,No,6,8,Yes,Yes,22.990376,0
2,2037,Yes,6,9,Yes,Yes,22.002039,2034
6,2038,No,6,14,No,Yes,27.079357,0
4,2033,No,5,8,No,Yes,26.503904,0
25,2032,No,5,9,Yes,Yes,28.708195,0
39,2040,Yes,6,9,Yes,Yes,25.95591,2036
25,2039,No,5,10,No,No,31.407358,0
19,2032,No,5,9,No,No,21.318441,0
8,2032,No,4,9,Yes,Yes,19.96884,0
38,2036,Yes,7,10,No,No,16.794426,2036
10,2035,No,6,9,No,No,17.22086,0
2,2040,Yes,6,12,Yes,No,27.060951,2034
27,2032,No,6,9,Yes,No,31.187683,0
29,2037,No,3,9,Yes,No,29.873695,0
29,2032,No,3,11,No,Yes,20.752399,0
9,2040,No,3,8,No,Yes,32.310921,0
25,2037,No,5,9,Yes,No,21.170412,0
33,2034,No,3,9,Yes,Yes,29.869432,2038
13,2033,No,3,9,No,No,27.276613,0
31,2039,Yes,3,9,No,Yes,27.40626,2038
8,2034,No,4,9,No,Yes,23.057495,0
30,2037,No,6,17,Yes,Yes,25.073463,0
1,2035,Yes,6,9,No,Yes,22.712902,2034
15,2039,No,5,10,Yes,No,23.761532,0
24,2033,No,5,9,No,No,29.800327,0
30,2036,No,6,9,No,No,28.346266,0
38,2038,Yes,7,0,No,Yes,32.706005,2036
9,2032,No,3,9,Yes,No,24.168432,0
8,2033,No,4,8,Yes,Yes,26.172058,0
21,2038,No,4,7,No,No,20.960514,0
31,2034,No,3,12,No,Yes,26.077,2038
36,2039,Yes,3,10,No,No,33.766014,2036
19,2034,No,5,11,No,No,24.988449,0
25,2032,No,5,11,Yes,Yes,30.379875,0
10,2032,No,6,10,No,Yes,22.818617,0
16,2034,No,3,7,Yes,No,31.548092,0
12,2033,No,5,9,No,Yes,20.561729,0
30,2038,No,6,15,No,No,32.869076,0
9,2033,No,3,9,No,Yes,25.066404,0
12,2039,No,5,9,Yes,No,23.111725,0
6,2032,No,6,9,No,No,22.176332,0
32,2036,No,3,0,Yes,Yes,20.286648,2038
28,2039,No,3,9,Yes,No,33.444633,0
26,2040,No,4,9,No,Yes,24.24037,0
8,2040,No,4,11,No,Yes,19.301844,0
31,2032,No,3,9,Yes,No,31.213324,2038
15,2034,No,5,12,No,No,26.410379,0
11,2032,No,7,14,Yes,Yes,31.345137,0
21,2032,No,4,10,No,No,23.404638,0
33,2034,No,3,10,No,No,25.57091,2038
25,2033,No,5,10,Yes,Yes,25.610394,0
33,2032,No,3,9,Yes,Yes,25.2078,2038
5,2038,No,4,9,No,No,28.819523,0
13,2037,No,3,9,Yes,Yes,26.416908,0
25,2037,No,5,10,No,Yes,22.860262,0
27,2035,No,6,9,Yes,Yes,16.084549,0
8,2036,No,4,7,Yes,Yes,28.682468,0
9,2038,No,3,13,Yes,Yes,22.773123,0
26,2039,No,4,8,Yes,Yes,28.297199,0
34,2036,No,3,9,No,Yes,24.962736,2038
16,2032,No,3,11,Yes,Yes,26.438011,0
39,2037,Yes,6,9,Yes,Yes,25.813133,2036
1,2036,Yes,6,9,Yes,Yes,20.540251,2034
15,2035,No,5,13,Yes,Yes,33.539043,0
6,2039,No,6,13,Yes,Yes,28.120562,0
3,2039,Yes,5,10,No,Yes,22.926504,2034
22,2035,No,5,10,Yes,No,27.113588,0
8,2033,No,4,13,Yes,Yes,26.278599,0
16,2034,No,3,9,Yes,Yes,31.833673,0
32,2034,No,3,9,Yes,Yes,30.045233,2038
29,2036,No,3,10,Yes,Yes,30.240608,0
3,2040,Yes,5,9,No,Yes,25.123476,2034
32,2038,Yes,3,9,No,Yes,26.416962,2038
26,2036,No,4,11,No,Yes,24.119316,0
24,2035,No,5,9,Yes,Yes,19.388523,0
3,2039,Yes,5,9,No,Yes,26.314909,2034
21,2034,No,4,18,No,Yes,29.17527,0
19,2034,No,5,9,No,No,28.132429,0
39,2037,Yes,6,9,Yes,Yes,27.285673,2036
13,2034,No,3,18,No,No,29.513575,0
35,2035,No,3,10,Yes,Yes,28.748791,2038
38,2037,Yes,7,9,Yes,Yes,28.196911,2036
9,2040,No,3,8,Yes,Yes,21.958353,0
6,2040,No,6,14,No,Yes,34.429722,0
37,2037,Yes,6,8,No,Yes,29.271999,2036
16,2032,No,3,9,No,No,25.595432,0
6,2038,No,6,9,No,Yes,29.671467,0
5,2037,No,4,9,Yes,Yes,25.678484,0
15,2033,No,5,9,No,Yes,29.502022,0
22,2034,No,5,9,No,Yes,26.175627,0
21,2036,No,4,12,No,Yes,27.929214,0
29,2033,No,3,9,Yes,No,29.775217,0
28,2035,No,3,9,No,Yes,20.464602,0
21,2032,No,4,10,No,No,31.480103,0
27,2036,No,6,9,Yes,No,27.81555,0
39,2035,No,6,8,Yes,Yes,20.736181,2036
28,2038,No,3,10,Yes,No,30.500166,0
3,2033,No,5,9,Yes,Yes,20.141153,2034
20,2032,No,4,0,Yes,Yes,28.743097,0
40,2036,Yes,4,9,Yes,Yes,22.343651,2036
35,2040,Yes,3,9,No,Yes,28.411179,2038
38,2040,Yes,7,9,Yes,Yes,30.279955,2036
22,2035,No,5,19,No,No,31.585213,0
26,2036,No,4,19,Yes,No,31.811943,0
35,2032,No,3,12,No,Yes,29.916687,2038
38,2038,Yes,7,16,No,Yes,21.884996,2036
3,2033,No,5,10,No,Yes,24.440851,2034
17,2035,No,6,9,No,Yes,23.696056,0
40,2037,Yes,4,8,No,No,17.707483,2036
14,2038,No,5,9,No,No,28.399414,0
29,2036,No,3,7,No,Yes,32.519375,0
3,2037,Yes,5,9,No,Yes,28.964668,2034
5,2033,No,4,9,Yes,Yes,31.235987,0
30,2038,No,6,15,Yes,Yes,19.970314,0
16,2033,No,3,10,Yes,Yes,30.43071,0
30,2035,No,6,9,Yes,Yes,19.523296,0
21,2034,No,4,9,Yes,Yes,20.162302,0
12,2035,No,5,8,No,No,24.5732,0
33,2040,Yes,3,13,No,No,28.903088,2038
34,2034,No,3,13,No,No,24.949081,2038
7,2036,No,5,9,Yes,No,23.876251,0
4,2036,No,5,9,Yes,No,29.042616,0
13,2036,No,3,9,No,Yes,25.151953,0
11,2032,No,7,10,Yes,Yes,31.447384,0
39,2034,No,6,8,No,Yes,13.69959,2036
34,2037,No,3,7,Yes,No,33.459545,2038
22,2034,No,5,11,Yes,Yes,21.927626,0
40,2040,Yes,4,10,Yes,Yes,23.91127,2036
1,2037,Yes,6,14,Yes,No,16.388487,2034
2,2038,Yes,6,9,No,Yes,20.745974,2034
5,2039,No,4,13,No,Yes,18.142492,0
22,2034,No,5,8,No,Yes,25.117393,0
12,2035,No,5,13,No,No,18.220573,0
6,2033,No,6,10,No,No,18.056339,0
27,2035,No,6,8,Yes,Yes,24.872187,0
20,2035,No,4,13,No,No,33.290852,0
32,2036,No,3,9,Yes,Yes,30.532558,2038
17,2034,No,6,9,Yes,No,27.001585,0
38,2039,Yes,7,9,Yes,Yes,26.710478,2036
11,2037,No,7,9,No,Yes,32.117878,0
36,2039,Yes,3,12,Yes,No,33.707237,2036
19,2039,No,5,10,Yes,Yes,29.684788,0
18,2040,No,5,10,Yes,Yes,34.736385,0
20,2037,No,4,9,Yes,No,23.359753,0
36,2039,Yes,3,11,No,Yes,26.581539,2036
11,2040,No,7,9,No,Yes,20.732676,0
5,2034,No,4,9,No,Yes,27.70186,0
31,2037,No,3,9,Yes,Yes,20.493319,2038
1,2035,Yes,6,9,Yes,Yes,25.220282,2034
16,2033,No,3,13,Yes,Yes,31.916687,0
4,2038,No,5,9,Yes,Yes,21.171644,0
37,2036,Yes,6,12,No,Yes,22.310667,2036
11,2033,No,7,10,No,No,27.973185,0
3,2034,Yes,5,9,Yes,Yes,24.199739,2034
35,2040,Yes,3,7,No,Yes,24.580957,2038
5,2036,No,4,9,No,Yes,26.671059,0
34,2033,No,3,13,Yes,No,24.822372,2038
38,2034,No,7,9,No,Yes,28.945551,2036
20,2034,No,4,9,No,Yes,24.263546,0
19,2039,No,5,9,No,No,27.193079,0
8,2035,No,4,0,No,Yes,24.394745,0
39,2036,Yes,6,11,No,Yes,14.810237,2036
35,2036,No,3,9,Yes,Yes,31.969967,2038
25,2033,No,5,10,No,No,18.068531,0
3,2039,Yes,5,10,Yes,No,33.289684,2034
29,2037,No,3,9,No,Yes,27.386553,0
32,2039,Yes,3,10,No,Yes,28.713442,2038
32,2040,Yes,3,13,Yes,Yes,20.332148,2038
18,2037,No,5,9,No,Yes,26.916653,0
20,2036,No,4,9,Yes,No,24.542212,0
15,2037,No,5,9,No,No,19.510857,0
29,2034,No,3,8,Yes,No,27.369623,0
22,2040,No,5,9,No,Yes,25.879345,0
7,2032,No,5,9,No,Yes,31.643387,0
7,2034,No,5,10,No,Yes,21.897095,0
38,2039,Yes,7,8,No,Yes,18.182714,2036
23,2034,No,2,9,No,Yes,31.587151,0
2,2036,Yes,6,10,No,Yes,15.424506,2034
40,2036,Yes,4,10,Yes,Yes,27.417633,2036
12,2033,No,5,9,Yes,No,32.632458,0
18,2035,No,5,13,No,Yes,13.969077,0
8,2032,No,4,9,Yes,Yes,29.135073,0
2,2034,Yes,6,9,No,No,30.935781,2034
34,2040,Yes,3,12,Yes,No,25.783607,2038
11,2037,No,7,10,Yes,No,32.145264,0
29,2033,No,3,8,Yes,Yes,33.487934,0
27,2038,No,6,9,Yes,Yes,28.10766,0
29,2032,No,3,12,Yes,No,26.573059,0
10,2036,No,6,12,No,No,30.415083,0
32,2036,No,3,9,Yes,Yes,20.607061,2038
12,2033,No,5,9,No,Yes,24.181459,0
25,2035,No,5,11,No,No,21.096725,0
39,2034,No,6,11,Yes,Yes,27.877968,2036
19,2036,No,5,15,Yes,Yes,24.614809,0
24,2038,No,5,8,No,Yes,34.13784,0
15,2035,No,5,18,No,Yes,25.71376,0
9,2033,No,3,13,Yes,Yes,21.280205,0
33,2035,No,3,8,No,Yes,32.569118,2038
2,2034,Yes,6,10,No,Yes,28.850651,2034
32,2034,No,3,9,No,Yes,26.004717,2038
18,2034,No,5,9,Yes,Yes,31.803545,0
2,2032,No,6,9,Yes,No,23.630772,2034
21,2034,No,4,10,Yes,No,31.073456,0
26,2033,No,4,19,Yes,No,25.961742,0
36,2032,No,3,12,Yes,Yes,36.139229,2036
38,2038,Yes,7,9,Yes,No,18.665224,2036
19,2035,No,5,0,Yes,Yes,21.568945,0
3,2038,Yes,5,8,No,No,23.906612,2034
2,2036,Yes,6,9,Yes,Yes,23.115099,2034
21,2033,No,4,9,Yes,No,27.008747,0
22,2032,No,5,13,No,Yes,24.140774,0
34,2034,No,3,9,Yes,Yes,33.163166,2038
1,2036,Yes,6,9,Yes,Yes,28.873993,2034
14,2032,No,5,9,No,Yes,31.962069,0
34,2040,Yes,3,9,Yes,No,21.143702,2038
17,2039,No,6,9,Yes,Yes,23.880079,0
13,2039,No,3,11,Yes,Yes,24.045656,0
26,2033,No,4,8,No,Yes,16.42668,0
21,2035,No,4,9,No,No,33.96806,0
18,2033,No,5,9,Yes,No,21.55884,0
30,2032,No,6,11,Yes,No,26.592134,0
21,2039,No,4,11,No,Yes,24.851601,0
40,2037,Yes,4,9,Yes,No,28.451439,2036
8,2037,No,4,9,Yes,Yes,22.102043,0
7,2032,No,5,9,Yes,No,18.769869,0
36,2037,Yes,3,7,Yes,Yes,29.836851,2036
30,2035,No,6,11,Yes,Yes,20.983191,0
13,2037,No,3,9,No,Yes,26.425081,0
16,2039,No,3,9,Yes,Yes,33.101036,0
13,2040,No,3,9,No,Yes,29.531715,0
40,2034,No,4,8,No,Yes,28.634499,2036
22,2040,No,5,10,No,No,29.53253,0
36,2032,No,3,9,Yes,Yes,26.188343,2036
34,2035,No,3,9,No,Yes,26.669876,2038
15,2037,No,5,10,Yes,No,36.17672,0
4,2032,No,5,8,Yes,Yes,25.932297,0
14,2039,No,5,10,Yes,Yes,33.119858,0
38,2032,No,7,11,Yes,Yes,17.847862,2036
5,2035,No,4,10,Yes,Yes,25.598061,0
9,2035,No,3,11,Yes,Yes,25.340134,0
31,2035,No,3,10,No,No,26.565392,2038
30,2033,No,6,10,Yes,Yes,29.714899,0
37,2037,Yes,6,10,Yes,No,18.294945,2036
7,2036,No,5,11,Yes,Yes,31.817104,0
13,2036,No,3,9,Yes,Yes,30.944118,0
12,2039,No,5,19,No,Yes,31.95421,0
39,2040,Yes,6,10,No,Yes,28.161638,2036
5,2039,No,4,11,Yes,Yes,28.705873,0
2,2033,No,6,9,Yes,Yes,23.948471,2034
6,2039,No,6,9,No,Yes,31.145142,0
21,2037,No,4,9,No,Yes,24.540962,0
25,2040,No,5,8,No,Yes,23.683809,0
6,2034,No,6,18,No,Yes,25.633097,0
8,2036,No,4,9,Yes,No,25.142622,0
14,2032,No,5,12,No,No,28.400372,0
12,2040,No,5,14,No,Yes,22.019697,0
14,2033,No,5,9,No,Yes,20.406412,0
27,2040,No,6,9,No,Yes,27.817993,0
20,2033,No,4,9,Yes,Yes,32.758598,0
3,2033,No,5,9,No,Yes,21.246618,2034
15,2040,No,5,9,Yes,Yes,26.941038,0
39,2036,Yes,6,9,No,No,25.519325,2036
8,2032,No,4,9,Yes,Yes,22.369516,0
10,2039,No,6,7,Yes,Yes,22.101482,0
5,2035,No,4,19,No,Yes,16.599152,0
24,2039,No,5,11,Yes,Yes,24.252689,0
23,2038,No,2,9,No,Yes,30.358372,0
7,2036,No,5,10,Yes,No,29.393837,0
39,2038,Yes,6,9,No,Yes,13.446605,2036
15,2033,No,5,10,Yes,No,24.064255,0
23,2034,No,2,8,Yes,Yes,32.932835,0
25,2035,No,5,9,Yes,No,20.224089,0
40,2034,No,4,8,No,No,27.796227,2036
14,2039,No,5,7,No,No,22.831366,0
38,2032,No,7,7,Yes,No,27.058659,2036
13,2039,No,3,7,No,Yes,31.660713,0
37,2037,Yes,6,9,No,No,26.704302,2036
25,2034,No,5,9,No,Yes,21.832176,0
6,2035,No,6,9,No,Yes,20.248829,0
8,2039,No,4,9,Yes,Yes,21.00161,0
30,2040,No,6,9,No,Yes,29.857588,0
17,2032,No,6,10,Yes,No,17.581205,0
31,2037,No,3,9,Yes,No,24.567213,2038
2,2037,Yes,6,9,No,Yes,23.511839,2034
34,2037,No,3,11,No,No,26.697392,2038
7,2032,No,5,8,No,Yes,18.107718,0
3,2033,No,5,19,Yes,Yes,21.657473,2034
13,2038,No,3,9,No,Yes,31.437288,0
16,2040,No,3,10,Yes,Yes,30.543264,0
35,2036,No,3,9,Yes,Yes,20.835791,2038
18,2039,No,5,10,No,No,21.745932,0
26,2035,No,4,10,Yes,Yes,21.678478,0
1,2032,No,6,10,Yes,No,19.995258,2034
31,2033,No,3,10,Yes,No,27.626087,2038
16,2032,No,3,9,No,No,18.65642,0
16,2036,No,3,10,Yes,Yes,35.430027,0
37,2040,Yes,6,13,Yes,Yes,27.868881,2036
3,2033,No,5,9,Yes,No,26.734852,2034
38,2033,No,7,9,Yes,Yes,18.998579,2036
3,2037,Yes,5,9,No,Yes,16.828423,2034
30,2035,No,6,7,Yes,No,25.260544,0
18,2039,No,5,8,Yes,No,22.915813,0
36,2035,No,3,9,Yes,Yes,32.417633,2036
28,2033,No,3,9,No,Yes,19.118347,0
40,2040,Yes,4,9,No,Yes,27.679451,2036
11,2035,No,7,8,Yes,No,28.290058,0
26,2036,No,4,9,Yes,Yes,32.811981,0
34,2039,Yes,3,9,Yes,Yes,26.970491,2038
7,2036,No,5,9,No,Yes,29.36524,0
19,2040,No,5,9,No,No,30.151024,0
39,2033,No,6,9,Yes,Yes,24.057093,2036
27,2038,No,6,8,No,Yes,23.53249,0
15,2036,No,5,11,No,Yes,25.630051,0
10,2038,No,6,9,Yes,No,23.087658,0
2,2034,Yes,6,9,Yes,No,28.987829,2034
14,2033,No,5,8,No,Yes,17.977055,0
7,2040,No,5,12,Yes,No,26.199196,0
25,2038,No,5,11,Yes,Yes,27.878571,0
9,2037,No,3,10,Yes,Yes,20.990519,0
12,2032,No,5,9,No,Yes,21.238117,0
19,2033,No,5,9,Yes,Yes,22.733849,0
29,2040,No,3,7,No,Yes,31.663099,0
30,2033,No,6,9,No,Yes,32.166424,0
1,2035,Yes,6,10,Yes,No,30.528996,2034
6,2040,No,6,8,No,No,17.666733,0
12,2033,No,5,9,No,No,31.285116,0
10,2033,No,6,9,Yes,Yes,26.786171,0
11,2033,No,7,9,Yes,Yes,33.346313,0
1,2034,Yes,6,9,No,No,21.036919,2034
37,2032,No,6,9,Yes,Yes,28.26935,2036
14,2037,No,5,9,No,Yes,19.796808,0
38,2039,Yes,7,9,Yes,No,20.505835,2036
24,2032,No,5,7,Yes,No,29.725586,0
25,2034,No,5,9,Yes,No,23.320589,0
21,2034,No,4,8,No,Yes,23.942684,0
36,2035,No,3,8,Yes,Yes,25.304502,2036
1,2034,Yes,6,8,No,No,30.779284,2034
39,2035,No,6,11,Yes,Yes,30.11125,2036
20,2033,No,4,17,Yes,Yes,25.329271,0
40,2036,Yes,4,10,Yes,Yes,25.429731,2036
1,2033,No,6,9,Yes,Yes,28.307894,2034
9,2032,No,3,15,No,No,24.564466,0
1,2038,Yes,6,9,No,No,23.22596,2034
10,2033,No,6,9,Yes,Yes,27.001745,0
27,2037,No,6,8,No,Yes,27.285057,0
32,2039,Yes,3,18,No,No,29.791113,2038
17,2035,No,6,12,Yes,Yes,23.199402,0
5,2037,No,4,10,Yes,No,22.724171,0
30,2036,No,6,10,No,Yes,28.754873,0
22,2034,No,5,13,No,Yes,28.174278,0
16,2032,No,3,12,Yes,Yes,25.552582,0
34,2035,No,3,8,No,Yes,27.434959,2038
25,2038,No,5,12,No,No,23.839067,0
38,2035,No,7,10,No,Yes,20.311468,2036
21,2036,No,4,9,No,Yes,20.636,0
25,2033,No,5,13,Yes,Yes,27.86178,0
6,2033,No,6,15,Yes,Yes,20.615326,0
22,2040,No,5,8,No,Yes,23.76437,0
6,2033,No,6,10,No,Yes,24.012171,0
18,2032,No,5,10,Yes,Yes,27.681335,0
19,2034,No,5,9,Yes,Yes,17.725431,0
26,2038,No,4,8,Yes,No,21.432093,0
36,2038,Yes,3,9,Yes,No,17.787525,2036
6,2037,No,6,8,Yes,No,29.083313,0
38,2035,No,7,8,No,Yes,18.47776,2036
26,2036,No,4,9,Yes,Yes,30.676176,0
20,2034,No,4,8,Yes,No,23.265406,0
13,2034,No,3,9,No,No,23.92647,0
6,2040,No,6,9,Yes,No,38.092194,0
10,2032,No,6,16,No,Yes,17.892986,0
16,2039,No,3,7,No,Yes,20.629612,0
19,2040,No,5,8,Yes,No,18.092569,0
31,2032,No,3,6,Yes,Yes,30.989323,2038
34,2037,No,3,14,No,Yes,19.088232,2038
25,2035,No,5,9,Yes,No,23.242249,0
27,2034,No,6,13,No,Yes,31.329666,0
6,2039,No,6,9,No,Yes,22.519936,0
17,2034,No,6,7,No,Yes,34.708847,0
29,2039,No,3,9,No,Yes,28.784805,0
4,2033,No,5,8,No,Yes,28.777208,0
21,2037,No,4,9,Yes,Yes,24.625183,0
34,2040,Yes,3,12,No,No,29.921173,2038
22,2034,No,5,12,Yes,No,27.96343,0
24,2033,No,5,8,Yes,Yes,17.543686,0
8,2033,No,4,8,No,No,16.390781,0
40,2039,Yes,4,10,Yes,No,20.720657,2036
16,2032,No,3,0,No,Yes,27.356562,0
30,2034,No,6,9,Yes,Yes,31.816189,0
1,2037,Yes,6,12,Yes,Yes,16.343958,2034
23,2040,No,2,10,Yes,Yes,23.220289,0
6,2034,No,6,10,No,No,31.662069,0
34,2032,No,3,7,No,No,21.131617,2038
7,2038,No,5,17,Yes,No,35.47588,0
1,2035,Yes,6,9,No,Yes,18.01338,2034
38,2038,Yes,7,9,No,No,16.308603,2036
29,2035,No,3,9,Yes,Yes,18.853251,0
22,2033,No,5,9,No,No,18.414675,0
33,2039,Yes,3,9,Yes,Yes,28.770691,2038
29,2038,No,3,10,Yes,Yes,28.072449,0
11,2037,No,7,9,No,Yes,21.570532,0
26,2033,No,4,10,No,Yes,23.720415,0
18,2035,No,5,8,Yes,Yes,29.506729,0
29,2039,No,3,7,Yes,Yes,30.745295,0
27,2040,No,6,9,No,Yes,25.543606,0
9,2039,No,3,9,Yes,Yes,16.946419,0
38,2033,No,7,17,Yes,Yes,25.701199,2036
17,2036,No,6,12,Yes,No,34.546448,0
27,2039,No,6,11,Yes,No,28.429544,0
34,2036,No,3,7,Yes,Yes,25.945784,2038
37,2036,Yes,6,13,Yes,Yes,20.375854,2036
30,2032,No,6,8,Yes,Yes,21.256094,0
28,2038,No,3,9,No,No,20.97123,0
28,2034,No,3,9,Yes,Yes,34.842133,0
22,2034,No,5,15,No,Yes,18.099188,0
15,2037,No,5,9,Yes,Yes,31.8398,0
27,2040,No,6,10,Yes,No,21.502642,0
12,2039,No,5,11,No,Yes,21.474661,0
2,2036,Yes,6,10,Yes,Yes,18.883898,2034
20,2040,No,4,9,Yes,No,24.445593,0
25,2038,No,5,12,No,No,24.382574,0
3,2039,Yes,5,8,No,No,23.539848,2034
14,2040,No,5,9,No,Yes,26.646931,0
29,2039,No,3,9,Yes,Yes,26.240204,0
16,2039,No,3,13,Yes,Yes,21.489408,0
2,2037,Yes,6,10,Yes,No,26.263634,2034
25,2033,No,5,9,No,Yes,21.390196,0
38,2032,No,7,0,Yes,Yes,28.190445,2036
36,2034,No,3,14,Yes,Yes,29.138525,2036
5,2032,No,4,12,No,Yes,25.2549,0
36,2035,No,3,9,Yes,No,30.78303,2036
15,2040,No,5,7,No,Yes,23.146461,0
11,2035,No,7,9,No,No,19.815571,0
1,2039,Yes,6,11,No,Yes,31.164268,2034
11,2038,No,7,9,Yes,Yes,19.421726,0
25,2037,No,5,9,Yes,No,33.808247,0
26,2035,No,4,9,Yes,Yes,24.467892,0
15,2037,No,5,9,No,Yes,22.439184,0
20,2035,No,4,11,No,Yes,28.400143,0
5,2036,No,4,8,Yes,Yes,23.843178,0
11,2039,No,7,9,Yes,Yes,18.643608,0
36,2034,No,3,12,Yes,Yes,31.530087,2036
27,2034,No,6,8,Yes,No,28.214411,0
29,2039,No,3,9,Yes,Yes,28.202198,0
19,2032,No,5,9,Yes,No,31.357574,0
39,2040,Yes,6,8,No,No,22.104855,2036
22,2037,No,5,7,No,No,29.203367,0
27,2038,No,6,11,No,Yes,21.843594,0
12,2032,No,5,17,No,Yes,17.310648,0
12,2039,No,5,0,Yes,No,28.207098,0
15,2032,No,5,9,No,No,31.000202,0
6,2034,No,6,10,Yes,Yes,28.706087,0
1,2035,Yes,6,7,No,Yes,29.262121,2034
30,2034,No,6,12,No,No,16.622383,0
34,2032,No,3,12,No,Yes,30.10655,2038
20,2037,No,4,12,Yes,No,33.47607,0
36,2033,No,3,10,No,Yes,17.026875,2036
11,2035,No,7,8,No,No,30.975266,0
29,2037,No,3,12,Yes,No,29.019236,0
31,2032,No,3,10,Yes,Yes,26.488966,2038
37,2033,No,6,9,No,Yes,18.08013,2036
25,2037,No,5,9,No,Yes,18.608086,0
21,2035,No,4,18,Yes,Yes,23.449053,0
10,2035,No,6,8,Yes,Yes,33.687935,0
25,2034,No,5,0,No,Yes,24.359011,0
33,2032,No,3,8,Yes,Yes,30.512917,2038
10,2038,No,6,5,No,Yes,30.836042,0
20,2032,No,4,13,Yes,No,32.197651,0
32,2036,No,3,7,Yes,No,23.920321,2038
8,2039,No,4,8,Yes,Yes,19.940775,0
2,2034,Yes,6,8,Yes,No,20.523462,2034
24,2033,No,5,11,No,Yes,22.220789,0
36,2035,No,3,10,No,Yes,27.693388,2036
6,2036,No,6,12,Yes,Yes,22.303904,0
33,2040,Yes,3,7,Yes,Yes,32.183987,2038
5,2034,No,4,16,No,No,22.687071,0
27,2032,No,6,11,Yes,Yes,25.335318,0
33,2036,No,3,11,Yes,Yes,31.432961,2038
16,2037,No,3,9,Yes,Yes,21.950354,0
13,2036,No,3,12,Yes,No,25.129343,0
14,2039,No,5,12,Yes,Yes,23.110458,0
3,2038,Yes,5,9,No,Yes,22.491291,2034
13,2040,No,3,9,No,Yes,30.931263,0
9,2038,No,3,11,No,Yes,19.235641,0
29,2035,No,3,9,Yes,Yes,32.210701,0
29,2035,No,3,10,No,Yes,22.922312,0
33,2035,No,3,9,No,Yes,24.838985,2038
2,2040,Yes,6,10,No,Yes,26.152363,2034
2,2032,No,6,9,Yes,No,36.601025,2034
14,2033,No,5,15,Yes,No,33.869083,0
4,2035,No,5,11,No,No,33.882236,0
28,2035,No,3,8,No,Yes,26.333445,0
14,2036,No,5,14,Yes,Yes,25.804247,0
6,2039,No,6,10,Yes,Yes,24.522671,0
30,2034,No,6,9,Yes,Yes,30.878616,0
10,2035,No,6,12,Yes,No,25.815018,0
18,2037,No,5,17,Yes,Yes,20.700096,0
17,2039,No,6,11,Yes,No,20.751738,0
4,2036,No,5,9,Yes,No,34.096336,0
39,2037,Yes,6,7,Yes,Yes,17.615957,2036
9,2032,No,3,9,No,Yes,31.601812,0
23,2035,No,2,19,Yes,No,24.873661,0
18,2036,No,5,8,No,Yes,31.246439,0
5,2038,No,4,11,No,No,30.771929,0
15,2034,No,5,10,Yes,Yes,19.086359,0
8,2036,No,4,9,Yes,Yes,28.384237,0
6,2035,No,6,9,Yes,Yes,15.796506,0
4,2037,No,5,10,Yes,Yes,18.408966,0
38,2035,No,7,9,Yes,No,20.476833,2036
26,2038,No,4,9,No,Yes,17.653126,0
8,2033,No,4,13,No,Yes,16.660276,0
10,2039,No,6,9,Yes,Yes,28.572704,0
16,2036,No,3,9,Yes,Yes,26.612865,0
29,2039,No,3,17,No,No,33.20121,0
17,2037,No,6,9,Yes,No,31.640757,0
10,2037,No,6,9,Yes,Yes,22.409391,0
25,2037,No,5,8,No,Yes,24.570923,0
1,2033,No,6,9,Yes,Yes,29.435223,2034
19,2032,No,5,9,Yes,Yes,30.700193,0
14,2037,No,5,10,No,Yes,32.639843,0
35,2033,No,3,8,Yes,Yes,32.61367,2038
4,2035,No,5,10,No,Yes,29.443916,0
9,2034,No,3,14,No,Yes,24.076809,0
31,2034,No,3,10,No,Yes,28.241081,2038
26,2034,No,4,10,No,No,21.02594,0
11,2034,No,7,8,Yes,Yes,20.771502,0
14,2040,No,5,8,Yes,Yes,26.100594,0
15,2039,No,5,13,Yes,Yes,36.133129,0
20,2038,No,4,8,No,No,24.445635,0
18,2039,No,5,9,Yes,Yes,19.891594,0
30,2032,No,6,7,No,Yes,18.706743,0
34,2040,Yes,3,11,No,Yes,25.781734,2038
22,2033,No,5,9,No,Yes,30.772055,0
36,2032,No,3,12,No,Yes,30.958168,2036
39,2034,No,6,11,Yes,No,20.452572,2036
27,2035,No,6,4,Yes,Yes,24.227001,0
11,2034,No,7,10,Yes,Yes,15.953006,0
12,2033,No,5,9,Yes,Yes,22.857727,0
8,2040,No,4,13,Yes,Yes,34.864368,0
16,2040,No,3,8,No,No,31.883074,0
35,2032,No,3,10,No,Yes,25.631477,2038
1,2039,Yes,6,9,Yes,No,28.875759,2034
23,2038,No,2,14,Yes,No,24.967134,0
18,2038,No,5,8,Yes,Yes,37.16116,0
20,2040,No,4,9,Yes,No,26.411085,0
19,2034,No,5,12,No,Yes,30.393702,0
1,2034,Yes,6,9,Yes,Yes,20.932383,2034
1,2032,No,6,11,Yes,Yes,29.84355,2034
24,2032,No,5,18,No,Yes,28.7644,0
24,2033,No,5,9,No,Yes,20.501169,0
35,2036,No,3,12,No,Yes,23.600315,2038
15,2040,No,5,11,Yes,Yes,32.98634,0
33,2035,No,3,9,Yes,Yes,28.732624,2038
24,2039,No,5,15,No,Yes,25.177755,0
20,2036,No,4,14,Yes,Yes,19.938559,0
28,2037,No,3,9,Yes,Yes,22.6859,0
38,2039,Yes,7,9,No,Yes,26.788548,2036
9,2033,No,3,9,No,Yes,34.140591,0
29,2038,No,3,10,No,No,31.896351,0
29,2037,No,3,9,Yes,Yes,32.369049,0
29,2033,No,3,10,Yes,Yes,15.801429,0
18,2032,No,5,9,No,Yes,23.953253,0
24,2038,No,5,9,No,No,29.501913,0
39,2034,No,6,9,No,Yes,17.015078,2036
13,2035,No,3,9,No,Yes,19.088406,0
16,2034,No,3,15,Yes,No,22.327755,0
29,2032,No,3,9,Yes,Yes,33.256649,0
17,2038,No,6,9,No,No,32.279003,0
22,2037,No,5,11,No,No,21.29212,0
6,2032,No,6,7,Yes,Yes,18.398897,0
8,2039,No,4,11,Yes,No,23.69548,0
23,2032,No,2,7,Yes,Yes,32.92881,0
29,2040,No,3,10,No,Yes,24.049438,0
5,2034,No,4,9,Yes,No,23.245871,0
34,2034,No,3,8,No,No,26.724861,2038
36,2036,Yes,3,12,No,Yes,29.866669,2036
23,2034,No,2,10,No,No,26.80895,0
20,2035,No,4,7,Yes,Yes,24.745436,0
39,2039,Yes,6,10,Yes,Yes,34.667526,2036
30,2038,No,6,9,Yes,Yes,28.811331,0
2,2038,Yes,6,9,Yes,Yes,21.945423,2034
16,2040,No,3,11,No,No,32.992149,0
30,2032,No,6,4,Yes,Yes,21.803844,0
16,2033,No,3,11,Yes,Yes,27.98296,0
26,2037,No,4,7,Yes,Yes,33.660954,0
29,2040,No,3,14,No,Yes,24.021025,0
10,2038,No,6,7,No,No,20.454069,0
10,2039,No,6,12,Yes,Yes,21.163662,0
10,2040,No,6,9,Yes,Yes,27.262589,0
22,2035,No,5,7,Yes,Yes,24.427597,0
16,2039,No,3,11,No,No,25.113882,0
35,2037,No,3,0,No,No,18.53985,2038
32,2036,No,3,9,Yes,Yes,19.925087,2038
37,2040,Yes,6,10,Yes,Yes,34.890926,2036
29,2037,No,3,11,Yes,Yes,36.966621,0
34,2036,No,3,9,Yes,Yes,26.76449,2038
40,2034,No,4,9,No,No,19.492048,2036
27,2037,No,6,8,No,No,32.509243,0
33,2035,No,3,9,No,Yes,22.5186,2038
18,2035,No,5,9,No,No,25.396572,0
13,2032,No,3,19,No,No,26.891779,0
36,2033,No,3,12,No,Yes,24.645138,2036
26,2038,No,4,13,Yes,Yes,30.779085,0
26,2040,No,4,9,No,Yes,16.718441,0
40,2035,No,4,10,No,No,31.835066,2036
20,2040,No,4,13,No,Yes,17.969366,0
30,2040,No,6,11,No,No,22.208862,0
30,2040,No,6,9,Yes,No,30.38199,0
36,2038,Yes,3,8,No,Yes,25.871193,2036
1,2033,No,6,9,No,No,20.147751,2034
24,2035,No,5,9,Yes,Yes,29.026051,0
2,2038,Yes,6,8,Yes,Yes,26.172585,2034
17,2034,No,6,10,No,No,32.893517,0
21,2033,No,4,18,No,Yes,29.036617,0
21,2034,No,4,17,No,Yes,29.886459,0
22,2035,No,5,9,No,Yes,19.295876,0
39,2036,Yes,6,9,Yes,Yes,29.346659,2036
34,2038,Yes,3,9,No,Yes,25.401375,2038
36,2036,Yes,3,12,No,Yes,20.102465,2036
11,2033,No,7,9,No,Yes,15.385455,0
18,2037,No,5,12,Yes,No,37.113392,0
17,2032,No,6,12,No,Yes,20.525513,0
11,2038,No,7,8,Yes,Yes,25.26515,0
4,2038,No,5,11,No,Yes,34.293022,0
36,2033,No,3,8,Yes,Yes,22.849182,2036
31,2039,Yes,3,9,No,No,27.114811,2038
38,2039,Yes,7,9,No,No,34.615494,2036
21,2036,No,4,10,No,No,23.424364,0
40,2032,No,4,9,Yes,No,22.358564,2036
3,2035,Yes,5,9,Yes,Yes,18.100313,2034
12,2040,No,5,11,Yes,Yes,27.406927,0
10,2033,No,6,14,Yes,Yes,29.774582,0
18,2033,No,5,8,No,Yes,29.19224,0
24,2037,No,5,11,Yes,Yes,30.632759,0
29,2036,No,3,9,Yes,No,33.46233,0
4,2038,No,5,12,Yes,Yes,26.309225,0
10,2039,No,6,13,Yes,Yes,26.467236,0
15,2033,No,5,9,Yes,Yes,21.69735,0
10,2036,No,6,0,No,Yes,31.664942,0
8,2032,No,4,19,Yes,Yes,32.302551,0
35,2040,Yes,3,7,No,No,21.691479,2038
15,2037,No,5,8,No,Yes,19.099947,0
22,2035,No,5,8,No,No,33.357811,0
10,2038,No,6,9,Yes,Yes,18.245369,0
33,2033,No,3,7,No,No,21.682554,2038
16,2034,No,3,8,Yes,Yes,26.467684,0
32,2037,No,3,9,Yes,No,31.227165,2038
33,2035,No,3,0,No,No,23.571407,2038
35,2034,No,3,10,No,Yes,22.292212,2038
5,2039,No,4,8,No,Yes,22.36343,0
10,2033,No,6,9,Yes,Yes,33.185757,0
26,2037,No,4,9,No,Yes,18.683184,0
3,2036,Yes,5,9,Yes,Yes,17.975824,2034
18,2037,No,5,9,Yes,Yes,22.158953,0
5,2037,No,4,9,Yes,No,34.502254,0
31,2035,No,3,9,Yes,No,26.612602,2038
3,2037,Yes,5,9,Yes,No,20.191164,2034
1,2034,Yes,6,0,No,Yes,22.869854,2034
22,2038,No,5,9,Yes,No,23.96212,0
4,2032,No,5,10,Yes,No,27.123264,0
2,2038,Yes,6,10,No,Yes,26.548815,2034
30,2036,No,6,9,Yes,Yes,23.027372,0
23,2032,No,2,10,Yes,Yes,29.088497,0
36,2032,No,3,9,No,Yes,26.724781,2036
10,2033,No,6,10,Yes,No,23.095495,0
6,2032,No,6,9,Yes,No,24.804914,0
5,2034,No,4,5,No,No,26.195538,0
23,2035,No,2,8,Yes,Yes,29.816193,0
10,2034,No,6,12,No,No,25.600439,0
28,2035,No,3,10,Yes,No,29.249189,0
31,2038,Yes,3,13,No,No,30.544439,2038
39,2035,No,6,10,Yes,No,22.672222,2036
40,2039,Yes,4,9,Yes,No,31.687056,2036
32,2033,No,3,9,No,Yes,32.304829,2038
3,2038,Yes,5,9,Yes,Yes,17.483646,2034
7,2035,No,5,11,No,Yes,28.857445,0
27,2040,No,6,9,Yes,No,32.512474,0
15,2037,No,5,9,Yes,Yes,29.613375,0
12,2038,No,5,10,Yes,Yes,22.044632,0
3,2035,Yes,5,15,Yes,Yes,28.875259,2034
30,2038,No,6,12,No,Yes,30.331659,0
19,2040,No,5,8,Yes,Yes,24.674822,0
32,2038,Yes,3,11,Yes,Yes,25.471533,2038
22,2035,No,5,7,Yes,No,28.407412,0
5,2040,No,4,13,No,No,24.251444,0
18,2034,No,5,9,No,No,26.012075,0
11,2038,No,7,12,No,Yes,30.797199,0
32,2034,No,3,13,Yes,Yes,28.456942,2038
19,2032,No,5,11,No,Yes,28.042593,0
24,2034,No,5,11,Yes,Yes,17.906919,0
14,2039,No,5,12,No,Yes,25.568785,0
27,2038,No,6,11,No,Yes,26.999479,0
3,2039,Yes,5,9,Yes,Yes,23.015438,2034
12,2032,No,5,11,Yes,Yes,22.341299,0
29,2033,No,3,14,Yes,Yes,20.368126,0
30,2034,No,6,9,No,No,27.252878,0
19,2038,No,5,7,Yes,No,29.634043,0
24,2033,No,5,10,No,No,25.084217,0
36,2035,No,3,9,Yes,No,34.231651,2036
25,2033,No,5,9,No,Yes,27.935047,0
7,2040,No,5,19,Yes,No,23.532072,0
20,2036,No,4,9,No,Yes,30.756615,0
20,2032,No,4,11,No,No,32.872295,0
20,2038,No,4,9,Yes,Yes,28.582731,0
10,2033,No,6,11,No,Yes,22.296635,0
8,2039,No,4,9,No,Yes,21.563675,0
17,2038,No,6,9,Yes,Yes,16.820944,0
10,2037,No,6,9,Yes,No,27.833185,0
29,2040,No,3,11,No,Yes,27.549271,0
1,2040,Yes,6,8,Yes,Yes,17.230772,2034
13,2039,No,3,8,No,No,26.575798,0
18,2033,No,5,9,Yes,No,34.521954,0
27,2036,No,6,11,No,No,31.214912,0
3,2036,Yes,5,12,Yes,No,28.306108,2034
16,2035,No,3,9,Yes,No,34.45322,0
9,2038,No,3,9,Yes,Yes,26.275846,0
21,2036,No,4,10,Yes,Yes,19.022793,0
38,2039,Yes,7,12,Yes,Yes,21.168924,2036
8,2032,No,4,9,No,No,28.324457,0
8,2039,No,4,13,No,Yes,23.477369,0
17,2038,No,6,9,No,Yes,30.0126,0
33,2036,No,3,9,Yes,No,21.489401,2038
34,2039,Yes,3,9,Yes,Yes,21.257353,2038
16,2032,No,3,9,Yes,No,24.686195,0
17,2039,No,6,17,No,No,21.002201,0
32,2040,Yes,3,9,Yes,Yes,21.133881,2038
36,2039,Yes,3,8,No,No,26.514503,2036
6,2037,No,6,11,No,Yes,21.804209,0
18,2035,No,5,9,No,No,31.49892,0
5,2040,No,4,9,Yes,Yes,27.489504,0
37,2035,No,6,12,Yes,Yes,28.904003,2036
38,2035,No,7,9,Yes,Yes,26.264099,2036
19,2037,No,5,12,Yes,Yes,23.614212,0
8,2034,No,4,10,No,No,25.141495,0
33,2038,Yes,3,7,No,Yes,17.120827,2038
26,2037,No,4,7,No,Yes,22.838354,0
18,2037,No,5,7,Yes,Yes,27.560326,0
34,2039,Yes,3,17,Yes,Yes,17.704334,2038
17,2036,No,6,9,Yes,No,35.955765,0
33,2034,No,3,9,No,No,26.23605,2038
10,2033,No,6,9,Yes,Yes,24.327021,0
10,2033,No,6,8,Yes,Yes,24.99794,0
15,2040,No,5,11,Yes,Yes,23.971016,0
27,2039,No,6,19,Yes,Yes,26.737585,0
8,2035,No,4,8,No,Yes,33.427933,0
21,2032,No,4,12,No,Yes,26.535873,0
2,2032,No,6,0,No,No,23.269806,2034
8,2038,No,4,9,Yes,No,21.233973,0
25,2032,No,5,9,Yes,No,29.255283,0
21,2035,No,4,9,Yes,Yes,31.777561,0
40,2040,Yes,4,9,No,Yes,18.833187,2036
13,2032,No,3,15,No,Yes,23.25423,0
36,2040,Yes,3,9,No,Yes,23.430977,2036
6,2036,No,6,13,No,No,19.762207,0
14,2039,No,5,9,No,Yes,17.966106,0
3,2034,Yes,5,8,Yes,No,22.531088,2034
31,2037,No,3,12,No,Yes,22.443773,2038
17,2039,No,6,8,No,No,28.148195,0
26,2032,No,4,12,Yes,No,33.741028,0
39,2032,No,6,9,Yes,No,32.099998,2036
32,2035,No,3,10,Yes,No,30.430943,2038
24,2039,No,5,9,No,Yes,24.266262,0
8,2038,No,4,14,No,Yes,22.452211,0
29,2035,No,3,9,Yes,No,24.479717,0
39,2037,Yes,6,9,No,No,20.158033,2036
26,2032,No,4,13,Yes,No,28.443842,0
35,2032,No,3,9,No,No,18.626686,2038
23,2038,No,2,14,Yes,No,26.260036,0
36,2037,Yes,3,9,Yes,Yes,28.354614,2036
14,2033,No,5,10,No,Yes,25.45977,0
25,2036,No,5,8,No,Yes,24.505825,0
25,2036,No,5,8,No,Yes,21.980337,0
20,2037,No,4,10,Yes,No,28.423008,0
25,2035,No,5,9,No,No,34.574539,0
33,2032,No,3,8,Yes,Yes,24.674417,2038
16,2040,No,3,9,Yes,Yes,16.661016,0
11,2032,No,7,9,No,No,23.781511,0
39,2038,Yes,6,16,No,Yes,13.701315,2036
30,2033,No,6,14,Yes,No,28.86964,0
8,2036,No,4,14,Yes,Yes,23.81842,0
37,2037,Yes,6,10,Yes,Yes,24.180202,2036
9,2034,No,3,9,No,Yes,23.032362,0
5,2032,No,4,15,No,Yes,32.743649,0
21,2033,No,4,12,No,No,23.146517,0
35,2035,No,3,9,Yes,Yes,31.543898,2038
23,2033,No,2,8,Yes,Yes,25.029863,0
2,2040,Yes,6,11,No,Yes,29.533718,2034
15,2035,No,5,8,No,Yes,24.169411,0
29,2036,No,3,9,Yes,No,20.704018,0
16,2034,No,3,10,No,No,24.625978,0
3,2038,Yes,5,9,No,Yes,18.350634,2034
32,2037,No,3,8,No,Yes,21.169498,2038
15,2033,No,5,9,No,No,33.390709,0
18,2040,No,5,8,Yes,No,32.118126,0
28,2037,No,3,9,Yes,No,25.215652,0
7,2033,No,5,9,Yes,No,31.018642,0
16,2032,No,3,11,No,Yes,22.220795,0
1,2038,Yes,6,12,No,Yes,19.030735,2034
33,2033,No,3,9,No,Yes,23.627184,2038
6,2035,No,6,8,No,Yes,18.64922,0
13,2040,No,3,10,Yes,No,21.037075,0
8,2038,No,4,7,No,Yes,23.429335,0
22,2032,No,5,10,No,Yes,30.208384,0
12,2038,No,5,13,Yes,No,26.054953,0
27,2039,No,6,12,Yes,No,19.418159,0
6,2038,No,6,10,No,No,23.571823,0
5,2040,No,4,12,No,No,18.169191,0
39,2040,Yes,6,9,Yes,Yes,21.025837,2036
7,2035,No,5,9,No,Yes,23.270315,0
22,2036,No,5,9,Yes,Yes,23.689077,0
15,2032,No,5,9,Yes,Yes,30.917665,0
5,2034,No,4,9,No,No,32.059162,0
24,2038,No,5,7,No,No,34.397602,0
8,2034,No,4,15,No,Yes,19.65255,0
32,2037,No,3,12,No,Yes,28.911379,2038
25,2039,No,5,10,No,Yes,24.906071,0
10,2034,No,6,9,Yes,Yes,21.526875,0
16,2033,No,3,9,No,Yes,29.92417,0
23,2035,No,2,13,No,Yes,25.005236,0
16,2034,No,3,19,No,No,33.028793,0
15,2039,No,5,10,Yes,Yes,26.048246,0
37,2040,Yes,6,11,No,Yes,23.615623,2036
26,2037,No,4,12,Yes,Yes,34.08894,0
24,2032,No,5,10,Yes,Yes,34.764427,0
3,2034,Yes,5,12,No,Yes,24.859699,2034
16,2034,No,3,9,No,No,23.240942,0
23,2038,No,2,9,No,No,21.544693,0
24,2034,No,5,9,No,Yes,28.092552,0
25,2039,No,5,9,No,Yes,27.17997,0
36,2035,No,3,15,Yes,Yes,32.940762,2036
11,2040,No,7,9,Yes,No,36.406918,0
26,2034,No,4,8,No,Yes,28.287476,0
34,2036,No,3,9,No,Yes,18.577587,2038
3,2039,Yes,5,11,No,Yes,19.421955,2034
21,2033,No,4,8,Yes,No,31.801195,0
39,2033,No,6,9,Yes,No,21.241945,2036
11,2038,No,7,9,Yes,Yes,20.565426,0
29,2037,No,3,8,No,No,19.059204,0
12,2032,No,5,9,No,Yes,32.614262,0
33,2033,No,3,9,No,No,24.428961,2038
19,2037,No,5,9,Yes,No,27.054234,0
7,2033,No,5,10,No,Yes,23.762272,0
17,2032,No,6,9,No,Yes,21.641352,0
1,2039,Yes,6,9,No,No,19.89094,2034
13,2037,No,3,9,Yes,Yes,37.158997,0
36,2036,Yes,3,17,No,No,25.507801,2036
4,2033,No,5,11,Yes,Yes,19.986689,0
37,2033,No,6,11,No,Yes,33.579048,2036
11,2033,No,7,8,Yes,No,32.430779,0
39,2036,Yes,6,8,No,Yes,18.510788,2036
39,2038,Yes,6,10,Yes,Yes,26.894764,2036
39,2039,Yes,6,11,Yes,Yes,20.928635,2036
7,2034,No,5,9,Yes,No,20.117994,0
24,2038,No,5,10,No,No,28.778282,0
5,2032,No,4,8,Yes,No,26.747536,0
29,2036,No,3,8,Yes,No,17.845476,0
9,2034,No,3,9,Yes,No,31.141321,0
4,2035,No,5,9,Yes,Yes,23.175034,0
30,2037,No,6,9,Yes,Yes,20.549417,0
9,2038,No,3,9,No,Yes,27.60681,0
15,2039,No,5,9,Yes,No,26.917358,0
20,2040,No,4,9,No,Yes,33.231365,0
33,2035,No,3,10,Yes,Yes,18.741701,2038
34,2032,No,3,8,Yes,Yes,24.83169,2038
27,2033,No,6,12,Yes,Yes,21.823471,0
16,2032,No,3,18,Yes,Yes,34.089199,0
19,2032,No,5,9,Yes,Yes,21.061827,0
16,2034,No,3,9,No,No,27.471304,0
34,2035,No,3,8,Yes,Yes,24.252203,2038
19,2032,No,5,11,Yes,Yes,33.069393,0
14,2032,No,5,7,Yes,Yes,22.246099,0
27,2039,No,6,9,No,Yes,20.204636,0
15,2040,No,5,9,Yes,Yes,27.331059,0
7,2035,No,5,9,No,Yes,27.524443,0
13,2034,No,3,12,Yes,No,24.076427,0
5,2037,No,4,9,No,Yes,30.013735,0
39,2035,No,6,10,Yes,Yes,21.394016,2036
10,2039,No,6,8,No,No,32.420628,0
40,2038,Yes,4,9,Yes,No,26.666628,2036
20,2037,No,4,9,Yes,No,25.400728,0
22,2032,No,5,12,Yes,No,24.691395,0
28,2035,No,3,9,Yes,Yes,32.005688,0
4,2039,No,5,9,No,No,25.181356,0
30,2039,No,6,9,No,Yes,23.308136,0
2,2032,No,6,9,Yes,Yes,19.742027,2034
14,2034,No,5,19,Yes,Yes,29.337786,0
1,2039,Yes,6,9,Yes,Yes,28.004713,2034
38,2036,Yes,7,9,No,Yes,20.696276,2036
38,2032,No,7,9,No,No,29.306347,2036
26,2040,No,4,8,Yes,Yes,20.23032,0
24,2040,No,5,9,No,Yes,19.891352,0
5,2034,No,4,10,No,No,32.889233,0
40,2036,Yes,4,12,Yes,No,25.014618,2036
20,2035,No,4,7,Yes,No,23.876471,0
19,2035,No,5,9,Yes,Yes,31.342236,0
39,2039,Yes,6,9,Yes,Yes,24.064726,2036
14,2034,No,5,7,No,Yes,37.556797,0
38,2034,No,7,17,No,Yes,26.872316,2036
40,2032,No,4,9,Yes,Yes,24.84404,2036
4,2034,No,5,9,Yes,Yes,31.921515,0
12,2040,No,5,9,Yes,No,32.001301,0
6,2034,No,6,10,Yes,Yes,19.613098,0
15,2039,No,5,7,No,Yes,17.81922,0
23,2034,No,2,10,No,No,24.322613,0
39,2040,Yes,6,13,No,No,29.415411,2036
23,2033,No,2,9,No,Yes,27.478487,0
17,2035,No,6,19,Yes,No,30.528933,0
14,2034,No,5,10,Yes,Yes,22.853559,0
7,2034,No,5,9,Yes,Yes,18.535652,0
14,2034,No,5,9,No,Yes,31.008179,0
34,2038,Yes,3,11,No,Yes,23.886736,2038
13,2037,No,3,13,No,Yes,23.591274,0
9,2040,No,3,13,Yes,Yes,31.773869,0
8,2036,No,4,9,No,Yes,23.958429,0
31,2039,Yes,3,9,No,No,23.131824,2038
16,2039,No,3,9,No,No,24.031326,0
26,2039,No,4,7,Yes,Yes,21.520821,0
31,2038,Yes,3,8,No,Yes,24.817976,2038
7,2032,No,5,10,No,No,19.502687,0
14,2038,No,5,9,No,Yes,21.769468,0
11,2034,No,7,9,Yes,No,29.545616,0
13,2038,No,3,8,Yes,No,23.951956,0
40,2032,No,4,19,No,Yes,27.702658,2036
37,2039,Yes,6,8,Yes,No,25.36261,2036
20,2036,No,4,8,Yes,No,25.648691,0
29,2033,No,3,14,Yes,No,31.266565,0
33,2039,Yes,3,8,No,No,22.005249,2038
39,2035,No,6,12,Yes,Yes,18.825825,2036
10,2037,No,6,9,No,No,28.357952,0
18,2034,No,5,8,No,No,27.658453,0
26,2035,No,4,9,Yes,Yes,32.974091,0
28,2034,No,3,9,No,No,29.62221,0
32,2037,No,3,17,No,Yes,31.414904,2038
20,2033,No,4,9,No,Yes,15.645265,0
27,2040,No,6,17,No,Yes,24.920141,0
30,2035,No,6,9,No,Yes,28.148252,0
20,2034,No,4,12,No,Yes,29.474771,0
34,2034,No,3,12,No,No,23.09297,2038
32,2038,Yes,3,11,Yes,Yes,21.86227,2038
24,2040,No,5,0,Yes,Yes,26.824816,0
26,2035,No,4,9,Yes,Yes,20.469748,0
18,2034,No,5,9,Yes,No,32.154217,0
6,2037,No,6,9,No,No,20.828234,0
10,2038,No,6,10,Yes,Yes,24.67445,0
12,2039,No,5,14,No,Yes,20.726563,0
12,2039,No,5,10,Yes,Yes,19.234915,0
36,2033,No,3,9,No,Yes,19.401222,2036
31,2037,No,3,11,No,Yes,23.696194,2038
10,2035,No,6,14,No,Yes,21.487514,0
7,2034,No,5,9,Yes,Yes,26.975559,0
29,2040,No,3,9,No,No,18.380026,0
30,2037,No,6,8,Yes,Yes,26.452362,0
37,2040,Yes,6,9,No,No,21.986511,2036
30,2034,No,6,9,No,Yes,18.534157,0
38,2036,Yes,7,11,Yes,No,28.276085,2036
39,2040,Yes,6,15,No,Yes,18.3155,2036
10,2037,No,6,9,No,Yes,29.035276,0
38,2036,Yes,7,9,Yes,Yes,27.096708,2036
11,2032,No,7,7,No,No,26.122824,0
30,2040,No,6,18,No,Yes,14.37447,0
27,2038,No,6,11,Yes,Yes,24.12324,0
12,2033,No,5,16,No,Yes,15.71812,0
29,2034,No,3,13,No,No,30.212233,0
19,2040,No,5,9,No,Yes,28.207491,0
24,2034,No,5,8,No,Yes,16.910543,0
14,2039,No,5,10,No,Yes,18.457493,0
13,2037,No,3,9,Yes,Yes,29.811193,0
23,2037,No,2,11,No,No,21.5411,0
4,2034,No,5,9,Yes,No,32.325081,0
23,2033,No,2,9,Yes,Yes,27.106186,0
10,2032,No,6,10,Yes,Yes,28.31031,0
29,2040,No,3,9,No,No,34.489059,0
29,2037,No,3,16,No,Yes,20.604431,0
36,2032,No,3,9,No,Yes,27.950764,2036
6,2035,No,6,0,No,No,28.259485,0
5,2038,No,4,9,Yes,No,31.797594,0
17,2034,No,6,9,Yes,No,25.211388,0
19,2038,No,5,9,No,No,18.855198,0
30,2032,No,6,0,No,Yes,28.60339,0
31,2035,No,3,7,Yes,Yes,30.959679,2038
7,2032,No,5,12,No,Yes,25.967592,0
21,2032,No,4,12,Yes,Yes,25.79612,0
25,2038,No,5,8,Yes,No,23.190411,0
22,2036,No,5,12,Yes,No,32.408821,0
29,2036,No,3,9,No,Yes,24.705175,0
34,2036,No,3,9,Yes,Yes,32.654114,2038
21,2035,No,4,12,No,Yes,25.509754,0
19,2039,No,5,9,Yes,No,28.596163,0
15,2038,No,5,11,Yes,Yes,22.553669,0
7,2040,No,5,10,Yes,Yes,28.409164,0
40,2033,No,4,11,Yes,Yes,27.585392,2036
13,2033,No,3,9,Yes,Yes,18.957197,0
22,2036,No,5,18,Yes,Yes,31.016468,0
5,2037,No,4,10,No,No,23.33041,0
34,2035,No,3,11,Yes,Yes,33.94735,2038
4,2035,No,5,9,No,Yes,30.238031,0
29,2035,No,3,9,Yes,Yes,22.755182,0
33,2032,No,3,9,No,Yes,26.770521,2038
31,2037,No,3,9,No,Yes,30.412571,2038
15,2035,No,5,10,No,Yes,34.89249,0
20,2034,No,4,10,No,Yes,26.957279,0
31,2038,Yes,3,11,Yes,Yes,19.48901,2038
13,2033,No,3,19,Yes,Yes,23.73778,0
36,2032,No,3,9,No,Yes,19.795336,2036
40,2035,No,4,9,Yes,Yes,25.143862,2036
7,2040,No,5,9,Yes,No,26.664616,0
27,2037,No,6,9,No,Yes,16.695328,0
10,2032,No,6,8,No,Yes,21.337635,0
18,2034,No,5,15,No,Yes,20.689953,0
26,2035,No,4,10,No,No,26.060156,0
7,2039,No,5,9,No,Yes,26.225201,0
12,2039,No,5,11,No,Yes,20.294842,0
39,2037,Yes,6,10,Yes,Yes,22.887804,2036
19,2033,No,5,10,Yes,Yes,25.96701,0
7,2039,No,5,12,No,Yes,16.987373,0
10,2032,No,6,9,Yes,Yes,24.268785,0
25,2032,No,5,7,No,Yes,29.293234,0
30,2034,No,6,9,Yes,Yes,21.118006,0
38,2033,No,7,12,Yes,Yes,35.625679,2036
38,2034,No,7,9,Yes,Yes,34.627895,2036
14,2039,No,5,9,No,Yes,29.565687,0
4,2040,No,5,7,Yes,Yes,23.140499,0
32,2039,Yes,3,9,Yes,Yes,31.834435,2038
32,2032,No,3,1,Yes,Yes,31.82951,2038
16,2036,No,3,11,Yes,No,21.022413,0
6,2040,No,6,10,No,Yes,25.575127,0
6,2034,No,6,10,No,Yes,21.466047,0
24,2038,No,5,9,Yes,No,22.272308,0
8,2038,No,4,9,No,No,22.75588,0
15,2034,No,5,8,No,No,17.062241,0
4,2038,No,5,14,No,No,31.447966,0
7,2039,No,5,8,No,Yes,27.140656,0
37,2039,Yes,6,8,No,Yes,31.121471,2036
5,2037,No,4,12,No,No,27.145195,0
40,2033,No,4,9,No,Yes,17.583689,2036
11,2034,No,7,9,No,No,24.809614,0
33,2035,No,3,9,Yes,Yes,28.246372,2038
4,2037,No,5,9,Yes,Yes,24.273058,0
15,2040,No,5,9,Yes,Yes,20.123556,0
4,2035,No,5,8,No,No,30.878267,0
38,2032,No,7,9,No,No,29.635111,2036
36,2034,No,3,10,Yes,Yes,32.531311,2036
20,2032,No,4,10,No,Yes,22.383181,0
3,2036,Yes,5,9,Yes,Yes,25.118784,2034
33,2040,Yes,3,9,Yes,No,26.840843,2038
12,2037,No,5,9,Yes,No,27.533031,0
34,2036,No,3,11,No,Yes,23.191784,2038
34,2040,Yes,3,9,No,No,18.324509,2038
2,2034,Yes,6,11,Yes,Yes,22.624367,2034
1,2032,No,6,9,Yes,No,31.416779,2034
40,2038,Yes,4,9,Yes,Yes,31.244991,2036
20,2037,No,4,10,No,No,28.535271,0
8,2038,No,4,11,Yes,No,27.036154,0
35,2039,Yes,3,8,Yes,Yes,22.130669,2038
23,2035,No,2,9,Yes,Yes,32.443352,0
39,2038,Yes,6,18,No,Yes,23.617563,2036
14,2038,No,5,9,No,No,26.721319,0
30,2035,No,6,8,Yes,No,30.812769,0
6,2039,No,6,9,No,No,33.8979,0
2,2033,No,6,9,No,No,27.998352,2034
32,2036,No,3,10,No,Yes,24.357882,2038
28,2032,No,3,8,No,Yes,15.649549,0
23,2033,No,2,11,No,Yes,33.87159,0
4,2033,No,5,9,No,No,26.14789,0
26,2037,No,4,9,Yes,No,24.868967,0
31,2036,No,3,9,No,Yes,31.431227,2038
29,2037,No,3,9,Yes,Yes,24.869165,0
26,2038,No,4,9,Yes,Yes,17.084023,0
18,2039,No,5,12,No,Yes,24.766272,0
5,2036,No,4,9,Yes,No,20.821894,0
38,2033,No,7,10,Yes,Yes,21.77948,2036
23,2039,No,2,9,No,Yes,35.150303,0
39,2036,Yes,6,14,No,No,18.675961,2036
5,2034,No,4,12,No,No,28.862902,0
9,2037,No,3,9,No,Yes,17.643328,0
13,2032,No,3,9,Yes,Yes,24.443209,0
5,2034,No,4,9,Yes,No,33.053764,0
10,2040,No,6,11,Yes,Yes,25.202761,0
14,2039,No,5,9,Yes,Yes,23.202562,0
37,2032,No,6,9,No,Yes,35.153938,2036
4,2032,No,5,9,No,Yes,18.811094,0
39,2032,No,6,8,Yes,Yes,28.08836,2036
1,2040,Yes,6,19,Yes,Yes,28.046089,2034
18,2032,No,5,7,No,No,27.661541,0
16,2034,No,3,8,No,Yes,29.185427,0
8,2037,No,4,10,Yes,No,27.453684,0
34,2035,No,3,19,No,Yes,19.122763,2038
33,2035,No,3,9,No,No,18.538027,2038
8,2037,No,4,12,Yes,Yes,25.320219,0
5,2035,No,4,8,No,Yes,36.596947,0
3,2033,No,5,12,Yes,Yes,27.434153,2034
4,2033,No,5,13,Yes,No,20.859159,0
39,2040,Yes,6,9,No,Yes,20.707296,2036
7,2038,No,5,12,No,Yes,21.265865,0
11,2039,No,7,11,Yes,No,26.14739,0
9,2033,No,3,13,No,Yes,28.23011,0
27,2033,No,6,9,Yes,Yes,19.352089,0
18,2033,No,5,9,Yes,Yes,31.288748,0
23,2039,No,2,9,Yes,No,28.748959,0
12,2032,No,5,9,No,Yes,21.497755,0
15,2040,No,5,12,No,Yes,22.987137,0
18,2032,No,5,8,No,No,21.06411,0
13,2037,No,3,12,Yes,Yes,24.912909,0
1,2037,Yes,6,13,No,Yes,26.139055,2034
34,2037,No,3,15,Yes,Yes,24.397369,2038
23,2033,No,2,11,No,No,29.262999,0
25,2039,No,5,15,Yes,No,36.331455,0
18,2034,No,5,11,No,Yes,19.380152,0
24,2039,No,5,9,Yes,Yes,27.650757,0
8,2033,No,4,9,No,No,27.235994,0
40,2039,Yes,4,17,Yes,No,34.771175,2036
20,2032,No,4,10,Yes,Yes,30.882675,0
1,2037,Yes,6,9,Yes,Yes,27.265179,2034
11,2035,No,7,7,Yes,Yes,21.653305,0
40,2036,Yes,4,9,No,Yes,19.349783,2036
27,2036,No,6,1,No,Yes,31.87611,0
12,2036,No,5,12,Yes,Yes,31.513573,0
21,2033,No,4,18,No,No,28.228048,0
5,2038,No,4,9,Yes,Yes,25.511957,0
8,2034,No,4,15,Yes,Yes,30.421053,0
9,2032,No,3,9,No,Yes,27.865845,0
22,2039,No,5,9,Yes,Yes,35.57814,0
2,2034,Yes,6,8,No,No,31.576401,2034
1,2040,Yes,6,9,No,Yes,29.295563,2034
3,2039,Yes,5,8,Yes,Yes,22.315796,2034
31,2040,Yes,3,11,Yes,Yes,32.043598,2038
32,2032,No,3,12,No,Yes,31.069181,2038
13,2038,No,3,9,Yes,Yes,29.918726,0
34,2033,No,3,9,Yes,Yes,27.639715,2038
10,2035,No,6,9,No,Yes,27.392975,0
36,2040,Yes,3,0,Yes,Yes,23.338375,2036
34,2036,No,3,12,No,No,28.697971,2038
28,2039,No,3,9,No,Yes,27.65167,0
14,2034,No,5,9,Yes,Yes,25.908091,0
22,2040,No,5,11,Yes,Yes,22.962872,0
6,2036,No,6,11,Yes,No,24.9067,0
30,2033,No,6,10,Yes,Yes,29.59692,0
24,2040,No,5,12,Yes,Yes,25.012774,0
15,2032,No,5,11,Yes,Yes,32.01096,0
22,2040,No,5,9,Yes,Yes,26.25631,0
32,2036,No,3,9,No,No,32.881588,2038
15,2039,No,5,12,Yes,No,23.91044,0
15,2040,No,5,12,No,Yes,32.757648,0
5,2033,No,4,9,Yes,No,35.601467,0
10,2038,No,6,9,No,Yes,21.38308,0
17,2033,No,6,9,Yes,Yes,29.649267,0
2,2034,Yes,6,9,No,Yes,31.888184,2034
38,2037,Yes,7,8,No,Yes,17.944426,2036
3,2037,Yes,5,8,Yes,Yes,22.48436,2034
35,2034,No,3,9,No,No,27.663942,2038
15,2037,No,5,7,Yes,Yes,25.831562,0
19,2039,No,5,9,Yes,No,23.800957,0
38,2032,No,7,9,No,Yes,29.446039,2036
11,2040,No,7,9,No,Yes,31.071583,0
17,2039,No,6,9,Yes,No,32.183472,0
1,2038,Yes,6,8,Yes,Yes,30.078833,2034
21,2032,No,4,9,Yes,No,31.430676,0
39,2037,Yes,6,19,No,Yes,23.151831,2036
3,2033,No,5,8,Yes,No,20.668867,2034
33,2039,Yes,3,9,No,Yes,21.092587,2038
26,2034,No,4,7,No,Yes,23.451059,0
26,2035,No,4,8,No,No,30.281296,0
10,2034,No,6,9,No,Yes,26.687862,0
38,2037,Yes,7,9,No,No,29.708103,2036
6,2038,No,6,17,Yes,No,21.015831,0
23,2032,No,2,9,Yes,Yes,24.8997,0
16,2034,No,3,11,No,No,29.464802,0
30,2038,No,6,7,No,Yes,23.787527,0
35,2035,No,3,12,No,Yes,17.71723,2038
25,2036,No,5,9,No,Yes,25.789673,0
21,2036,No,4,9,Yes,No,34.550552,0
17,2036,No,6,10,Yes,Yes,30.19092,0
39,2037,Yes,6,9,No,Yes,26.62599,2036
25,2036,No,5,9,Yes,No,19.528822,0
23,2038,No,2,13,No,No,26.787262,0
18,2034,No,5,11,No,No,26.078184,0
4,2036,No,5,9,No,Yes,21.803373,0
3,2039,Yes,5,7,No,No,29.462908,2034
4,2039,No,5,9,Yes,No,33.895779,0
36,2033,No,3,14,No,Yes,29.839712,2036
39,2036,Yes,6,8,No,No,16.413134,2036
39,2034,No,6,12,No,Yes,17.40049,2036
29,2040,No,3,13,No,No,20.025745,0
35,2038,Yes,3,10,Yes,Yes,16.263329,2038
11,2040,No,7,10,Yes,Yes,23.192131,0
9,2038,No,3,8,Yes,Yes,21.403837,0
34,2033,No,3,8,No,Yes,20.84424,2038
26,2033,No,4,8,No,Yes,28.516348,0
30,2032,No,6,8,Yes,Yes,26.851534,0
28,2040,No,3,9,Yes,Yes,30.300234,0
3,2037,Yes,5,10,Yes,Yes,30.18778,2034
22,2032,No,5,9,No,Yes,28.40321,0
1,2032,No,6,7,Yes,Yes,25.341604,2034
35,2039,Yes,3,8,Yes,No,21.761938,2038
23,2034,No,2,11,Yes,Yes,23.623056,0
1,2038,Yes,6,12,Yes,Yes,14.860543,2034
38,2033,No,7,9,No,Yes,19.738974,2036
28,2032,No,3,9,Yes,Yes,27.722755,0
33,2035,No,3,9,Yes,No,25.140137,2038
30,2036,No,6,9,Yes,Yes,25.713112,0
25,2032,No,5,10,No,No,31.776333,0
18,2033,No,5,9,Yes,Yes,32.390022,0
6,2035,No,6,9,No,Yes,26.919207,0
2,2038,Yes,6,19,No,Yes,25.078192,2034
7,2038,No,5,10,No,No,24.655592,0
13,2040,No,3,9,No,Yes,20.735806,0
36,2034,No,3,9,No,Yes,25.527092,2036
30,2036,No,6,7,Yes,Yes,32.020706,0
11,2039,No,7,10,Yes,Yes,19.449625,0
39,2038,Yes,6,9,No,Yes,22.455683,2036
15,2032,No,5,9,No,Yes,31.241016,0
5,2035,No,4,9,Yes,Yes,29.687281,0
8,2033,No,4,12,No,No,25.298698,0
7,2038,No,5,9,Yes,No,25.863811,0
24,2032,No,5,13,No,Yes,22.453762,0
23,2035,No,2,17,No,Yes,24.932791,0
38,2034,No,7,18,No,Yes,24.879404,2036
18,2038,No,5,7,No,No,20.090431,0
18,2037,No,5,12,No,No,22.127527,0
37,2037,Yes,6,8,No,Yes,25.14538,2036
19,2037,No,5,10,No,Yes,27.799809,0
20,2037,No,4,8,No,No,34.149082,0
6,2039,No,6,8,Yes,No,24.552832,0
17,2039,No,6,10,Yes,Yes,27.414032,0
12,2040,No,5,9,No,Yes,30.474844,0
15,2035,No,5,10,Yes,Yes,25.558395,0
3,2039,Yes,5,12,Yes,No,21.617022,2034
8,2037,No,4,8,No,No,27.736921,0
22,2037,No,5,9,No,Yes,24.705452,0
13,2033,No,3,8,No,Yes,34.044098,0
35,2033,No,3,9,No,Yes,32.313904,2038
19,2038,No,5,9,No,Yes,29.598421,0
14,2032,No,5,9,Yes,No,29.83214,0
33,2033,No,3,0,Yes,No,31.191977,2038
7,2038,No,5,18,No,No,27.96406,0
3,2036,Yes,5,8,Yes,No,34.092381,2034
16,2040,No,3,9,Yes,No,22.65523,0
18,2040,No,5,9,No,Yes,30.825565,0
17,2032,No,6,9,Yes,Yes,27.86842,0
11,2035,No,7,10,No,No,32.25647,0
22,2033,No,5,10,No,Yes,31.641535,0
13,2039,No,3,14,Yes,Yes,22.719269,0
1,2037,Yes,6,10,Yes,Yes,23.867414,2034
28,2033,No,3,9,Yes,Yes,19.925339,0
22,2038,No,5,12,Yes,No,28.799648,0
39,2034,No,6,9,No,Yes,23.353569,2036
3,2037,Yes,5,9,Yes,No,24.823078,2034
21,2039,No,4,9,Yes,Yes,24.216793,0
31,2036,No,3,16,No,No,21.295382,2038
28,2032,No,3,9,Yes,Yes,27.173967,0
32,2033,No,3,7,Yes,Yes,31.761106,2038
31,2038,Yes,3,7,No,Yes,25.331261,2038
8,2035,No,4,8,Yes,Yes,26.367661,0
16,2032,No,3,11,Yes,Yes,20.11186,0
15,2034,No,5,13,Yes,Yes,30.171818,0
21,2036,No,4,9,No,Yes,29.887127,0
2,2038,Yes,6,9,No,Yes,14.705966,2034
20,2032,No,4,15,Yes,Yes,22.615114,0
13,2032,No,3,12,Yes,Yes,21.626789,0
19,2038,No,5,12,Yes,Yes,25.484837,0
37,2036,Yes,6,11,No,Yes,24.791859,2036
35,2035,No,3,9,Yes,No,33.007,2038
4,2035,No,5,12,Yes,Yes,25.368921,0
10,2034,No,6,11,No,Yes,22.379866,0
23,2038,No,2,9,No,No,32.040417,0
6,2035,No,6,0,Yes,No,30.742847,0
14,2037,No,5,14,No,Yes,21.809166,0
26,2037,No,4,9,No,Yes,32.096924,0
26,2033,No,4,13,Yes,Yes,30.772429,0
36,2038,Yes,3,10,No,Yes,27.441179,2036
31,2038,Yes,3,14,No,Yes,30.32873,2038
38,2035,No,7,9,Yes,Yes,32.15596,2036
34,2033,No,3,12,No,Yes,26.814405,2038
7,2035,No,5,9,No,Yes,19.674305,0
29,2036,No,3,7,No,Yes,28.95739,0
9,2034,No,3,11,No,Yes,27.79917,0
31,2040,Yes,3,11,No,Yes,20.671972,2038
17,2040,No,6,9,No,No,19.607609,0
33,2036,No,3,7,No,Yes,21.22826,2038
39,2036,Yes,6,9,No,No,31.423149,2036
28,2034,No,3,10,No,Yes,25.99572,0
18,2032,No,5,7,No,Yes,28.649443,0
32,2040,Yes,3,18,No,Yes,22.467714,2038
25,2039,No,5,9,No,Yes,29.839684,0
31,2034,No,3,8,No,No,31.364874,2038
24,2036,No,5,12,No,Yes,24.680437,0
2,2038,Yes,6,9,Yes,No,16.676298,2034
38,2036,Yes,7,9,Yes,Yes,26.920769,2036
22,2034,No,5,10,Yes,No,33.942017,0
23,2040,No,2,9,No,No,32.916794,0
3,2033,No,5,13,Yes,No,18.465443,2034
7,2036,No,5,7,No,No,30.860283,0
30,2039,No,6,9,Yes,Yes,27.774075,0
8,2035,No,4,9,Yes,No,23.642136,0
30,2034,No,6,9,Yes,Yes,31.64279,0
19,2034,No,5,9,No,Yes,24.829437,0
3,2040,Yes,5,10,Yes,No,33.023418,2034
17,2035,No,6,9,No,Yes,32.828014,0
19,2039,No,5,13,No,Yes,20.104074,0
26,2038,No,4,8,No,Yes,32.926353,0
39,2038,Yes,6,11,No,No,25.628098,2036
6,2036,No,6,11,Yes,No,23.48744,0
12,2036,No,5,18,No,No,25.713318,0
21,2040,No,4,9,No,No,27.277058,0
6,2039,No,6,9,Yes,No,34.36731,0
35,2037,No,3,9,No,Yes,25.856993,2038
23,2033,No,2,9,Yes,Yes,28.114878,0
30,2040,No,6,15,Yes,Yes,20.818317,0
15,2033,No,5,7,No,No,25.541815,0
15,2033,No,5,14,Yes,Yes,33.989231,0
35,2033,No,3,11,Yes,Yes,21.746073,2038
35,2035,No,3,9,Yes,No,22.856247,2038
13,2035,No,3,9,No,Yes,23.02947,0
13,2035,No,3,12,No,Yes,23.453016,0
20,2039,No,4,8,Yes,Yes,31.918621,0
24,2034,No,5,12,Yes,Yes,28.671194,0
2,2039,Yes,6,9,Yes,Yes,26.597919,2034
30,2036,No,6,9,No,No,22.284603,0
27,2033,No,6,10,Yes,Yes,18.811983,0
5,2034,No,4,9,Yes,Yes,22.800074,0
17,2033,No,6,8,No,Yes,20.534967,0
13,2035,No,3,7,No,No,21.619963,0
16,2032,No,3,9,No,Yes,20.988693,0
4,2032,No,5,11,No,No,24.674345,0
17,2032,No,6,9,Yes,Yes,29.990896,0
31,2036,No,3,11,No,Yes,17.296989,2038
14,2033,No,5,11,Yes,No,24.479494,0
13,2040,No,3,8,No,Yes,16.93388,0
9,2038,No,3,9,No,Yes,26.700882,0
7,2037,No,5,9,No,Yes,28.192509,0
40,2036,Yes,4,11,Yes,No,19.420122,2036
28,2032,No,3,14,Yes,No,32.874283,0
7,2035,No,5,8,Yes,Yes,28.011316,0
39,2033,No,6,9,No,Yes,27.099079,2036
27,2038,No,6,9,Yes,Yes,26.474806,0
16,2033,No,3,8,No,No,20.970236,0
7,2037,No,5,9,Yes,Yes,35.230068,0
9,2040,No,3,10,Yes,No,20.736414,0
18,2037,No,5,17,No,Yes,23.980883,0
35,2035,No,3,10,Yes,Yes,23.36907,2038
22,2032,No,5,15,Yes,No,27.020054,0
12,2039,No,5,11,No,Yes,23.164457,0
14,2039,No,5,15,No,Yes,17.229462,0
9,2032,No,3,11,No,Yes,27.249609,0
27,2036,No,6,9,No,Yes,21.156965,0
29,2039,No,3,11,No,Yes,18.843264,0
23,2039,No,2,9,No,Yes,20.859854,0
27,2040,No,6,9,Yes,Yes,31.140787,0
31,2037,No,3,0,No,Yes,18.069057,2038
2,2034,Yes,6,12,No,No,24.482063,2034
27,2032,No,6,12,No,Yes,27.873287,0
9,2040,No,3,10,Yes,Yes,24.854534,0
39,2040,Yes,6,10,Yes,Yes,26.858021,2036
38,2033,No,7,8,No,Yes,33.836613,2036
27,2038,No,6,9,Yes,No,30.679071,0
40,2036,Yes,4,9,Yes,Yes,21.018173,2036
21,2040,No,4,13,No,No,25.038033,0
1,2034,Yes,6,9,No,Yes,29.595549,2034
15,2032,No,5,13,Yes,No,25.545242,0
26,2039,No,4,12,No,Yes,16.769949,0
35,2033,No,3,8,No,No,23.753183,2038
4,2040,No,5,17,Yes,No,27.825758,0
33,2039,Yes,3,9,Yes,Yes,28.218473,2038
7,2034,No,5,9,No,No,25.24523,0
7,2032,No,5,12,Yes,No,31.493763,0
25,2034,No,5,10,No,Yes,26.70397,0
26,2034,No,4,9,No,Yes,19.748755,0
4,2036,No,5,9,Yes,Yes,29.822475,0
10,2032,No,6,12,Yes,No,32.584522,0
36,2038,Yes,3,11,No,Yes,25.151693,2036
29,2034,No,3,12,No,Yes,24.119497,0
28,2040,No,3,12,Yes,No,28.691782,0
3,2037,Yes,5,9,Yes,Yes,29.371447,2034
33,2036,No,3,9,No,No,29.894823,2038
31,2036,No,3,10,Yes,No,27.953018,2038
36,2039,Yes,3,8,Yes,Yes,24.209366,2036
35,2035,No,3,15,No,No,32.600594,2038
22,2040,No,5,9,Yes,Yes,30.727463,0
11,2032,No,7,9,No,Yes,32.06662,0
4,2038,No,5,10,No,Yes,28.549089,0
20,2033,No,4,9,Yes,No,29.038921,0
34,2038,Yes,3,9,No,Yes,24.436338,2038
35,2034,No,3,9,No,No,23.788134,2038
10,2039,No,6,8,Yes,Yes,26.926601,0
18,2038,No,5,9,No,Yes,31.199593,0
27,2040,No,6,10,Yes,Yes,31.887575,0
18,2033,No,5,9,No,Yes,25.044392,0
23,2038,No,2,10,No,Yes,31.247871,0
3,2033,No,5,9,Yes,Yes,27.867928,2034
25,2034,No,5,10,No,Yes,32.57769,0
16,2032,No,3,9,No,Yes,24.315779,0
37,2034,No,6,13,Yes,No,28.517485,2036
6,2034,No,6,9,No,No,31.579453,0
28,2036,No,3,12,No,No,32.898041,0
21,2040,No,4,8,Yes,Yes,19.889734,0
40,2035,No,4,18,No,Yes,28.84194,2036
13,2039,No,3,8,Yes,No,33.992264,0
27,2034,No,6,10,No,Yes,22.479843,0
40,2032,No,4,9,No,No,29.415195,2036
10,2040,No,6,11,No,Yes,20.406248,0
32,2032,No,3,8,No,No,24.582092,2038
16,2035,No,3,9,No,Yes,27.314711,0
40,2040,Yes,4,13,No,Yes,25.329586,2036
3,2038,Yes,5,9,Yes,No,22.977526,2034
20,2033,No,4,8,Yes,Yes,24.536068,0
16,2040,No,3,18,No,No,22.77808,0
32,2033,No,3,9,Yes,Yes,30.180325,2038
12,2038,No,5,8,No,Yes,28.804789,0
29,2038,No,3,12,No,No,29.43642,0
30,2038,No,6,11,No,Yes,30.630653,0
37,2037,Yes,6,10,No,No,18.348202,2036
14,2036,No,5,19,No,Yes,29.716864,0
34,2035,No,3,11,No,No,32.087574,2038
35,2038,Yes,3,11,No,Yes,27.288525,2038
18,2036,No,5,9,No,Yes,21.185469,0
21,2033,No,4,12,Yes,Yes,26.553188,0
17,2032,No,6,8,Yes,Yes,26.446472,0
3,2040,Yes,5,10,No,No,21.859949,2034
25,2037,No,5,9,Yes,Yes,24.315649,0
10,2032,No,6,17,No,No,27.203833,0
27,2038,No,6,8,Yes,No,27.597097,0
8,2034,No,4,9,No,Yes,30.088301,0
25,2040,No,5,9,No,No,19.135744,0
23,2034,No,2,8,Yes,Yes,23.711908,0
31,2040,Yes,3,8,Yes,No,29.192825,2038
30,2037,No,6,8,No,Yes,15.049654,0
38,2036,Yes,7,10,No,Yes,29.542336,2036
19,2038,No,5,9,No,Yes,24.620287,0
5,2033,No,4,7,No,No,18.383123,0
39,2039,Yes,6,11,Yes,Yes,26.392897,2036
15,2032,No,5,10,Yes,Yes,29.782225,0
37,2039,Yes,6,12,No,No,24.275166,2036
12,2037,No,5,18,Yes,Yes,33.963501,0
15,2036,No,5,9,No,Yes,26.7763,0
1,2033,No,6,11,No,No,27.121723,2034
10,2039,No,6,11,Yes,Yes,19.619102,0
27,2039,No,6,9,No,No,31.481163,0
31,2033,No,3,11,No,Yes,23.346451,2038
32,2037,No,3,7,Yes,Yes,30.627718,2038
14,2033,No,5,9,Yes,Yes,33.460167,0
1,2034,Yes,6,9,Yes,Yes,21.632816,2034
2,2040,Yes,6,9,Yes,Yes,25.272812,2034
23,2032,No,2,9,Yes,Yes,30.101072,0
16,2035,No,3,9,No,Yes,23.827084,0
32,2037,No,3,12,Yes,Yes,27.393375,2038
21,2032,No,4,9,Yes,Yes,33.553932,0
34,2036,No,3,9,Yes,Yes,31.027143,2038
14,2034,No,5,10,Yes,No,30.463301,0
20,2034,No,4,19,No,Yes,27.240414,0
5,2034,No,4,12,Yes,Yes,24.529083,0
36,2035,No,3,12,No,Yes,29.627964,2036
32,2039,Yes,3,12,Yes,Yes,31.228846,2038
30,2037,No,6,9,Yes,No,27.658901,0
16,2040,No,3,12,Yes,Yes,30.45686,0
20,2038,No,4,12,No,No,30.24844,0
30,2032,No,6,10,Yes,Yes,20.442774,0
29,2037,No,3,15,No,Yes,24.991051,0
13,2032,No,3,9,No,Yes,19.38876,0
32,2039,Yes,3,10,Yes,No,18.553362,2038
9,2040,No,3,16,No,Yes,27.048664,0
17,2036,No,6,10,No,No,23.595873,0
27,2040,No,6,11,Yes,No,31.125069,0
12,2033,No,5,12,Yes,Yes,30.632978,0
22,2032,No,5,9,No,Yes,18.066439,0
11,2039,No,7,9,Yes,Yes,19.30364,0
37,2037,Yes,6,11,No,No,20.8011,2036
12,2040,No,5,17,Yes,No,19.295767,0
28,2035,No,3,9,No,No,28.54418,0
10,2036,No,6,9,Yes,No,34.593708,0
22,2040,No,5,9,Yes,Yes,35.238319,0
5,2037,No,4,9,Yes,No,19.467321,0
5,2037,No,4,8,No,No,21.767269,0
20,2033,No,4,11,No,No,26.688557,0
28,2034,No,3,9,No,Yes,32.121864,0
29,2032,No,3,9,Yes,Yes,30.2118,0
29,2037,No,3,9,No,No,31.233471,0
6,2035,No,6,9,No,Yes,27.742403,0
39,2035,No,6,9,No,No,25.609734,2036
6,2032,No,6,9,No,Yes,27.406534,0
12,2037,No,5,12,Yes,Yes,34.41011,0
37,2040,Yes,6,11,No,Yes,20.876999,2036
29,2040,No,3,11,Yes,Yes,32.448746,0
11,2034,No,7,8,Yes,No,32.754517,0
27,2035,No,6,0,No,Yes,20.547039,0
8,2035,No,4,13,No,Yes,17.355917,0
27,2038,No,6,10,Yes,No,28.859312,0
37,2034,No,6,8,Yes,Yes,35.151115,2036
3,2037,Yes,5,12,Yes,No,18.524937,2034
29,2035,No,3,10,Yes,Yes,28.086117,0
22,2035,No,5,9,No,Yes,24.397903,0
5,2036,No,4,9,Yes,Yes,22.286242,0
20,2039,No,4,9,No,Yes,20.057505,0
6,2033,No,6,0,No,No,28.792904,0
21,2033,No,4,7,Yes,No,22.285021,0
40,2039,Yes,4,9,Yes,No,24.216991,2036
12,2039,No,5,8,No,Yes,24.150021,0
14,2033,No,5,15,No,No,25.011326,0
22,2037,No,5,7,No,Yes,23.628649,0
36,2040,Yes,3,9,Yes,Yes,28.479069,2036
19,2038,No,5,7,No,No,23.101068,0
32,2035,No,3,8,No,Yes,24.454782,2038
27,2040,No,6,9,Yes,Yes,22.04207,0
5,2033,No,4,9,Yes,Yes,30.841301,0
23,2040,No,2,10,Yes,Yes,32.088005,0
38,2036,Yes,7,14,Yes,No,23.012093,2036
40,2038,Yes,4,10,No,No,25.4673,2036
3,2035,Yes,5,10,No,Yes,14.588581,2034
14,2037,No,5,9,Yes,No,29.131376,0
10,2039,No,6,9,Yes,Yes,32.236378,0
29,2035,No,3,8,No,Yes,21.402233,0
17,2033,No,6,7,Yes,Yes,28.550381,0
38,2034,No,7,10,No,Yes,25.849491,2036
14,2035,No,5,11,Yes,Yes,14.396014,0
22,2035,No,5,8,Yes,Yes,19.854786,0
35,2040,Yes,3,17,No,No,23.587902,2038
32,2035,No,3,10,No,Yes,19.633677,2038
8,2033,No,4,14,No,No,27.729439,0
26,2034,No,4,10,No,Yes,17.487942,0
30,2039,No,6,9,Yes,Yes,28.063789,0
16,2040,No,3,9,No,Yes,24.076675,0
5,2037,No,4,9,Yes,Yes,20.967438,0
40,2038,Yes,4,8,Yes,No,29.860987,2036
34,2033,No,3,8,No,No,26.784105,2038
11,2032,No,7,9,Yes,Yes,31.745167,0
28,2039,No,3,9,No,No,30.706806,0
15,2034,No,5,11,No,No,27.722914,0
5,2033,No,4,15,Yes,Yes,33.993397,0
14,2038,No,5,7,Yes,No,30.311625,0
7,2035,No,5,9,Yes,Yes,22.22278,0
17,2038,No,6,9,No,Yes,25.230434,0
18,2032,No,5,11,Yes,Yes,21.44071,0
40,2039,Yes,4,9,Yes,Yes,19.942406,2036
17,2035,No,6,9,Yes,Yes,34.389744,0
40,2034,No,4,9,No,No,25.243706,2036
29,2036,No,3,11,No,Yes,17.978773,0
39,2035,No,6,12,No,No,20.553059,2036
2,2038,Yes,6,9,Yes,No,25.906046,2034
8,2036,No,4,10,Yes,No,35.345982,0
34,2033,No,3,11,No,Yes,24.921728,2038
18,2039,No,5,9,No,No,28.470823,0
32,2035,No,3,7,Yes,Yes,25.511759,2038
25,2036,No,5,8,No,Yes,30.58691,0
18,2039,No,5,9,No,No,31.873764,0
27,2034,No,6,9,No,Yes,24.771332,0
16,2039,No,3,9,Yes,Yes,25.820045,0
15,2038,No,5,8,Yes,Yes,28.704908,0
37,2039,Yes,6,11,Yes,No,28.976444,2036
16,2033,No,3,10,No,Yes,30.318178,0
32,2039,Yes,3,9,No,Yes,23.704905,2038
12,2032,No,5,7,Yes,No,21.22961,0
8,2037,No,4,13,No,Yes,28.590973,0
9,2033,No,3,8,No,Yes,27.072218,0
30,2033,No,6,9,No,No,31.01754,0
33,2040,Yes,3,9,Yes,Yes,27.677372,2038
12,2034,No,5,12,No,No,33.64843,0
7,2035,No,5,9,Yes,No,26.270193,0
27,2038,No,6,8,No,No,29.821869,0
17,2032,No,6,11,No,Yes,25.424484,0
2,2040,Yes,6,12,No,No,30.097181,2034
21,2036,No,4,11,No,Yes,15.96772,0
12,2040,No,5,12,Yes,Yes,32.074261,0
33,2037,No,3,9,Yes,Yes,28.311298,2038
4,2033,No,5,9,Yes,No,21.01618,0
40,2039,Yes,4,18,Yes,No,32.344177,2036
22,2032,No,5,10,No,Yes,28.570578,0
28,2039,No,3,11,Yes,Yes,30.642269,0
22,2039,No,5,9,No,No,34.331795,0
4,2038,No,5,12,No,Yes,28.490725,0
22,2038,No,5,9,Yes,Yes,27.367191,0
35,2036,No,3,4,Yes,Yes,31.554533,2038
19,2038,No,5,10,Yes,No,17.21715,0
5,2036,No,4,9,No,No,22.83769,0
8,2034,No,4,19,Yes,No,25.787951,0
19,2033,No,5,9,Yes,No,37.085186,0
4,2035,No,5,10,Yes,No,30.22319,0
32,2036,No,3,9,Yes,Yes,26.5972,2038
40,2040,Yes,4,9,No,No,23.838205,2036
33,2035,No,3,13,No,Yes,22.034496,2038
18,2040,No,5,9,No,Yes,31.962351,0
9,2038,No,3,2,Yes,Yes,24.159966,0
31,2034,No,3,11,Yes,Yes,26.010813,2038
34,2035,No,3,9,Yes,Yes,31.058739,2038
36,2036,Yes,3,9,Yes,No,29.886736,2036
1,2040,Yes,6,7,Yes,No,25.543558,2034
32,2038,Yes,3,8,Yes,No,18.72299,2038
19,2040,No,5,9,No,Yes,29.116156,0
1,2038,Yes,6,12,Yes,Yes,17.101585,2034
7,2037,No,5,9,No,Yes,31.551132,0
32,2034,No,3,13,Yes,Yes,19.653389,2038
19,2035,No,5,10,Yes,No,22.288733,0
22,2036,No,5,9,Yes,No,26.590061,0
28,2037,No,3,9,Yes,No,25.835392,0
22,2039,No,5,11,No,Yes,26.16474,0
14,2035,No,5,9,No,No,26.582708,0
5,2038,No,4,9,Yes,Yes,25.447269,0
30,2040,No,6,9,No,Yes,32.366261,0
20,2035,No,4,9,Yes,Yes,19.866119,0
23,2040,No,2,13,No,Yes,27.428789,0
33,2036,No,3,9,Yes,Yes,22.599266,2038
18,2034,No,5,9,Yes,No,33.218372,0
25,2038,No,5,9,Yes,Yes,20.199337,0
22,2035,No,5,10,Yes,Yes,27.298306,0
17,2038,No,6,11,Yes,Yes,31.323738,0
24,2040,No,5,16,Yes,Yes,26.144318,0
35,2033,No,3,10,Yes,Yes,21.698076,2038
33,2032,No,3,9,Yes,Yes,26.494429,2038
39,2037,Yes,6,9,Yes,Yes,20.442078,2036
20,2038,No,4,9,Yes,Yes,27.717228,0
2,2040,Yes,6,9,Yes,Yes,27.485703,2034
31,2035,No,3,9,No,No,26.076866,2038
17,2038,No,6,9,No,Yes,23.020372,0
10,2037,No,6,10,Yes,Yes,18.491886,0
12,2032,No,5,8,No,Yes,23.809614,0
10,2035,No,6,9,No,No,25.944286,0
27,2038,No,6,9,No,Yes,29.311869,0
35,2033,No,3,12,No,No,32.227314,2038
9,2034,No,3,8,Yes,Yes,30.725702,0
2,2033,No,6,8,No,Yes,24.868635,2034
2,2034,Yes,6,13,No,Yes,29.798115,2034
23,2039,No,2,9,Yes,Yes,32.971386,0
35,2036,No,3,9,Yes,Yes,32.384445,2038
19,2033,No,5,14,Yes,Yes,23.190081,0
17,2040,No,6,10,No,Yes,19.053432,0
37,2040,Yes,6,9,No,No,24.640469,2036
13,2040,No,3,12,No,Yes,19.724344,0
32,2032,No,3,7,Yes,No,28.68609,2038
22,2037,No,5,9,Yes,No,25.227327,0
28,2037,No,3,11,Yes,No,29.114153,0
3,2033,No,5,8,Yes,Yes,28.403757,2034
31,2032,No,3,13,Yes,No,27.822096,2038
29,2040,No,3,9,No,No,28.235397,0
14,2033,No,5,9,Yes,No,28.534555,0
37,2037,Yes,6,12,No,No,21.10523,2036
35,2032,No,3,8,No,Yes,24.616198,2038
32,2038,Yes,3,9,No,Yes,18.820293,2038
39,2032,No,6,9,No,No,22.657063,2036
9,2033,No,3,9,Yes,No,28.154203,0
28,2033,No,3,12,No,Yes,27.772011,0
38,2035,No,7,12,No,Yes,31.144159,2036
18,2039,No,5,7,No,No,32.599968,0
15,2034,No,5,10,Yes,No,32.375725,0
25,2033,No,5,9,Yes,Yes,32.52153,0
10,2040,No,6,12,Yes,No,22.3967,0
14,2033,No,5,8,Yes,Yes,17.898853,0
25,2034,No,5,9,Yes,No,29.776791,0
39,2035,No,6,9,No,Yes,27.571899,2036
4,2035,No,5,12,Yes,Yes,26.797394,0
38,2033,No,7,10,No,No,19.252501,2036
4,2032,No,5,10,No,Yes,22.710026,0
5,2036,No,4,7,No,Yes,29.61199,0
23,2035,No,2,9,Yes,Yes,30.78903,0
17,2040,No,6,11,No,No,25.126595,0
24,2032,No,5,11,No,No,28.589001,0
3,2034,Yes,5,9,Yes,Yes,27.822008,2034
5,2034,No,4,12,Yes,Yes,32.699371,0
32,2037,No,3,17,Yes,No,26.403412,2038
28,2038,No,3,10,No,Yes,21.043396,0
26,2039,No,4,11,Yes,Yes,31.90032,0
18,2040,No,5,8,No,No,31.793131,0
15,2038,No,5,10,No,Yes,24.435328,0
28,2036,No,3,4,Yes,Yes,25.741335,0
23,2038,No,2,10,Yes,No,26.114437,0
24,2040,No,5,9,No,No,23.121733,0
9,2040,No,3,9,No,Yes,25.423027,0
39,2034,No,6,12,Yes,No,31.27541,2036
21,2032,No,4,9,Yes,Yes,18.126219,0
6,2032,No,6,10,No,Yes,30.546349,0
1,2037,Yes,6,12,Yes,Yes,22.137884,2034
31,2036,No,3,9,Yes,Yes,24.407967,2038
15,2037,No,5,9,No,Yes,29.937159,0
3,2039,Yes,5,9,No,Yes,30.140423,2034
15,2033,No,5,9,Yes,Yes,16.758787,0
35,2037,No,3,9,No,Yes,19.175735,2038
8,2038,No,4,9,No,No,32.721634,0
7,2037,No,5,13,No,Yes,30.651758,0
15,2032,No,5,12,No,Yes,22.587383,0
23,2037,No,2,9,Yes,No,32.535717,0
10,2037,No,6,7,Yes,No,25.196899,0
36,2040,Yes,3,10,No,Yes,27.830919,2036
3,2038,Yes,5,9,Yes,Yes,24.584026,2034
32,2037,No,3,10,No,Yes,18.202839,2038
17,2038,No,6,9,No,Yes,30.659,0
1,2037,Yes,6,8,No,No,21.422281,2034
12,2038,No,5,11,No,No,30.573301,0
38,2036,Yes,7,10,Yes,Yes,16.440844,2036
3,2034,Yes,5,2,Yes,No,31.160019,2034
33,2034,No,3,8,No,Yes,32.707317,2038
40,2039,Yes,4,9,Yes,Yes,19.330128,2036
13,2039,No,3,14,No,Yes,24.888689,0
9,2037,No,3,9,No,Yes,28.405371,0
9,2035,No,3,9,Yes,No,36.926029,0
29,2034,No,3,12,Yes,Yes,22.017361,0
11,2032,No,7,9,Yes,Yes,21.118435,0
21,2035,No,4,13,Yes,Yes,25.523979,0
33,2033,No,3,9,Yes,No,25.285742,2038
5,2033,No,4,9,Yes,Yes,28.506672,0
7,2038,No,5,9,Yes,No,29.372379,0
40,2036,Yes,4,12,Yes,Yes,17.043415,2036
36,2036,Yes,3,14,Yes,Yes,33.59766,2036
20,2037,No,4,10,Yes,Yes,28.820316,0
34,2036,No,3,9,No,No,22.632364,2038
24,2036,No,5,11,No,Yes,28.756277,0
33,2040,Yes,3,15,No,Yes,33.737198,2038
16,2038,No,3,9,No,Yes,23.631464,0
5,2040,No,4,9,No,Yes,23.397821,0
3,2032,No,5,13,No,Yes,27.396694,2034
8,2034,No,4,9,Yes,Yes,34.889542,0
13,2036,No,3,8,Yes,No,35.59882,0
14,2039,No,5,8,Yes,Yes,29.051592,0
13,2036,No,3,8,Yes,No,23.181925,0
11,2034,No,7,9,No,Yes,29.799049,0
5,2035,No,4,9,No,No,25.093868,0
29,2034,No,3,9,Yes,Yes,20.604702,0
16,2037,No,3,12,No,No,26.147491,0
7,2038,No,5,9,No,Yes,26.123037,0
2,2038,Yes,6,9,Yes,No,25.619049,2034
18,2035,No,5,10,No,Yes,21.85751,0
15,2038,No,5,7,Yes,No,22.173683,0
39,2036,Yes,6,8,Yes,Yes,28.189497,2036
23,2037,No,2,9,No,No,27.653206,0
8,2036,No,4,8,Yes,Yes,27.222858,0
28,2034,No,3,10,Yes,No,22.490828,0
10,2034,No,6,17,Yes,No,28.349657,0
10,2033,No,6,9,No,Yes,24.548628,0
17,2033,No,6,19,No,Yes,29.743534,0
13,2036,No,3,8,No,No,25.041908,0
2,2032,No,6,7,No,Yes,19.74811,2034
18,2040,No,5,8,Yes,Yes,18.608269,0
19,2033,No,5,7,Yes,Yes,28.831287,0
7,2033,No,5,8,No,Yes,24.95443,0
35,2039,Yes,3,9,No,Yes,21.003609,2038
34,2038,Yes,3,10,Yes,No,29.870653,2038
19,2040,No,5,7,Yes,Yes,26.37767,0
5,2037,No,4,15,Yes,Yes,23.521067,0
5,2034,No,4,10,Yes,Yes,27.071802,0
13,2038,No,3,13,No,Yes,29.260958,0
32,2037,No,3,10,Yes,Yes,25.083668,2038
27,2040,No,6,9,Yes,Yes,24.697647,0
1,2035,Yes,6,8,Yes,No,28.406401,2034
16,2037,No,3,8,No,Yes,24.824127,0
13,2039,No,3,10,Yes,Yes,26.677107,0
2,2036,Yes,6,12,Yes,Yes,32.766514,2034
5,2038,No,4,9,Yes,No,27.819016,0
31,2040,Yes,3,9,Yes,No,19.292116,2038
10,2033,No,6,19,No,No,26.853733,0
23,2036,No,2,10,Yes,Yes,33.692947,0
30,2032,No,6,9,Yes,Yes,23.181004,0
23,2040,No,2,9,Yes,Yes,26.094873,0
9,2040,No,3,0,No,Yes,29.203413,0
20,2038,No,4,12,Yes,Yes,29.637152,0
2,2038,Yes,6,8,No,No,32.760433,2034
21,2038,No,4,9,No,Yes,21.758795,0
20,2034,No,4,12,Yes,Yes,22.761473,0
18,2032,No,5,10,No,Yes,31.162832,0
23,2037,No,2,12,No,Yes,29.834066,0
20,2039,No,4,10,Yes,Yes,27.864931,0
16,2032,No,3,11,Yes,No,30.963263,0
13,2039,No,3,9,Yes,Yes,21.49161,0
9,2035,No,3,10,No,Yes,17.37376,0
17,2037,No,6,10,No,No,34.951275,0
16,2032,No,3,9,No,No,20.818703,0
38,2036,Yes,7,9,Yes,Yes,17.963606,2036
30,2037,No,6,8,Yes,Yes,16.78093,0
9,2035,No,3,9,No,Yes,32.594296,0
18,2040,No,5,9,No,No,25.85458,0
12,2039,No,5,11,No,Yes,21.004192,0
35,2037,No,3,11,Yes,Yes,33.612118,2038
19,2034,No,5,3,No,Yes,30.551996,0
17,2038,No,6,9,Yes,Yes,31.630032,0
38,2036,Yes,7,11,Yes,No,29.806921,2036
4,2034,No,5,12,Yes,Yes,20.287245,0
10,2035,No,6,9,No,Yes,22.89941,0
15,2032,No,5,10,No,Yes,29.754499,0
36,2039,Yes,3,9,No,No,21.25972,2036
3,2036,Yes,5,8,Yes,No,17.620277,2034
37,2033,No,6,9,Yes,Yes,21.189154,2036
1,2039,Yes,6,10,Yes,Yes,25.606009,2034
13,2033,No,3,14,No,Yes,31.447437,0
22,2035,No,5,11,No,Yes,21.676832,0
22,2033,No,5,9,Yes,Yes,25.119802,0
5,2036,No,4,10,No,Yes,21.356731,0
29,2032,No,3,12,Yes,No,19.499027,0
39,2034,No,6,12,Yes,Yes,32.031921,2036
29,2033,No,3,8,No,Yes,20.92112,0
23,2035,No,2,8,Yes,Yes,26.50815,0
36,2036,Yes,3,9,No,Yes,25.231911,2036
23,2040,No,2,8,Yes,Yes,31.873379,0
9,2040,No,3,0,Yes,No,35.046482,0
21,2034,No,4,12,Yes,Yes,33.021259,0
37,2035,No,6,10,No,Yes,31.923246,2036
7,2035,No,5,11,Yes,Yes,17.358381,0
40,2039,Yes,4,19,Yes,Yes,22.886965,2036
24,2038,No,5,9,No,Yes,26.236769,0
32,2034,No,3,9,Yes,Yes,27.946743,2038
1,2036,Yes,6,9,No,Yes,24.410221,2034
28,2040,No,3,11,Yes,Yes,26.081524,0
22,2034,No,5,9,Yes,Yes,28.968895,0
8,2036,No,4,19,No,Yes,24.997873,0
29,2033,No,3,13,Yes,Yes,22.905231,0
39,2032,No,6,9,Yes,No,30.57346,2036
32,2035,No,3,8,Yes,Yes,25.215223,2038
20,2039,No,4,11,No,Yes,30.582611,0
8,2034,No,4,19,Yes,Yes,26.697578,0
37,2034,No,6,7,No,No,20.692842,2036
1,2040,Yes,6,9,Yes,Yes,24.296066,2034
13,2037,No,3,9,Yes,No,30.41342,0
13,2037,No,3,9,Yes,Yes,30.666529,0
20,2036,No,4,8,No,Yes,25.682358,0
27,2037,No,6,11,No,Yes,27.67412,0
31,2032,No,3,11,Yes,No,30.241602,2038
9,2033,No,3,9,Yes,Yes,23.084843,0
23,2035,No,2,9,No,Yes,17.461319,0
17,2039,No,6,11,Yes,No,26.715521,0
34,2034,No,3,11,No,No,26.831448,2038
30,2040,No,6,17,No,No,19.12298,0
1,2038,Yes,6,9,No,Yes,17.843529,2034
16,2039,No,3,11,Yes,Yes,23.92355,0
29,2036,No,3,8,Yes,Yes,35.748344,0
30,2039,No,6,11,Yes,Yes,22.887041,0
35,2039,Yes,3,9,Yes,No,23.168797,2038
27,2034,No,6,9,No,No,23.953154,0
18,2040,No,5,9,Yes,Yes,30.767405,0
7,2033,No,5,9,No,Yes,16.691364,0
37,2040,Yes,6,9,Yes,No,23.258926,2036
10,2036,No,6,9,Yes,Yes,23.162678,0
28,2040,No,3,8,Yes,Yes,30.186602,0
6,2036,No,6,11,Yes,Yes,31.057989,0
17,2036,No,6,9,Yes,Yes,20.655529,0
16,2039,No,3,9,No,Yes,19.25481,0
39,2040,Yes,6,10,Yes,Yes,20.884865,2036
40,2036,Yes,4,9,Yes,No,26.444893,2036
11,2037,No,7,9,No,Yes,20.800045,0
7,2035,No,5,9,Yes,Yes,22.453257,0
1,2038,Yes,6,11,No,Yes,19.678869,2034
7,2037,No,5,11,No,Yes,29.727434,0
26,2037,No,4,7,No,Yes,23.00773,0
5,2033,No,4,13,No,No,21.710894,0
30,2036,No,6,9,Yes,No,34.956322,0
5,2036,No,4,9,No,No,23.497149,0
19,2037,No,5,10,No,Yes,22.557884,0
34,2037,No,3,9,Yes,Yes,23.295248,2038
6,2040,No,6,9,No,Yes,34.137043,0
32,2035,No,3,9,Yes,No,29.524059,2038
9,2039,No,3,8,No,Yes,27.94392,0
33,2032,No,3,14,No,Yes,28.21199,2038
22,2036,No,5,9,Yes,Yes,33.316448,0
11,2037,No,7,9,No,Yes,29.230692,0
15,2040,No,5,12,Yes,No,22.568031,0
12,2039,No,5,14,Yes,No,29.571547,0
8,2037,No,4,9,Yes,No,26.788797,0
38,2033,No,7,9,Yes,Yes,28.773926,2036
14,2035,No,5,9,No,No,29.311834,0
12,2038,No,5,9,No,Yes,18.477808,0
31,2040,Yes,3,9,Yes,Yes,21.419535,2038
1,2033,No,6,5,No,Yes,30.680222,2034
23,2036,No,2,12,No,Yes,29.426435,0
35,2035,No,3,12,Yes,Yes,19.016453,2038
25,2033,No,5,9,No,Yes,23.432167,0
25,2035,No,5,8,Yes,No,24.794882,0
12,2037,No,5,7,No,Yes,23.859179,0
12,2032,No,5,8,Yes,Yes,27.946581,0
40,2034,No,4,9,No,Yes,30.451527,2036
29,2039,No,3,14,Yes,No,28.460701,0
23,2032,No,2,9,Yes,Yes,24.158899,0
9,2033,No,3,9,Yes,Yes,22.378914,0
13,2038,No,3,9,No,Yes,18.230129,0
12,2040,No,5,9,Yes,Yes,16.923174,0
2,2033,No,6,9,No,Yes,30.718121,2034
17,2032,No,6,19,No,No,17.329399,0
11,2038,No,7,9,Yes,No,29.815666,0
26,2039,No,4,12,No,No,27.119886,0
18,2035,No,5,10,Yes,Yes,28.379173,0
1,2037,Yes,6,9,Yes,No,32.607025,2034
24,2036,No,5,12,No,Yes,27.427361,0
8,2032,No,4,10,No,Yes,29.622299,0
7,2037,No,5,8,No,No,34.421936,0
14,2033,No,5,11,Yes,No,27.1752,0
24,2035,No,5,9,Yes,Yes,24.99143,0
20,2034,No,4,8,No,Yes,28.490091,0
25,2039,No,5,16,No,Yes,17.151764,0
7,2038,No,5,10,Yes,Yes,23.865068,0
9,2034,No,3,7,Yes,No,20.095905,0
25,2037,No,5,9,Yes,No,36.636894,0
19,2033,No,5,9,No,No,24.507053,0
30,2039,No,6,18,No,No,26.409393,0
29,2039,No,3,9,Yes,Yes,35.886101,0
38,2033,No,7,9,Yes,No,23.431864,2036
34,2036,No,3,13,Yes,No,32.980518,2038
24,2038,No,5,7,Yes,Yes,33.343864,0
36,2032,No,3,10,Yes,Yes,22.063873,2036
4,2039,No,5,8,Yes,No,31.391798,0
38,2035,No,7,9,Yes,Yes,33.908314,2036
39,2033,No,6,0,Yes,No,16.995726,2036
20,2037,No,4,14,No,No,23.115049,0
31,2034,No,3,10,No,No,26.367842,2038
27,2037,No,6,9,No,No,33.189224,0
30,2036,No,6,15,Yes,Yes,23.957495,0
19,2034,No,5,9,Yes,No,28.101538,0
26,2038,No,4,11,No,Yes,22.505495,0
23,2039,No,2,9,Yes,No,21.656355,0
30,2040,No,6,9,No,Yes,23.474781,0
17,2034,No,6,7,Yes,No,27.137478,0
40,2034,No,4,13,No,Yes,18.054213,2036
38,2033,No,7,9,Yes,No,35.225246,2036
16,2037,No,3,9,No,Yes,23.945719,0
17,2036,No,6,0,Yes,Yes,17.707674,0
29,2032,No,3,11,No,Yes,29.316099,0
32,2039,Yes,3,9,Yes,Yes,30.198133,2038
15,2037,No,5,9,No,Yes,20.353369,0
31,2040,Yes,3,9,No,No,28.864594,2038
23,2037,No,2,9,Yes,Yes,24.585199,0
11,2038,No,7,9,No,No,27.055008,0
20,2033,No,4,9,Yes,No,33.60154,0
7,2034,No,5,11,Yes,No,30.008934,0
30,2037,No,6,9,No,No,25.832779,0
5,2034,No,4,9,Yes,Yes,25.641294,0
40,2037,Yes,4,9,No,Yes,26.557447,2036
14,2039,No,5,9,No,Yes,24.353926,0
17,2036,No,6,15,No,Yes,19.492544,0
13,2033,No,3,11,Yes,Yes,27.31908,0
17,2039,No,6,8,Yes,No,22.114008,0
2,2033,No,6,9,No,Yes,19.472973,2034
5,2038,No,4,12,No,Yes,30.981907,0
28,2040,No,3,8,Yes,No,26.31727,0
7,2035,No,5,9,Yes,Yes,22.065809,0
25,2040,No,5,8,No,Yes,31.640158,0
21,2037,No,4,10,Yes,Yes,22.537291,0
18,2037,No,5,9,Yes,Yes,21.774038,0
30,2034,No,6,12,Yes,No,24.767534,0
19,2040,No,5,9,No,Yes,30.632404,0
3,2032,No,5,8,No,Yes,26.398352,2034
20,2035,No,4,9,No,Yes,28.729076,0
28,2039,No,3,0,No,No,34.493523,0
24,2040,No,5,10,Yes,No,29.985788,0
26,2033,No,4,10,No,Yes,27.390255,0
7,2035,No,5,16,No,Yes,26.026102,0
35,2037,No,3,13,No,No,21.931938,2038
38,2038,Yes,7,8,No,Yes,18.798782,2036
32,2040,Yes,3,9,Yes,No,20.079657,2038
37,2035,No,6,19,Yes,Yes,19.612089,2036
3,2038,Yes,5,7,Yes,No,27.896502,2034
20,2039,No,4,10,No,Yes,24.613949,0
5,2040,No,4,9,No,Yes,28.176853,0
5,2034,No,4,10,No,No,25.056627,0
3,2033,No,5,14,No,Yes,25.112013,2034
39,2035,No,6,13,Yes,Yes,27.973372,2036
6,2035,No,6,9,No,No,34.255596,0
2,2040,Yes,6,9,No,No,23.875053,2034
17,2040,No,6,11,Yes,No,28.481852,0
9,2034,No,3,11,Yes,Yes,28.175192,0
33,2032,No,3,7,Yes,Yes,34.560066,2038
3,2038,Yes,5,12,No,Yes,28.926182,2034
14,2039,No,5,18,Yes,No,25.513714,0
19,2035,No,5,9,Yes,No,32.699253,0
11,2035,No,7,9,No,Yes,26.313517,0
20,2039,No,4,9,Yes,Yes,24.690639,0
6,2032,No,6,10,Yes,No,20.50017,0
14,2038,No,5,10,No,No,17.676001,0
17,2035,No,6,12,Yes,Yes,29.600187,0
1,2035,Yes,6,9,No,Yes,30.895267,2034
1,2035,Yes,6,12,No,No,33.40889,2034
14,2038,No,5,9,No,Yes,26.194201,0
37,2032,No,6,9,No,Yes,19.692686,2036
31,2036,No,3,10,No,Yes,22.229931,2038
24,2036,No,5,10,Yes,Yes,28.176622,0
11,2034,No,7,9,No,No,32.104412,0
33,2036,No,3,9,No,Yes,20.517614,2038
37,2032,No,6,10,Yes,Yes,21.413992,2036
27,2033,No,6,7,No,Yes,28.493359,0
29,2036,No,3,9,Yes,No,36.098381,0
25,2037,No,5,18,No,No,23.004608,0
7,2033,No,5,8,No,Yes,21.027933,0
38,2039,Yes,7,7,Yes,No,26.170731,2036
10,2033,No,6,11,Yes,No,19.778078,0
35,2038,Yes,3,12,Yes,Yes,27.772135,2038
27,2035,No,6,9,Yes,Yes,32.396885,0
37,2037,Yes,6,8,Yes,Yes,24.584009,2036
34,2034,No,3,9,Yes,Yes,26.219629,2038
8,2032,No,4,8,Yes,Yes,30.804039,0
4,2035,No,5,9,No,Yes,24.685766,0
6,2038,No,6,16,Yes,Yes,27.934687,0
26,2034,No,4,10,No,No,33.102715,0
22,2039,No,5,10,Yes,No,23.760962,0
7,2039,No,5,9,Yes,Yes,25.439138,0
8,2035,No,4,11,Yes,No,35.175198,0
28,2035,No,3,9,No,Yes,19.371576,0
34,2032,No,3,9,No,Yes,28.821571,2038
4,2034,No,5,9,No,No,22.408007,0
18,2036,No,5,9,No,Yes,26.50774,0
30,2033,No,6,15,No,No,18.521875,0
18,2039,No,5,9,Yes,No,24.628496,0
29,2036,No,3,9,No,Yes,17.366236,0
13,2034,No,3,12,Yes,Yes,25.272137,0
31,2036,No,3,12,Yes,Yes,21.929605,2038
5,2033,No,4,10,Yes,No,21.320805,0
12,2036,No,5,19,Yes,No,31.59193,0
31,2037,No,3,9,Yes,Yes,34.187164,2038
23,2039,No,2,9,No,Yes,30.354876,0
25,2035,No,5,9,Yes,Yes,17.993664,0
28,2032,No,3,1,No,No,35.085232,0
39,2036,Yes,6,9,No,Yes,21.199842,2036
38,2034,No,7,11,No,Yes,23.914764,2036
16,2038,No,3,9,No,Yes,20.259111,0
9,2037,No,3,11,No,Yes,22.76947,0
39,2036,Yes,6,9,No,Yes,21.477478,2036
17,2033,No,6,9,Yes,No,28.647329,0
1,2032,No,6,10,No,Yes,28.627064,2034
3,2036,Yes,5,10,Yes,Yes,18.084688,2034
1,2037,Yes,6,9,Yes,No,30.104425,2034
8,2036,No,4,11,No,Yes,26.815529,0
32,2035,No,3,9,Yes,No,26.976673,2038
35,2037,No,3,18,No,Yes,23.811058,2038
1,2037,Yes,6,10,No,Yes,18.873966,2034
33,2035,No,3,9,No,Yes,19.481773,2038
23,2040,No,2,8,Yes,Yes,24.447807,0
30,2033,No,6,13,No,Yes,26.572811,0
34,2036,No,3,9,No,Yes,30.760944,2038
16,2035,No,3,11,No,Yes,23.754238,0
15,2036,No,5,9,No,Yes,24.150543,0
38,2038,Yes,7,9,No,No,26.435732,2036
11,2035,No,7,9,No,No,18.915655,0
9,2035,No,3,12,No,Yes,23.273386,0
20,2038,No,4,11,Yes,No,30.540045,0
16,2037,No,3,8,No,Yes,26.270519,0
7,2039,No,5,10,Yes,Yes,32.908928,0
28,2038,No,3,12,No,Yes,34.126823,0
28,2038,No,3,11,No,No,26.472803,0
13,2033,No,3,9,No,Yes,22.814646,0
35,2038,Yes,3,8,No,Yes,20.77034,2038
14,2036,No,5,7,No,Yes,22.960894,0
12,2032,No,5,9,Yes,Yes,34.521637,0
25,2040,No,5,11,No,Yes,29.56146,0
31,2040,Yes,3,9,Yes,No,33.073418,2038
9,2034,No,3,12,No,No,23.511078,0
1,2039,Yes,6,11,No,Yes,25.848248,2034
28,2032,No,3,9,Yes,Yes,28.457611,0
13,2039,No,3,9,No,Yes,19.061226,0
8,2038,No,4,11,Yes,Yes,27.258989,0
24,2038,No,5,12,Yes,No,20.747181,0
10,2039,No,6,19,Yes,No,19.827368,0
36,2035,No,3,9,No,No,30.079367,2036
29,2038,No,3,8,No,No,24.362427,0
15,2038,No,5,13,Yes,Yes,21.181299,0
5,2039,No,4,9,Yes,Yes,23.732151,0
12,2040,No,5,9,No,Yes,28.791265,0
32,2040,Yes,3,18,Yes,No,21.058001,2038
4,2037,No,5,10,No,Yes,17.579237,0
18,2038,No,5,11,No,Yes,29.300592,0
40,2034,No,4,19,Yes,Yes,21.651167,2036
7,2032,No,5,9,Yes,No,27.064926,0
12,2036,No,5,11,Yes,Yes,26.67359,0
19,2035,No,5,9,No,Yes,27.2202,0
24,2035,No,5,9,Yes,Yes,20.288973,0
31,2036,No,3,9,No,No,13.08552,2038
5,2033,No,4,13,Yes,Yes,23.662085,0
35,2036,No,3,10,No,No,23.897299,2038
35,2034,No,3,9,Yes,Yes,22.452288,2038
38,2037,Yes,7,7,No,No,20.160673,2036
30,2032,No,6,10,Yes,Yes,29.176851,0
7,2033,No,5,9,No,Yes,36.065495,0
28,2033,No,3,9,Yes,No,30.537886,0
35,2038,Yes,3,8,No,Yes,20.980179,2038
21,2035,No,4,9,No,Yes,23.40424,0
13,2038,No,3,9,Yes,Yes,26.472263,0
37,2036,Yes,6,9,No,Yes,31.877148,2036
3,2036,Yes,5,15,No,No,25.297483,2034
29,2039,No,3,9,No,Yes,34.300789,0
17,2038,No,6,12,No,Yes,20.954769,0
1,2037,Yes,6,10,No,No,18.169523,2034
9,2040,No,3,12,Yes,Yes,18.435541,0
3,2038,Yes,5,8,Yes,Yes,17.865152,2034
11,2039,No,7,9,No,Yes,20.752844,0
3,2035,Yes,5,8,No,Yes,22.241856,2034
35,2040,Yes,3,9,No,Yes,20.404806,2038
5,2036,No,4,9,Yes,Yes,31.13994,0
12,2039,No,5,9,No,Yes,26.12491,0
3,2037,Yes,5,11,No,No,17.492207,2034
37,2040,Yes,6,9,No,Yes,15.248928,2036
26,2040,No,4,8,Yes,Yes,21.449209,0
39,2036,Yes,6,10,Yes,No,31.030668,2036
37,2038,Yes,6,14,Yes,Yes,25.537443,2036
2,2039,Yes,6,9,Yes,No,27.468748,2034
8,2039,No,4,9,No,No,23.723127,0
25,2037,No,5,9,No,Yes,19.033794,0
21,2034,No,4,12,No,Yes,33.281723,0
25,2040,No,5,9,No,Yes,19.059582,0
8,2038,No,4,9,Yes,Yes,23.738062,0
33,2033,No,3,8,Yes,Yes,28.04332,2038
8,2035,No,4,8,No,Yes,22.891973,0
37,2040,Yes,6,10,No,Yes,25.757074,2036
11,2040,No,7,9,Yes,Yes,19.661201,0
4,2036,No,5,9,No,No,32.762661,0
6,2034,No,6,8,Yes,No,32.078083,0
30,2037,No,6,9,Yes,Yes,29.48716,0
7,2039,No,5,11,No,No,28.616056,0
40,2033,No,4,9,Yes,No,34.383427,2036
36,2033,No,3,11,No,Yes,28.800774,2036
28,2036,No,3,13,Yes,Yes,27.468603,0
34,2032,No,3,9,No,No,24.391623,2038
6,2036,No,6,12,Yes,Yes,19.83252,0
31,2036,No,3,11,No,Yes,33.168507,2038
19,2036,No,5,11,No,Yes,24.890619,0
27,2036,No,6,18,No,No,29.484606,0
37,2036,Yes,6,9,Yes,Yes,21.703979,2036
15,2034,No,5,10,No,Yes,24.512087,0
26,2038,No,4,16,Yes,Yes,24.107878,0
19,2040,No,5,9,No,Yes,23.533596,0
8,2035,No,4,9,Yes,Yes,27.606623,0
40,2039,Yes,4,9,No,No,27.90398,2036
24,2033,No,5,9,Yes,Yes,23.699503,0
27,2033,No,6,11,Yes,No,31.137253,0
11,2037,No,7,7,No,Yes,30.19124,0
30,2036,No,6,10,No,No,16.331556,0
15,2036,No,5,9,Yes,Yes,26.147657,0
14,2035,No,5,10,Yes,No,32.266544,0
26,2038,No,4,9,Yes,No,20.926706,0
8,2034,No,4,9,No,No,23.200447,0
4,2040,No,5,9,No,No,29.045042,0
24,2036,No,5,9,Yes,No,24.620047,0
2,2033,No,6,12,Yes,No,29.183922,2034
13,2038,No,3,9,No,Yes,17.358902,0
32,2034,No,3,7,No,Yes,30.732576,2038
5,2040,No,4,19,Yes,Yes,30.39579,0
27,2032,No,6,10,No,No,34.35017,0
3,2034,Yes,5,9,Yes,Yes,29.935724,2034
2,2035,Yes,6,15,No,Yes,21.315214,2034
9,2034,No,3,0,Yes,No,23.945244,0
26,2035,No,4,9,Yes,Yes,35.378544,0
20,2038,No,4,9,No,No,27.793976,0
38,2035,No,7,9,Yes,Yes,24.042444,2036
22,2037,No,5,19,No,No,22.995346,0
30,2039,No,6,9,No,Yes,17.944771,0
6,2035,No,6,9,No,Yes,20.027388,0
23,2039,No,2,9,No,Yes,21.410477,0
15,2032,No,5,9,No,No,30.206087,0
25,2040,No,5,9,No,No,25.46217,0
3,2037,Yes,5,3,Yes,No,29.678875,2034
8,2039,No,4,9,No,Yes,27.028811,0
35,2040,Yes,3,9,Yes,No,24.671114,2038
22,2033,No,5,9,No,Yes,30.048216,0
13,2035,No,3,8,Yes,Yes,20.330303,0
22,2039,No,5,11,Yes,Yes,27.892708,0
34,2034,No,3,11,Yes,Yes,33.148911,2038
36,2040,Yes,3,8,Yes,Yes,33.231937,2036
21,2034,No,4,10,No,No,26.207792,0
19,2039,No,5,9,No,Yes,29.471283,0
19,2038,No,5,12,Yes,No,37.286533,0
15,2039,No,5,12,Yes,No,19.654581,0
17,2035,No,6,12,Yes,Yes,26.360405,0
24,2037,No,5,10,Yes,Yes,37.828259,0
4,2035,No,5,7,No,No,31.735367,0
27,2032,No,6,11,No,No,27.008099,0
40,2034,No,4,9,Yes,Yes,29.313904,2036
32,2033,No,3,8,Yes,Yes,19.553343,2038
14,2040,No,5,18,Yes,Yes,21.546757,0
32,2034,No,3,12,No,No,21.347076,2038
39,2038,Yes,6,9,Yes,No,30.41946,2036
4,2034,No,5,9,Yes,Yes,26.444466,0
23,2039,No,2,9,No,Yes,24.013412,0
22,2038,No,5,9,No,Yes,28.900618,0
2,2032,No,6,9,Yes,Yes,22.508333,2034
38,2032,No,7,17,Yes,Yes,19.04496,2036
16,2038,No,3,8,No,No,26.968908,0
4,2036,No,5,11,Yes,Yes,23.823895,0
29,2034,No,3,12,Yes,No,33.600819,0
33,2034,No,3,7,Yes,Yes,32.535515,2038
27,2033,No,6,11,No,No,21.999504,0
16,2034,No,3,9,No,Yes,23.611326,0
2,2037,Yes,6,8,No,Yes,27.899126,2034
27,2035,No,6,9,No,Yes,20.139454,0
38,2035,No,7,19,Yes,No,27.790161,2036
9,2032,No,3,9,No,No,25.660931,0
11,2040,No,7,7,Yes,Yes,22.60321,0
6,2037,No,6,5,Yes,Yes,24.04641,0
15,2039,No,5,9,Yes,No,31.621952,0
34,2033,No,3,13,No,Yes,21.660469,2038
18,2036,No,5,9,Yes,Yes,23.116728,0
1,2037,Yes,6,8,No,Yes,27.630701,2034
3,2035,Yes,5,7,No,No,29.388878,2034
22,2032,No,5,9,Yes,Yes,23.820425,0
39,2040,Yes,6,18,Yes,Yes,15.645586,2036
3,2039,Yes,5,14,Yes,No,30.441532,2034
6,2035,No,6,11,No,No,20.586063,0
33,2035,No,3,11,Yes,Yes,24.110075,2038
30,2040,No,6,19,Yes,No,19.064098,0
8,2037,No,4,12,Yes,Yes,34.153751,0
36,2034,No,3,8,Yes,Yes,18.931341,2036
9,2037,No,3,9,Yes,No,19.789864,0
9,2038,No,3,12,No,No,23.524086,0
28,2034,No,3,9,No,Yes,26.119638,0
19,2037,No,5,9,No,Yes,22.705433,0
3,2038,Yes,5,9,No,No,19.902903,2034
14,2038,No,5,9,No,No,24.50038,0
21,2037,No,4,12,Yes,Yes,26.141775,0
1,2040,Yes,6,7,Yes,Yes,20.540945,2034
23,2039,No,2,8,No,No,22.022711,0
40,2039,Yes,4,9,Yes,Yes,28.345846,2036
35,2033,No,3,11,Yes,Yes,22.988625,2038
20,2032,No,4,12,No,Yes,21.609051,0
19,2036,No,5,9,No,Yes,20.685829,0
25,2034,No,5,9,No,Yes,23.995396,0
19,2032,No,5,7,Yes,Yes,26.643312,0
31,2034,No,3,9,No,No,32.22234,2038
7,2032,No,5,9,No,Yes,21.051348,0
17,2037,No,6,11,No,No,32.04546,0
15,2034,No,5,7,Yes,No,36.634178,0
38,2034,No,7,9,No,No,18.593498,2036
36,2034,No,3,19,Yes,No,28.175859,2036
25,2033,No,5,13,Yes,Yes,33.18811,0
15,2036,No,5,9,Yes,No,28.363113,0
25,2032,No,5,9,Yes,Yes,28.115532,0
20,2035,No,4,16,No,Yes,19.36062,0
15,2035,No,5,9,Yes,Yes,28.182623,0
31,2034,No,3,14,No,No,30.44927,2038
17,2038,No,6,9,No,Yes,17.833664,0
29,2035,No,3,8,No,No,23.810822,0
33,2040,Yes,3,9,Yes,No,22.696743,2038
10,2036,No,6,9,Yes,No,29.078922,0
38,2035,No,7,9,No,Yes,19.147459,2036
22,2033,No,5,9,No,Yes,28.637953,0
19,2035,No,5,10,Yes,Yes,30.297142,0
16,2034,No,3,10,No,Yes,25.947739,0
15,2032,No,5,9,No,Yes,32.870018,0
8,2040,No,4,9,No,No,20.956919,0
15,2034,No,5,9,No,Yes,24.256216,0
14,2038,No,5,9,Yes,No,26.76687,0
2,2039,Yes,6,18,No,Yes,19.147627,2034
37,2035,No,6,11,Yes,Yes,34.677052,2036
27,2037,No,6,7,Yes,No,33.787266,0
1,2037,Yes,6,9,Yes,No,23.538956,2034
36,2037,Yes,3,8,No,Yes,21.495548,2036
15,2040,No,5,9,No,Yes,24.215418,0
1,2039,Yes,6,8,Yes,Yes,21.467581,2034
2,2036,Yes,6,9,No,Yes,19.959242,2034
14,2036,No,5,7,Yes,No,21.005241,0
32,2038,Yes,3,9,Yes,No,20.728514,2038
5,2037,No,4,9,No,Yes,29.269659,0
13,2032,No,3,9,Yes,No,33.621674,0
14,2036,No,5,9,No,Yes,26.90547,0
14,2035,No,5,9,Yes,Yes,21.705862,0
10,2032,No,6,11,Yes,Yes,21.998426,0
25,2035,No,5,12,Yes,Yes,32.388004,0
22,2040,No,5,9,No,Yes,20.650097,0
26,2037,No,4,10,No,Yes,32.090099,0
8,2039,No,4,10,Yes,No,23.225843,0
28,2038,No,3,9,No,Yes,23.837759,0
33,2036,No,3,9,No,No,30.457605,2038
10,2038,No,6,12,No,Yes,34.164562,0
14,2037,No,5,8,Yes,No,22.011082,0
9,2036,No,3,9,No,No,18.943012,0
27,2032,No,6,9,No,Yes,28.843048,0
1,2036,Yes,6,13,Yes,No,26.683548,2034
38,2040,Yes,7,9,No,Yes,20.898542,2036
35,2040,Yes,3,10,Yes,No,36.570572,2038
17,2038,No,6,7,Yes,No,28.05242,0
29,2040,No,3,9,No,No,17.039053,0
4,2034,No,5,11,Yes,Yes,25.715805,0
40,2032,No,4,9,Yes,Yes,22.325274,2036
39,2034,No,6,8,Yes,Yes,34.511322,2036
26,2034,No,4,8,No,No,28.667171,0
33,2035,No,3,9,Yes,Yes,34.553104,2038
3,2039,Yes,5,9,No,Yes,16.620211,2034
28,2035,No,3,10,No,Yes,18.011585,0
28,2032,No,3,0,Yes,Yes,17.871836,0
26,2036,No,4,11,Yes,No,33.100483,0
40,2034,No,4,9,Yes,No,29.21295,2036
22,2036,No,5,9,No,Yes,33.701649,0
1,2035,Yes,6,10,No,Yes,29.223454,2034
34,2033,No,3,9,Yes,Yes,29.507488,2038
22,2033,No,5,12,No,Yes,25.500479,0
5,2034,No,4,9,No,Yes,22.035492,0
7,2039,No,5,8,Yes,No,23.484409,0
31,2037,No,3,9,Yes,No,24.837225,2038
11,2040,No,7,8,No,Yes,22.617523,0
23,2035,No,2,9,No,Yes,26.244499,0
10,2039,No,6,10,No,Yes,33.072258,0
34,2033,No,3,9,Yes,Yes,28.369139,2038
34,2032,No,3,9,No,Yes,27.166443,2038
20,2036,No,4,9,No,No,29.808035,0
29,2040,No,3,9,Yes,No,36.262249,0
21,2035,No,4,11,Yes,Yes,28.957935,0
34,2032,No,3,10,No,No,30.55648,2038
17,2033,No,6,9,No,No,18.292786,0
2,2034,Yes,6,19,No,Yes,26.598051,2034
25,2033,No,5,11,No,Yes,22.498392,0
18,2037,No,5,7,Yes,Yes,26.179777,0
17,2038,No,6,10,Yes,Yes,23.624857,0
13,2037,No,3,10,Yes,Yes,28.66468,0
40,2037,Yes,4,9,Yes,Yes,22.735342,2036
8,2038,No,4,7,No,Yes,27.56311,0
34,2040,Yes,3,12,No,No,28.655542,2038
6,2039,No,6,9,No,Yes,17.207514,0
14,2038,No,5,9,No,Yes,20.268476,0
4,2035,No,5,9,No,Yes,22.462742,0
21,2035,No,4,11,Yes,Yes,21.344341,0
8,2038,No,4,10,Yes,No,25.920443,0
15,2035,No,5,9,No,Yes,25.010128,0
29,2033,No,3,8,Yes,Yes,33.23082,0
29,2037,No,3,9,No,No,28.638092,0
34,2034,No,3,9,Yes,No,21.611603,2038
1,2036,Yes,6,10,Yes,Yes,18.22916,2034
37,2040,Yes,6,9,Yes,No,28.790571,2036
25,2039,No,5,17,No,Yes,20.161068,0
33,2035,No,3,11,No,Yes,29.924925,2038
14,2036,No,5,9,No,Yes,19.543694,0
31,2038,Yes,3,7,Yes,No,14.701796,2038
12,2033,No,5,19,Yes,Yes,27.095339,0
10,2037,No,6,9,Yes,No,21.18029,0
16,2036,No,3,8,No,No,26.345245,0
37,2036,Yes,6,9,Yes,No,19.263308,2036
27,2039,No,6,9,No,Yes,26.637663,0
10,2032,No,6,8,Yes,Yes,31.993736,0
3,2036,Yes,5,9,No,No,28.166698,2034
29,2038,No,3,10,Yes,Yes,24.909405,0
30,2032,No,6,8,Yes,No,25.172195,0
37,2034,No,6,11,No,Yes,30.655184,2036
15,2033,No,5,9,Yes,No,27.502411,0
1,2033,No,6,9,Yes,No,18.426014,2034
27,2035,No,6,9,No,No,29.559361,0
26,2032,No,4,11,Yes,No,27.175215,0
17,2034,No,6,8,Yes,Yes,19.238335,0
16,2033,No,3,9,No,No,23.871233,0
10,2035,No,6,12,Yes,No,22.664509,0
2,2037,Yes,6,10,No,Yes,18.072592,2034
9,2040,No,3,9,No,No,33.088722,0
10,2039,No,6,14,No,Yes,30.435268,0
39,2036,Yes,6,9,Yes,Yes,25.381451,2036
22,2032,No,5,9,Yes,Yes,22.405766,0
28,2040,No,3,8,Yes,Yes,25.251801,0
31,2037,No,3,10,Yes,Yes,24.867008,2038
8,2033,No,4,11,Yes,Yes,28.579657,0
4,2038,No,5,9,No,Yes,29.884356,0
13,2036,No,3,11,Yes,Yes,22.767397,0
5,2035,No,4,10,Yes,No,22.190489,0
26,2032,No,4,11,Yes,Yes,21.840961,0
15,2039,No,5,14,No,Yes,21.800116,0
37,2034,No,6,8,Yes,Yes,20.937428,2036
28,2039,No,3,12,Yes,Yes,27.901978,0
38,2038,Yes,7,9,Yes,Yes,20.060789,2036
12,2039,No,5,9,No,No,31.767324,0
28,2033,No,3,8,Yes,Yes,28.358046,0
34,2035,No,3,9,No,No,36.432159,2038
33,2035,No,3,11,No,No,25.03723,2038
23,2035,No,2,11,No,No,27.155329,0
29,2037,No,3,9,Yes,Yes,19.788511,0
4,2032,No,5,9,No,No,21.482216,0
10,2039,No,6,9,Yes,Yes,24.829256,0
33,2035,No,3,11,Yes,Yes,20.00009,2038
20,2034,No,4,18,Yes,Yes,29.65778,0
23,2038,No,2,12,No,No,24.240768,0
7,2034,No,5,10,Yes,Yes,29.115585,0
20,2032,No,4,8,Yes,Yes,21.087801,0
27,2037,No,6,9,No,No,20.239613,0
3,2036,Yes,5,10,Yes,Yes,18.599293,2034
12,2035,No,5,1,Yes,Yes,29.3727,0
5,2032,No,4,11,No,Yes,27.068476,0
2,2037,Yes,6,9,No,Yes,18.90243,2034
22,2032,No,5,9,No,Yes,15.243372,0
18,2033,No,5,7,No,Yes,29.055275,0
20,2037,No,4,11,No,No,28.192139,0
29,2032,No,3,9,No,Yes,24.25185,0
26,2033,No,4,9,Yes,Yes,30.707932,0
6,2034,No,6,12,No,Yes,27.965687,0
14,2038,No,5,9,No,Yes,21.872446,0
3,2032,No,5,8,No,Yes,24.001539,2034
38,2036,Yes,7,13,No,Yes,34.159107,2036
11,2034,No,7,9,No,No,23.534325,0
28,2040,No,3,9,Yes,Yes,20.646799,0
4,2033,No,5,9,No,Yes,20.517569,0
24,2032,No,5,7,No,Yes,26.165289,0
6,2033,No,6,11,Yes,No,23.661018,0
17,2038,No,6,7,No,Yes,21.666245,0
37,2034,No,6,17,Yes,Yes,26.876715,2036
3,2033,No,5,9,Yes,Yes,29.416624,2034
23,2038,No,2,10,No,Yes,27.36659,0
18,2038,No,5,9,No,Yes,27.797642,0
32,2038,Yes,3,12,No,No,26.016167,2038
19,2036,No,5,10,Yes,No,26.657001,0
38,2033,No,7,8,Yes,Yes,33.242611,2036
15,2034,No,5,9,No,Yes,27.009287,0
35,2035,No,3,8,Yes,Yes,19.938978,2038
16,2039,No,3,11,Yes,Yes,28.390347,0
24,2038,No,5,9,Yes,Yes,27.036316,0
32,2039,Yes,3,19,No,No,16.663012,2038
33,2037,No,3,9,No,Yes,25.792011,2038
40,2038,Yes,4,13,Yes,Yes,22.324469,2036
13,2036,No,3,9,Yes,Yes,28.640408,0
5,2038,No,4,9,No,Yes,17.748039,0
25,2037,No,5,10,No,Yes,17.948217,0
10,2034,No,6,11,No,Yes,28.850792,0
30,2038,No,6,11,No,Yes,28.506313,0
4,2036,No,5,9,Yes,No,18.767681,0
33,2035,No,3,9,No,No,22.436449,2038
29,2038,No,3,7,Yes,Yes,17.367929,0
39,2038,Yes,6,9,No,Yes,25.591846,2036
22,2035,No,5,9,No,Yes,27.783649,0
31,2040,Yes,3,9,No,No,22.393345,2038
38,2040,Yes,7,12,No,Yes,23.348289,2036
14,2037,No,5,19,No,Yes,28.452263,0
19,2038,No,5,9,Yes,Yes,28.972324,0
15,2036,No,5,9,No,No,24.054436,0
34,2037,No,3,8,No,Yes,21.254606,2038
39,2033,No,6,9,No,No,32.86657,2036
23,2039,No,2,10,Yes,Yes,22.33003,0
14,2032,No,5,9,Yes,No,35.414352,0
38,2038,Yes,7,9,No,No,25.335165,2036
37,2037,Yes,6,9,Yes,No,30.085779,2036
5,2035,No,4,12,No,No,33.048237,0
27,2037,No,6,8,Yes,Yes,26.736414,0
39,2036,Yes,6,11,Yes,Yes,19.7307,2036
32,2033,No,3,12,No,Yes,15.080845,2038
21,2032,No,4,9,Yes,Yes,32.285393,0
17,2037,No,6,17,No,Yes,25.413221,0
40,2037,Yes,4,9,No,No,21.734077,2036
38,2039,Yes,7,12,No,Yes,27.322426,2036
13,2034,No,3,9,No,Yes,26.080109,0
20,2032,No,4,11,No,Yes,23.291435,0
28,2040,No,3,10,No,Yes,25.904737,0
24,2038,No,5,4,Yes,No,27.71105,0
16,2036,No,3,15,Yes,Yes,30.999376,0
25,2037,No,5,9,Yes,No,23.902025,0
40,2037,Yes,4,10,No,Yes,28.669765,2036
11,2039,No,7,11,Yes,Yes,23.595055,0
35,2036,No,3,13,No,No,20.036077,2038
34,2039,Yes,3,10,Yes,Yes,20.728491,2038
22,2034,No,5,9,Yes,No,21.001949,0
10,2038,No,6,8,No,Yes,24.051687,0
11,2037,No,7,11,No,Yes,21.339609,0
29,2037,No,3,10,Yes,Yes,33.772449,0
19,2036,No,5,9,Yes,Yes,31.422337,0
19,2034,No,5,13,Yes,No,30.975849,0
8,2032,No,4,10,No,No,26.491167,0
12,2035,No,5,9,Yes,Yes,19.00654,0
21,2038,No,4,11,No,No,18.818289,0
25,2040,No,5,9,Yes,No,25.465961,0
30,2032,No,6,11,No,Yes,19.72422,0
10,2035,No,6,7,Yes,No,25.69577,0
38,2033,No,7,8,No,Yes,18.011395,2036
34,2034,No,3,11,No,No,28.452795,2038
7,2035,No,5,11,Yes,No,27.21361,0
25,2037,No,5,8,Yes,No,25.510267,0
21,2035,No,4,9,No,No,23.45034,0
31,2035,No,3,18,Yes,No,31.045511,2038
24,2039,No,5,12,Yes,Yes,24.206423,0
19,2032,No,5,12,No,Yes,17.841179,0
15,2032,No,5,13,No,Yes,24.74774,0
18,2032,No,5,9,No,No,31.315742,0
30,2034,No,6,9,Yes,Yes,33.401089,0
39,2040,Yes,6,10,Yes,Yes,22.067127,2036
32,2034,No,3,9,Yes,No,28.120541,2038
9,2040,No,3,11,No,Yes,25.788801,0
10,2040,No,6,9,No,Yes,26.766201,0
6,2036,No,6,7,Yes,Yes,24.8403,0
36,2033,No,3,9,No,Yes,28.083811,2036
15,2035,No,5,9,No,No,15.578979,0
1,2040,Yes,6,9,Yes,Yes,23.124798,2034
34,2032,No,3,8,Yes,Yes,20.1206,2038
3,2036,Yes,5,9,No,Yes,22.256302,2034
11,2039,No,7,10,No,No,19.109226,0
23,2039,No,2,8,No,No,33.532566,0
34,2039,Yes,3,9,No,Yes,22.475824,2038
1,2040,Yes,6,9,No,Yes,25.067554,2034
13,2038,No,3,11,Yes,Yes,24.715584,0
30,2033,No,6,2,Yes,Yes,21.154957,0
22,2040,No,5,7,Yes,Yes,17.51012,0
13,2036,No,3,12,No,No,27.63658,0
14,2033,No,5,16,Yes,Yes,22.536625,0
2,2040,Yes,6,9,No,No,36.177269,2034
34,2034,No,3,13,Yes,Yes,29.511944,2038
33,2034,No,3,12,Yes,Yes,22.201197,2038
34,2032,No,3,13,No,Yes,30.211653,2038
3,2033,No,5,8,No,Yes,24.29801,2034
11,2037,No,7,11,No,Yes,25.460615,0
2,2040,Yes,6,9,No,No,29.393415,2034
26,2040,No,4,9,No,No,23.31431,0
31,2035,No,3,10,Yes,Yes,25.049988,2038
34,2033,No,3,9,No,Yes,28.294044,2038
4,2032,No,5,9,Yes,Yes,29.653862,0
23,2036,No,2,10,Yes,No,21.392599,0
9,2040,No,3,8,No,Yes,13.301853,0
7,2034,No,5,0,Yes,Yes,29.713711,0
14,2039,No,5,9,Yes,Yes,22.678402,0
12,2035,No,5,9,Yes,Yes,26.114161,0
28,2033,No,3,11,Yes,Yes,26.698507,0
22,2040,No,5,9,No,No,29.069639,0
30,2033,No,6,9,Yes,No,34.307125,0
8,2039,No,4,11,Yes,No,30.04812,0
39,2036,Yes,6,19,Yes,Yes,25.430101,2036
24,2040,No,5,9,No,Yes,23.022064,0
38,2037,Yes,7,1,Yes,No,27.933659,2036
31,2040,Yes,3,9,Yes,No,32.505711,2038
22,2037,No,5,9,No,Yes,30.834549,0
4,2033,No,5,12,No,No,30.250042,0
7,2040,No,5,9,Yes,No,33.283741,0
22,2032,No,5,8,Yes,Yes,23.078167,0
39,2035,No,6,11,No,Yes,30.207346,2036
16,2037,No,3,10,No,Yes,34.476204,0
15,2034,No,5,9,No,Yes,29.459093,0
6,2040,No,6,9,Yes,No,18.877981,0
7,2037,No,5,10,No,No,21.526741,0
30,2040,No,6,9,Yes,Yes,27.103682,0
1,2039,Yes,6,11,Yes,Yes,29.582703,2034
36,2040,Yes,3,18,No,Yes,30.54431,2036
30,2036,No,6,9,Yes,Yes,25.024473,0
33,2032,No,3,11,Yes,Yes,31.808144,2038
1,2034,Yes,6,9,No,No,21.560314,2034
18,2036,No,5,9,No,Yes,22.884998,0
14,2032,No,5,9,No,No,20.422501,0
32,2034,No,3,8,No,No,27.640776,2038
9,2033,No,3,10,Yes,No,33.984241,0
22,2037,No,5,13,No,Yes,28.926336,0
15,2040,No,5,7,No,No,36.15799,0
10,2040,No,6,11,No,Yes,31.060766,0
13,2038,No,3,9,Yes,Yes,33.918411,0
10,2032,No,6,12,Yes,Yes,33.01804,0
8,2032,No,4,9,No,Yes,21.009254,0
17,2039,No,6,10,Yes,Yes,20.617163,0
29,2039,No,3,9,Yes,No,31.385731,0
27,2032,No,6,14,No,No,27.733505,0
10,2039,No,6,8,No,Yes,23.062258,0
21,2035,No,4,9,Yes,No,22.561117,0
4,2038,No,5,9,No,Yes,22.707417,0
32,2038,Yes,3,8,Yes,No,25.456413,2038
19,2037,No,5,7,Yes,Yes,18.776403,0
21,2039,No,4,9,No,No,24.472038,0
18,2040,No,5,9,Yes,Yes,32.101173,0
28,2040,No,3,9,No,No,29.601744,0
16,2032,No,3,9,Yes,Yes,20.972448,0
24,2036,No,5,9,Yes,No,23.252796,0
9,2036,No,3,11,Yes,Yes,29.021038,0
17,2035,No,6,9,Yes,No,28.713179,0
19,2040,No,5,9,Yes,Yes,24.736961,0
11,2035,No,7,8,No,Yes,19.138512,0
38,2035,No,7,9,No,Yes,18.875587,2036
40,2037,Yes,4,8,No,No,18.060646,2036
35,2038,Yes,3,9,No,Yes,25.852064,2038
7,2033,No,5,9,Yes,Yes,22.879574,0
7,2032,No,5,9,Yes,No,30.345366,0
32,2039,Yes,3,10,Yes,Yes,19.763756,2038
23,2037,No,2,7,Yes,Yes,23.619923,0
7,2033,No,5,9,No,Yes,22.970636,0
31,2039,Yes,3,10,Yes,Yes,30.300684,2038
20,2039,No,4,13,No,No,32.220612,0
1,2033,No,6,7,Yes,Yes,24.978245,2034
10,2035,No,6,11,No,No,36.950397,0
29,2037,No,3,11,No,No,28.721243,0
21,2036,No,4,0,Yes,No,24.376551,0
39,2034,No,6,10,No,No,19.596556,2036
29,2040,No,3,7,Yes,Yes,18.93532,0
2,2038,Yes,6,9,No,Yes,12.534687,2034
3,2036,Yes,5,9,No,Yes,18.966623,2034
38,2038,Yes,7,9,Yes,Yes,19.338306,2036
17,2032,No,6,9,Yes,Yes,24.064171,0
25,2039,No,5,9,No,Yes,27.604433,0
28,2034,No,3,13,Yes,Yes,28.156462,0
5,2032,No,4,19,No,Yes,29.164989,0
39,2033,No,6,11,No,Yes,26.654118,2036
20,2037,No,4,14,No,Yes,27.458832,0
7,2035,No,5,14,Yes,Yes,30.028069,0
26,2034,No,4,9,No,Yes,32.134483,0
19,2037,No,5,10,No,Yes,30.768755,0
32,2037,No,3,16,No,Yes,21.444395,2038
34,2037,No,3,10,No,No,20.496511,2038
20,2039,No,4,9,Yes,Yes,25.168306,0
8,2033,No,4,9,Yes,Yes,26.466505,0
25,2039,No,5,13,No,No,26.927588,0
34,2034,No,3,17,No,Yes,22.481951,2038
15,2035,No,5,9,No,Yes,18.580938,0
35,2033,No,3,8,No,No,20.516834,2038
36,2039,Yes,3,9,No,Yes,25.242851,2036
21,2036,No,4,11,No,No,24.12026,0
5,2040,No,4,11,Yes,Yes,21.365431,0
17,2036,No,6,10,Yes,Yes,27.346132,0
4,2036,No,5,10,Yes,Yes,21.656008,0
18,2032,No,5,10,No,No,32.294655,0
7,2034,No,5,9,Yes,Yes,29.504204,0
33,2036,No,3,9,Yes,No,19.680952,2038
34,2032,No,3,13,Yes,Yes,33.691498,2038
13,2039,No,3,9,Yes,Yes,32.909458,0
10,2039,No,6,9,Yes,No,31.433805,0
28,2039,No,3,9,Yes,No,30.753962,0
22,2038,No,5,9,No,Yes,28.198225,0
9,2033,No,3,8,No,Yes,23.221088,0
14,2039,No,5,14,Yes,No,31.074593,0
33,2032,No,3,7,No,Yes,30.660826,2038
23,2039,No,2,9,No,Yes,23.160801,0
4,2038,No,5,9,Yes,Yes,30.555643,0
37,2033,No,6,9,Yes,Yes,33.677673,2036
36,2035,No,3,10,No,No,27.552387,2036
15,2034,No,5,9,No,No,20.666359,0
20,2032,No,4,9,No,Yes,19.031687,0
11,2033,No,7,12,Yes,Yes,29.089777,0
29,2038,No,3,9,No,No,24.231266,0
19,2032,No,5,9,No,Yes,26.495031,0
13,2035,No,3,0,No,Yes,18.66671,0
8,2039,No,4,9,Yes,No,23.993902,0
17,2034,No,6,9,Yes,No,31.464806,0
15,2038,No,5,10,No,Yes,16.516413,0
22,2034,No,5,12,No,Yes,22.477343,0
8,2038,No,4,12,Yes,Yes,19.300482,0
24,2038,No,5,9,Yes,Yes,33.533726,0
1,2040,Yes,6,9,Yes,Yes,33.940228,2034
2,2039,Yes,6,12,No,Yes,26.452667,2034
38,2036,Yes,7,9,No,Yes,22.229298,2036
37,2033,No,6,9,Yes,Yes,24.398117,2036
11,2040,No,7,9,Yes,Yes,24.545101,0
31,2036,No,3,9,No,Yes,25.795429,2038
28,2034,No,3,9,No,Yes,23.303703,0
5,2034,No,4,17,No,Yes,25.923149,0
25,2035,No,5,9,No,No,23.603584,0
6,2035,No,6,8,Yes,No,24.304199,0
30,2033,No,6,9,No,Yes,26.675663,0
11,2038,No,7,7,No,Yes,20.174292,0
4,2034,No,5,9,No,No,32.645676,0
29,2032,No,3,9,Yes,Yes,26.679302,0
22,2034,No,5,10,Yes,Yes,27.004826,0
34,2034,No,3,9,No,Yes,22.695633,2038
11,2036,No,7,9,No,No,20.259436,0
4,2036,No,5,9,Yes,No,31.26215,0
25,2040,No,5,11,No,Yes,22.127972,0
35,2037,No,3,8,No,Yes,20.762421,2038
16,2032,No,3,9,Yes,Yes,27.068159,0
6,2035,No,6,12,No,Yes,19.392393,0
14,2040,No,5,11,Yes,No,27.228321,0
3,2035,Yes,5,18,Yes,No,36.164173,2034
20,2035,No,4,9,Yes,No,19.563568,0
31,2040,Yes,3,7,No,No,27.677874,2038
6,2033,No,6,9,No,Yes,26.266882,0
20,2033,No,4,14,No,Yes,27.250574,0
16,2039,No,3,9,No,No,31.722769,0
39,2037,Yes,6,8,Yes,No,21.031002,2036
31,2036,No,3,9,No,No,23.3636,2038
8,2037,No,4,10,Yes,Yes,19.992416,0
14,2038,No,5,9,No,Yes,17.868225,0
29,2032,No,3,9,No,Yes,34.496952,0
11,2033,No,7,8,Yes,No,33.157356,0
20,2037,No,4,10,No,No,34.526237,0
39,2034,No,6,9,No,No,28.722645,2036
2,2032,No,6,15,Yes,No,25.444187,2034
26,2034,No,4,9,Yes,No,27.04674,0
10,2037,No,6,9,No,Yes,15.715604,0
8,2033,No,4,10,No,Yes,23.164316,0
13,2038,No,3,11,Yes,Yes,19.520744,0
25,2039,No,5,18,Yes,Yes,14.362542,0
24,2037,No,5,14,Yes,Yes,27.449997,0
38,2040,Yes,7,9,Yes,Yes,31.583437,2036
38,2033,No,7,7,Yes,Yes,29.310322,2036
20,2039,No,4,7,Yes,Yes,25.969217,0
33,2037,No,3,13,No,Yes,26.954094,2038
12,2033,No,5,14,Yes,Yes,34.237659,0
38,2033,No,7,12,Yes,Yes,21.348928,2036
39,2040,Yes,6,3,No,No,31.300461,2036
24,2037,No,5,9,Yes,No,25.510384,0
31,2034,No,3,9,Yes,No,32.915779,2038
18,2038,No,5,8,No,Yes,23.597437,0
26,2035,No,4,9,No,Yes,22.344799,0
27,2032,No,6,9,No,No,20.877344,0
15,2032,No,5,12,Yes,Yes,27.237381,0
38,2036,Yes,7,11,Yes,Yes,32.359421,2036
21,2035,No,4,9,Yes,No,32.649376,0
25,2032,No,5,7,Yes,Yes,31.060341,0
12,2038,No,5,9,Yes,Yes,29.12483,0
20,2037,No,4,9,Yes,Yes,25.514128,0
37,2033,No,6,10,No,Yes,24.670717,2036
28,2037,No,3,14,No,Yes,32.178791,0
15,2032,No,5,13,No,Yes,22.741137,0
17,2036,No,6,7,No,No,24.554386,0
19,2032,No,5,9,No,Yes,25.797659,0
3,2036,Yes,5,8,No,No,19.459459,2034
25,2036,No,5,10,Yes,No,24.1178,0
14,2035,No,5,11,Yes,Yes,28.196676,0
33,2040,Yes,3,7,No,Yes,26.490471,2038
28,2033,No,3,12,No,Yes,22.09836,0
25,2039,No,5,8,No,Yes,19.41217,0
12,2035,No,5,7,Yes,No,26.643021,0
3,2033,No,5,10,No,Yes,24.481161,2034
9,2035,No,3,13,No,No,31.127642,0
5,2040,No,4,15,No,No,22.850931,0
2,2038,Yes,6,9,Yes,Yes,27.420483,2034
3,2034,Yes,5,10,No,Yes,32.558945,2034
39,2037,Yes,6,12,No,Yes,25.357126,2036
37,2039,Yes,6,7,No,Yes,18.533962,2036
20,2037,No,4,12,No,Yes,24.177868,0
16,2040,No,3,9,Yes,No,24.282106,0
9,2040,No,3,11,No,Yes,22.708933,0
15,2038,No,5,9,Yes,Yes,19.684126,0
25,2040,No,5,14,No,Yes,29.080988,0
39,2040,Yes,6,10,No,No,17.175638,2036
35,2034,No,3,9,No,No,29.381027,2038
11,2035,No,7,9,No,No,26.499752,0
23,2035,No,2,10,No,Yes,18.909405,0
1,2034,Yes,6,9,No,No,19.550858,2034
7,2040,No,5,9,Yes,Yes,16.917366,0
9,2040,No,3,3,No,Yes,27.422413,0
12,2038,No,5,7,Yes,No,35.687981,0
17,2037,No,6,9,Yes,No,35.770489,0
21,2040,No,4,9,Yes,Yes,22.524561,0
8,2034,No,4,8,Yes,Yes,35.409454,0
12,2038,No,5,12,No,No,32.912483,0
39,2039,Yes,6,9,Yes,Yes,22.576759,2036
25,2036,No,5,8,Yes,Yes,20.088415,0
11,2039,No,7,9,No,Yes,28.12896,0
34,2032,No,3,9,Yes,No,30.546568,2038
35,2039,Yes,3,9,Yes,No,20.212915,2038
25,2033,No,5,9,No,No,32.104595,0
21,2039,No,4,19,Yes,No,27.867327,0
26,2032,No,4,13,No,No,29.977209,0
26,2034,No,4,18,No,Yes,24.815044,0
23,2034,No,2,9,No,Yes,19.917967,0
13,2035,No,3,9,No,Yes,15.501624,0
35,2035,No,3,9,No,Yes,19.573687,2038
25,2036,No,5,11,No,Yes,27.09754,0
11,2039,No,7,11,No,No,34.737164,0
28,2037,No,3,11,Yes,No,23.406849,0
31,2033,No,3,11,No,Yes,21.854383,2038
19,2039,No,5,7,Yes,Yes,33.217648,0
24,2038,No,5,12,No,Yes,29.772804,0
32,2034,No,3,9,Yes,Yes,25.24037,2038
14,2038,No,5,8,No,Yes,20.746227,0
14,2037,No,5,9,Yes,No,24.560518,0
20,2033,No,4,9,No,No,32.85236,0
27,2035,No,6,10,Yes,Yes,20.624907,0
40,2038,Yes,4,9,No,Yes,20.21892,2036
31,2040,Yes,3,17,Yes,No,32.097145,2038
28,2035,No,3,11,No,Yes,29.175249,0
14,2032,No,5,13,No,No,23.992867,0
31,2033,No,3,9,Yes,No,22.148546,2038
30,2034,No,6,8,Yes,Yes,30.883244,0
8,2039,No,4,9,No,Yes,20.707747,0
38,2034,No,7,9,No,Yes,31.792402,2036
36,2039,Yes,3,11,No,Yes,22.322426,2036
14,2035,No,5,7,Yes,Yes,26.596237,0
7,2039,No,5,9,No,Yes,23.728151,0
5,2040,No,4,9,No,No,19.955349,0
26,2039,No,4,13,No,Yes,30.893585,0
38,2032,No,7,12,Yes,No,28.140326,2036
15,2035,No,5,9,Yes,No,25.693466,0
5,2035,No,4,10,Yes,Yes,23.424263,0
30,2037,No,6,9,Yes,Yes,29.418112,0
13,2032,No,3,8,Yes,Yes,16.818377,0
1,2040,Yes,6,9,Yes,Yes,30.575659,2034
18,2039,No,5,11,Yes,Yes,27.051746,0
30,2034,No,6,9,No,Yes,32.543022,0
15,2032,No,5,7,No,Yes,20.456024,0
32,2040,Yes,3,9,No,Yes,25.794775,2038
14,2032,No,5,16,No,Yes,32.221531,0
34,2035,No,3,11,No,No,17.980406,2038
4,2038,No,5,0,No,No,19.452572,0
37,2033,No,6,15,Yes,Yes,26.687466,2036
3,2038,Yes,5,17,Yes,Yes,29.537567,2034
16,2040,No,3,9,Yes,Yes,26.679228,0
24,2039,No,5,14,Yes,Yes,20.599377,0
25,2036,No,5,9,No,No,26.936499,0
30,2032,No,6,9,Yes,No,31.467407,0
18,2036,No,5,9,Yes,Yes,17.618879,0
7,2039,No,5,13,No,Yes,27.240345,0
23,2038,No,2,14,Yes,Yes,18.531616,0
10,2033,No,6,9,Yes,No,29.115362,0
34,2034,No,3,9,Yes,No,22.911083,2038
26,2032,No,4,11,No,Yes,30.572699,0
36,2038,Yes,3,8,Yes,Yes,21.703611,2036
16,2033,No,3,9,No,No,29.680239,0
40,2033,No,4,7,No,No,34.746735,2036
12,2037,No,5,9,No,Yes,25.210772,0
31,2036,No,3,11,No,Yes,32.355736,2038
18,2033,No,5,10,Yes,No,24.686049,0
32,2038,Yes,3,9,No,Yes,21.942541,2038
10,2032,No,6,9,No,Yes,33.967712,0
7,2040,No,5,9,Yes,No,24.525055,0
33,2033,No,3,9,No,Yes,28.374311,2038
21,2033,No,4,13,No,No,19.93854,0
23,2036,No,2,15,Yes,Yes,21.143265,0
19,2040,No,5,9,Yes,Yes,26.295467,0
21,2039,No,4,9,Yes,Yes,20.113964,0
2,2039,Yes,6,11,Yes,No,28.903917,2034
8,2035,No,4,14,No,Yes,18.554739,0
14,2037,No,5,7,No,Yes,26.485518,0
32,2036,No,3,11,Yes,No,20.829382,2038
32,2040,Yes,3,7,No,No,33.508404,2038
15,2036,No,5,9,No,Yes,31.79043,0
27,2038,No,6,7,Yes,No,30.331575,0
29,2034,No,3,9,Yes,Yes,23.72267,0
25,2035,No,5,12,Yes,Yes,20.034527,0
33,2034,No,3,7,No,Yes,21.20092,2038
9,2037,No,3,7,No,No,29.853512,0
12,2035,No,5,11,Yes,No,32.421246,0
15,2039,No,5,10,No,No,19.626429,0
40,2032,No,4,8,Yes,No,29.860947,2036
22,2040,No,5,9,Yes,No,24.60475,0
12,2035,No,5,8,No,Yes,20.786694,0
3,2032,No,5,10,Yes,Yes,23.886784,2034
35,2036,No,3,14,No,Yes,29.940655,2038
11,2038,No,7,11,No,Yes,18.764805,0
27,2037,No,6,8,No,Yes,30.748259,0
15,2037,No,5,8,Yes,No,19.006672,0
22,2040,No,5,9,Yes,Yes,20.02648,0
22,2040,No,5,12,Yes,No,21.791124,0
35,2038,Yes,3,9,No,Yes,30.264458,2038
17,2038,No,6,8,Yes,No,28.254519,0
40,2040,Yes,4,9,No,Yes,21.255829,2036
23,2037,No,2,9,No,Yes,23.607738,0
27,2035,No,6,7,Yes,Yes,26.818386,0
22,2033,No,5,9,No,Yes,20.261593,0
33,2039,Yes,3,9,No,No,25.109922,2038
13,2038,No,3,11,No,No,31.007467,0
24,2040,No,5,9,Yes,Yes,17.862789,0
25,2038,No,5,9,No,Yes,23.877956,0
12,2035,No,5,9,No,Yes,18.859701,0
26,2032,No,4,7,No,No,26.051729,0
6,2032,No,6,9,No,Yes,25.468147,0
36,2033,No,3,11,Yes,Yes,30.470856,2036
10,2033,No,6,0,No,Yes,32.463848,0
15,2034,No,5,9,Yes,No,30.789814,0
34,2033,No,3,9,Yes,Yes,20.437647,2038
29,2037,No,3,11,Yes,No,27.964275,0
17,2040,No,6,9,No,Yes,20.524757,0
2,2034,Yes,6,11,No,Yes,20.059761,2034
14,2037,No,5,9,Yes,Yes,30.815908,0
39,2033,No,6,9,No,Yes,19.121414,2036
18,2034,No,5,9,Yes,Yes,24.635069,0
18,2040,No,5,9,No,Yes,36.253063,0
22,2032,No,5,9,Yes,No,22.56345,0
18,2035,No,5,9,No,Yes,19.223711,0
32,2032,No,3,9,Yes,Yes,23.467358,2038
33,2037,No,3,7,Yes,No,21.187714,2038
11,2036,No,7,10,Yes,No,31.944225,0
37,2039,Yes,6,12,Yes,Yes,22.415644,2036
2,2033,No,6,9,Yes,No,24.830908,2034
23,2036,No,2,15,Yes,No,24.061121,0
24,2036,No,5,9,Yes,Yes,28.465437,0
18,2038,No,5,9,No,Yes,26.815962,0
16,2035,No,3,7,Yes,No,25.724873,0
11,2033,No,7,9,Yes,Yes,31.866356,0
13,2037,No,3,19,Yes,No,26.547098,0
16,2037,No,3,11,Yes,No,34.737457,0
36,2038,Yes,3,9,No,Yes,15.715899,2036
21,2034,No,4,9,Yes,No,27.601269,0
30,2033,No,6,12,No,No,33.624619,0
35,2038,Yes,3,10,Yes,No,16.051416,2038
40,2036,Yes,4,7,Yes,No,24.086695,2036
13,2040,No,3,18,No,Yes,30.507624,0
37,2034,No,6,18,Yes,Yes,21.852091,2036
10,2037,No,6,10,Yes,No,24.094233,0
17,2034,No,6,9,Yes,Yes,29.200411,0
33,2037,No,3,9,No,No,29.523474,2038
18,2038,No,5,11,No,Yes,28.278181,0
5,2036,No,4,10,No,Yes,28.155142,0
21,2035,No,4,11,Yes,No,22.829327,0
29,2033,No,3,10,No,No,21.760338,0
14,2038,No,5,9,Yes,No,29.503895,0
35,2039,Yes,3,9,Yes,Yes,26.462481,2038
32,2037,No,3,9,No,No,34.309116,2038
5,2036,No,4,16,Yes,Yes,30.800123,0
6,2035,No,6,15,No,Yes,26.432047,0
28,2036,No,3,11,Yes,No,31.316467,0
4,2040,No,5,11,No,No,29.997728,0
33,2035,No,3,9,Yes,Yes,32.937794,2038
2,2033,No,6,15,No,Yes,25.665558,2034
29,2040,No,3,9,No,No,27.541294,0
39,2040,Yes,6,9,No,No,25.405956,2036
8,2033,No,4,13,Yes,No,27.656519,0
20,2035,No,4,9,Yes,No,28.653498,0
29,2033,No,3,9,Yes,Yes,24.30006,0
30,2040,No,6,11,Yes,Yes,24.330246,0
13,2035,No,3,9,No,Yes,27.092657,0
18,2034,No,5,12,No,Yes,28.867069,0
1,2032,No,6,9,No,No,28.313593,2034
29,2040,No,3,11,No,Yes,23.489422,0
30,2040,No,6,14,No,No,28.630264,0
16,2039,No,3,9,No,No,23.205776,0
32,2032,No,3,9,No,Yes,22.525545,2038
15,2037,No,5,9,No,No,23.132723,0
8,2040,No,4,7,Yes,Yes,33.097771,0
24,2040,No,5,9,Yes,Yes,30.941381,0
10,2035,No,6,9,Yes,No,33.276318,0
18,2035,No,5,9,No,Yes,16.547283,0
29,2034,No,3,12,No,Yes,27.930933,0
18,2037,No,5,12,No,No,30.973343,0
14,2039,No,5,12,No,No,28.732374,0
20,2038,No,4,9,No,No,28.068853,0
40,2040,Yes,4,9,Yes,Yes,32.771515,2036
7,2040,No,5,8,No,Yes,19.5893,0
21,2040,No,4,9,Yes,Yes,20.71792,0
35,2040,Yes,3,15,No,Yes,28.216614,2038
9,2035,No,3,12,Yes,Yes,30.006222,0
22,2035,No,5,9,Yes,Yes,21.922306,0
3,2038,Yes,5,7,No,No,19.365101,2034
34,2032,No,3,9,No,Yes,22.645321,2038
29,2039,No,3,10,No,No,29.24246,0
23,2040,No,2,9,Yes,Yes,22.678658,0
9,2032,No,3,9,Yes,No,36.796402,0
28,2037,No,3,8,Yes,Yes,21.188881,0
10,2033,No,6,9,Yes,Yes,36.202038,0
38,2037,Yes,7,8,Yes,No,20.246019,2036
27,2038,No,6,9,No,No,34.741314,0
15,2035,No,5,9,No,Yes,21.217699,0
30,2035,No,6,11,Yes,Yes,24.911303,0
17,2040,No,6,11,No,No,29.186171,0
21,2032,No,4,10,No,Yes,29.995207,0
7,2037,No,5,16,No,No,16.803364,0
18,2035,No,5,13,No,Yes,28.874599,0
1,2035,Yes,6,9,No,Yes,24.482433,2034
38,2037,Yes,7,11,No,Yes,20.718517,2036
18,2038,No,5,11,No,Yes,27.549728,0
31,2034,No,3,10,Yes,No,32.910275,2038
19,2037,No,5,8,Yes,Yes,29.348925,0
9,2035,No,3,9,Yes,Yes,25.758461,0
34,2032,No,3,9,No,Yes,22.94104,2038
30,2038,No,6,11,No,Yes,18.114641,0
10,2034,No,6,19,No,Yes,19.460127,0
9,2040,No,3,9,Yes,Yes,24.791561,0
4,2034,No,5,19,Yes,Yes,19.232723,0
10,2038,No,6,9,Yes,Yes,31.625437,0
25,2039,No,5,9,No,No,20.466343,0
10,2033,No,6,9,Yes,Yes,18.608809,0
7,2034,No,5,16,No,Yes,30.992264,0
26,2034,No,4,19,Yes,Yes,28.201874,0
35,2040,Yes,3,17,Yes,Yes,19.507711,2038
38,2037,Yes,7,10,No,Yes,13.203897,2036
24,2040,No,5,10,No,Yes,24.846621,0
14,2039,No,5,7,Yes,No,23.708141,0
28,2037,No,3,7,Yes,Yes,25.422405,0
30,2035,No,6,7,Yes,Yes,25.37962,0
11,2035,No,7,12,No,Yes,18.092125,0
32,2040,Yes,3,9,Yes,Yes,25.903502,2038
20,2038,No,4,8,Yes,No,22.758656,0
39,2032,No,6,10,No,No,23.457951,2036
26,2037,No,4,10,Yes,Yes,29.233482,0
24,2040,No,5,9,Yes,No,32.418461,0
4,2039,No,5,12,Yes,Yes,23.458841,0
37,2032,No,6,12,No,Yes,25.749447,2036
3,2036,Yes,5,9,Yes,Yes,24.645929,2034
13,2038,No,3,8,No,No,23.679474,0
25,2032,No,5,12,No,Yes,26.518181,0
29,2033,No,3,8,No,No,32.694344,0
10,2034,No,6,11,Yes,No,33.427902,0
3,2036,Yes,5,9,No,Yes,17.944252,2034
1,2036,Yes,6,9,Yes,Yes,28.853039,2034
26,2037,No,4,15,No,Yes,26.899599,0
19,2037,No,5,10,Yes,No,23.018356,0
40,2036,Yes,4,9,No,Yes,14.572382,2036
33,2033,No,3,11,Yes,Yes,25.029564,2038
38,2040,Yes,7,15,Yes,Yes,26.382269,2036
5,2032,No,4,9,Yes,Yes,34.66288,0
21,2039,No,4,9,No,No,22.114761,0
36,2032,No,3,9,No,Yes,31.860191,2036
34,2040,Yes,3,7,No,Yes,29.619934,2038
13,2036,No,3,9,Yes,Yes,31.273346,0
39,2040,Yes,6,10,Yes,Yes,33.329807,2036
19,2037,No,5,9,Yes,Yes,27.704851,0
10,2038,No,6,13,Yes,No,28.745304,0
6,2039,No,6,9,No,No,25.878546,0
8,2038,No,4,7,Yes,No,24.449663,0
25,2040,No,5,9,Yes,Yes,25.371817,0
39,2033,No,6,7,Yes,Yes,30.760332,2036
37,2035,No,6,9,Yes,Yes,24.497585,2036
10,2033,No,6,9,No,Yes,30.645313,0
40,2039,Yes,4,9,No,Yes,29.645304,2036
16,2038,No,3,10,Yes,Yes,36.52898,0
31,2032,No,3,9,Yes,No,18.743856,2038
27,2032,No,6,9,Yes,No,32.882153,0
28,2037,No,3,11,Yes,Yes,29.17305,0
18,2036,No,5,9,No,No,19.345007,0
27,2034,No,6,7,No,No,32.516888,0
4,2034,No,5,12,Yes,No,31.948929,0
16,2032,No,3,7,No,No,22.994085,0
35,2039,Yes,3,12,No,Yes,16.742495,2038
24,2038,No,5,0,No,No,34.231747,0
32,2039,Yes,3,11,Yes,Yes,28.009064,2038
36,2033,No,3,7,No,No,28.925646,2036
12,2034,No,5,12,No,Yes,23.177238,0
30,2038,No,6,7,Yes,Yes,32.041397,0
19,2033,No,5,8,Yes,Yes,23.212706,0
31,2039,Yes,3,8,Yes,Yes,24.239683,2038
39,2038,Yes,6,9,Yes,Yes,24.626467,2036
3,2036,Yes,5,9,No,No,30.603832,2034
31,2038,Yes,3,9,No,No,27.61491,2038
12,2034,No,5,9,Yes,Yes,16.337666,0
9,2035,No,3,0,No,Yes,18.616117,0
9,2037,No,3,9,Yes,Yes,34.612503,0
37,2032,No,6,9,Yes,No,29.884995,2036
26,2034,No,4,9,Yes,Yes,20.664461,0
7,2032,No,5,9,No,Yes,20.790306,0
17,2040,No,6,12,Yes,Yes,27.247158,0
40,2037,Yes,4,9,Yes,Yes,20.906683,2036
34,2035,No,3,9,No,Yes,34.24292,2038
6,2037,No,6,10,Yes,Yes,22.717802,0
26,2034,No,4,9,Yes,Yes,30.083071,0
18,2034,No,5,9,No,No,30.88496,0
40,2038,Yes,4,19,No,Yes,21.822798,2036
17,2040,No,6,9,No,Yes,29.978409,0
7,2040,No,5,9,No,Yes,21.178106,0
6,2032,No,6,11,No,No,29.570171,0
6,2035,No,6,9,Yes,Yes,29.490217,0
25,2034,No,5,9,No,Yes,33.011047,0
26,2034,No,4,9,No,Yes,20.227848,0
27,2035,No,6,9,Yes,Yes,24.581154,0
28,2037,No,3,9,Yes,No,23.943708,0
25,2040,No,5,11,No,Yes,20.468761,0
7,2040,No,5,11,No,Yes,29.278784,0
15,2033,No,5,9,Yes,No,34.009636,0
23,2039,No,2,9,No,No,22.106569,0
19,2040,No,5,16,Yes,Yes,22.801163,0
3,2036,Yes,5,9,Yes,Yes,21.604406,2034
31,2034,No,3,11,Yes,Yes,21.68125,2038
19,2034,No,5,9,Yes,No,26.71031,0
6,2038,No,6,11,No,No,29.834232,0
11,2035,No,7,8,No,Yes,24.173435,0
8,2039,No,4,9,Yes,Yes,31.154013,0
26,2035,No,4,14,No,No,29.581898,0
32,2032,No,3,8,No,No,23.353441,2038
19,2035,No,5,8,No,No,26.452864,0
32,2033,No,3,10,Yes,Yes,21.823866,2038
23,2032,No,2,15,Yes,Yes,23.25588,0
16,2039,No,3,9,No,Yes,28.068426,0
5,2037,No,4,12,No,Yes,18.13031,0
20,2037,No,4,10,Yes,Yes,25.651907,0
5,2033,No,4,9,Yes,Yes,23.421818,0
20,2037,No,4,9,No,No,20.7064,0
15,2033,No,5,18,Yes,Yes,23.750919,0
7,2036,No,5,9,Yes,Yes,33.624794,0
6,2038,No,6,10,Yes,No,30.903044,0
1,2035,Yes,6,9,Yes,No,32.698906,2034
5,2040,No,4,8,No,No,29.845882,0
18,2038,No,5,19,Yes,Yes,16.484388,0
26,2036,No,4,10,Yes,Yes,24.756836,0
15,2035,No,5,8,Yes,No,30.642305,0
18,2033,No,5,9,No,No,27.481716,0
5,2040,No,4,9,Yes,No,32.005371,0
6,2040,No,6,9,Yes,Yes,18.361406,0
14,2036,No,5,10,No,Yes,18.936804,0
7,2035,No,5,9,No,Yes,24.830521,0
25,2038,No,5,0,No,No,30.702438,0
39,2037,Yes,6,9,Yes,Yes,27.81703,2036
1,2033,No,6,10,No,Yes,28.181936,2034
31,2039,Yes,3,8,No,Yes,26.882896,2038
8,2038,No,4,10,No,No,28.217735,0
26,2039,No,4,10,No,No,20.44665,0
29,2034,No,3,9,No,Yes,26.528051,0
7,2034,No,5,8,No,Yes,19.767466,0
17,2035,No,6,9,Yes,No,21.827328,0
26,2040,No,4,11,No,Yes,21.328737,0
35,2037,No,3,10,No,No,23.178038,2038
14,2036,No,5,9,No,Yes,25.0193,0
26,2040,No,4,9,No,No,23.494392,0
21,2034,No,4,0,No,No,34.327835,0
2,2032,No,6,7,No,Yes,31.907469,2034
6,2032,No,6,9,Yes,No,20.182144,0
21,2037,No,4,9,No,Yes,17.481653,0
14,2032,No,5,7,No,No,27.070213,0
22,2035,No,5,9,Yes,No,25.23678,0
39,2034,No,6,11,No,Yes,25.70771,2036
6,2034,No,6,9,Yes,Yes,22.877384,0
32,2033,No,3,12,No,Yes,30.734592,2038
26,2038,No,4,12,No,Yes,18.815956,0
17,2038,No,6,13,No,Yes,19.582821,0
2,2036,Yes,6,12,Yes,Yes,23.307959,2034
21,2040,No,4,9,No,No,32.692612,0
1,2034,Yes,6,10,Yes,No,24.563913,2034
40,2032,No,4,8,No,Yes,29.190784,2036
10,2039,No,6,12,Yes,No,23.669609,0
38,2038,Yes,7,8,No,Yes,29.191067,2036
23,2032,No,2,13,No,Yes,27.849878,0
28,2035,No,3,11,Yes,No,21.199915,0
19,2034,No,5,11,Yes,No,24.465395,0
30,2039,No,6,9,No,Yes,25.359745,0
38,2032,No,7,12,Yes,Yes,31.272537,2036
3,2033,No,5,12,No,Yes,24.244999,2034
7,2035,No,5,18,Yes,No,21.322369,0
27,2032,No,6,13,Yes,Yes,21.011122,0
25,2039,No,5,9,No,No,21.665207,0
2,2040,Yes,6,9,No,Yes,27.451004,2034
40,2034,No,4,8,Yes,Yes,36.916943,2036
31,2033,No,3,10,No,Yes,24.162714,2038
20,2038,No,4,9,No,Yes,24.756744,0
19,2037,No,5,9,Yes,No,32.799381,0
4,2036,No,5,10,No,No,31.215282,0
27,2039,No,6,10,Yes,Yes,31.38047,0
23,2036,No,2,10,Yes,Yes,15.786914,0
12,2033,No,5,9,No,Yes,30.481979,0
39,2039,Yes,6,10,Yes,Yes,27.41608,2036
14,2037,No,5,9,Yes,Yes,22.83235,0
31,2036,No,3,9,No,Yes,26.061609,2038
1,2035,Yes,6,13,Yes,No,19.985296,2034
1,2040,Yes,6,18,No,Yes,24.406717,2034
19,2038,No,5,12,No,No,24.097919,0
15,2037,No,5,15,Yes,Yes,17.675076,0
4,2033,No,5,18,No,Yes,20.981855,0
33,2036,No,3,10,Yes,Yes,22.050301,2038
5,2034,No,4,12,Yes,No,31.791235,0
23,2033,No,2,8,No,Yes,24.014931,0
20,2032,No,4,8,Yes,Yes,25.739902,0
5,2032,No,4,12,Yes,Yes,20.855005,0
18,2034,No,5,12,Yes,No,28.517326,0
26,2032,No,4,10,No,No,25.852646,0
35,2035,No,3,12,Yes,No,23.988056,2038
2,2034,Yes,6,12,Yes,Yes,23.628433,2034
37,2038,Yes,6,11,Yes,Yes,20.39724,2036
15,2032,No,5,13,Yes,Yes,23.355947,0
11,2038,No,7,9,Yes,Yes,23.052633,0
40,2036,Yes,4,0,No,No,24.418673,2036
14,2034,No,5,11,Yes,No,28.196285,0
39,2033,No,6,9,No,Yes,22.758654,2036
26,2038,No,4,8,No,Yes,26.205381,0
16,2040,No,3,9,Yes,Yes,31.26362,0
11,2038,No,7,8,No,Yes,27.750984,0
32,2035,No,3,11,No,Yes,32.656818,2038
22,2033,No,5,11,No,Yes,30.551424,0
17,2036,No,6,11,Yes,No,21.715448,0
17,2040,No,6,11,No,Yes,22.852451,0
33,2037,No,3,9,No,Yes,17.994524,2038
19,2034,No,5,9,No,Yes,16.568523,0
10,2033,No,6,8,No,Yes,18.349792,0
9,2038,No,3,8,Yes,Yes,21.007248,0
34,2038,Yes,3,10,Yes,No,17.41468,2038
8,2038,No,4,9,Yes,No,28.426336,0
4,2038,No,5,10,No,Yes,22.334251,0
8,2034,No,4,8,No,No,30.624334,0
40,2034,No,4,9,Yes,Yes,20.474829,2036
7,2033,No,5,17,No,Yes,27.553749,0
31,2034,No,3,18,Yes,Yes,20.603132,2038
13,2035,No,3,10,No,Yes,27.511162,0
26,2033,No,4,9,No,Yes,24.482668,0
33,2038,Yes,3,11,Yes,No,17.917902,2038
2,2036,Yes,6,12,Yes,Yes,25.676395,2034
29,2038,No,3,12,Yes,No,20.058311,0
3,2033,No,5,9,Yes,No,31.951902,2034
38,2034,No,7,9,Yes,No,32.592991,2036
5,2032,No,4,7,No,Yes,32.762207,0
32,2033,No,3,9,No,Yes,19.743055,2038
34,2040,Yes,3,9,Yes,Yes,22.377926,2038
19,2038,No,5,10,No,Yes,21.30752,0
1,2040,Yes,6,9,Yes,Yes,23.064131,2034
30,2038,No,6,9,No,No,26.375181,0
27,2036,No,6,12,No,No,27.322933,0
34,2033,No,3,13,Yes,Yes,22.129938,2038
4,2039,No,5,8,Yes,No,32.158623,0
21,2035,No,4,7,No,No,18.112562,0
10,2034,No,6,8,Yes,Yes,24.172276,0
4,2038,No,5,10,Yes,Yes,17.356998,0
4,2036,No,5,9,Yes,Yes,25.935438,0
30,2034,No,6,18,No,Yes,31.965193,0
34,2040,Yes,3,1,Yes,No,26.160143,2038
12,2034,No,5,9,Yes,No,25.99777,0
7,2034,No,5,9,No,Yes,17.930441,0
22,2035,No,5,12,Yes,Yes,21.350098,0
12,2040,No,5,12,Yes,No,24.443115,0
35,2039,Yes,3,8,Yes,No,35.060814,2038
16,2039,No,3,10,Yes,No,31.787086,0
21,2039,No,4,9,No,Yes,23.128241,0
22,2033,No,5,9,Yes,Yes,19.774632,0
22,2035,No,5,12,Yes,No,27.114614,0
28,2037,No,3,9,No,No,19.040974,0
37,2036,Yes,6,9,Yes,No,25.109022,2036
10,2037,No,6,8,No,Yes,26.189177,0
20,2037,No,4,11,No,Yes,16.202332,0
8,2037,No,4,7,Yes,Yes,25.337917,0
16,2039,No,3,9,No,Yes,32.484184,0
33,2035,No,3,9,Yes,Yes,23.420635,2038
9,2032,No,3,10,Yes,Yes,26.052525,0
13,2040,No,3,10,No,Yes,30.317842,0
6,2033,No,6,9,No,Yes,24.800602,0
29,2034,No,3,14,No,Yes,17.763754,0
12,2033,No,5,9,Yes,Yes,27.767365,0
25,2034,No,5,17,Yes,Yes,30.545145,0
19,2036,No,5,9,No,Yes,28.554178,0
32,2034,No,3,12,Yes,No,26.033398,2038
36,2038,Yes,3,9,No,No,19.084259,2036
27,2034,No,6,9,No,No,30.922579,0
34,2032,No,3,10,No,Yes,20.487665,2038
21,2037,No,4,9,Yes,Yes,25.166504,0
40,2038,Yes,4,11,No,Yes,21.935802,2036
30,2036,No,6,11,Yes,Yes,21.49494,0
25,2037,No,5,10,Yes,Yes,27.1099,0
17,2037,No,6,9,No,Yes,28.992474,0
4,2032,No,5,10,Yes,Yes,28.499205,0
33,2035,No,3,10,No,Yes,30.014605,2038
1,2040,Yes,6,8,No,Yes,29.282568,2034
8,2032,No,4,16,No,Yes,20.425167,0
28,2034,No,3,7,No,No,30.422199,0
11,2033,No,7,8,Yes,Yes,21.526827,0
18,2032,No,5,7,Yes,Yes,29.888777,0
7,2039,No,5,9,No,Yes,23.176428,0
1,2037,Yes,6,9,Yes,Yes,26.929598,2034
7,2040,No,5,9,No,Yes,18.441904,0
40,2038,Yes,4,8,Yes,Yes,26.248184,2036
38,2040,Yes,7,7,No,Yes,29.43825,2036
32,2038,Yes,3,10,Yes,Yes,27.195795,2038
17,2032,No,6,12,No,No,23.669132,0
16,2037,No,3,8,No,No,22.407856,0
8,2034,No,4,7,No,No,31.643524,0
18,2035,No,5,19,No,Yes,20.77039,0
5,2036,No,4,11,Yes,No,18.941042,0
7,2035,No,5,9,Yes,Yes,21.564363,0
23,2036,No,2,13,Yes,No,26.231432,0
9,2037,No,3,11,Yes,Yes,26.368126,0
37,2037,Yes,6,9,Yes,No,22.891518,2036
38,2040,Yes,7,0,Yes,Yes,27.242718,2036
30,2037,No,6,9,No,No,32.660892,0
4,2038,No,5,9,Yes,Yes,20.074959,0
16,2039,No,3,9,No,No,32.979305,0
35,2033,No,3,9,Yes,No,32.114471,2038
17,2035,No,6,8,No,Yes,28.441565,0
30,2032,No,6,18,No,No,28.693678,0
15,2038,No,5,10,No,Yes,27.483879,0
17,2033,No,6,12,No,Yes,18.196033,0
30,2040,No,6,9,No,No,28.076336,0
7,2040,No,5,9,No,Yes,21.337746,0
15,2032,No,5,9,No,Yes,22.482779,0
17,2036,No,6,8,Yes,Yes,30.919357,0
38,2036,Yes,7,9,Yes,Yes,28.296692,2036
37,2035,No,6,9,Yes,Yes,27.303598,2036
13,2036,No,3,8,No,Yes,17.970427,0
21,2034,No,4,9,Yes,Yes,28.44523,0
13,2038,No,3,9,Yes,No,26.283991,0
28,2035,No,3,8,No,No,17.12649,0
19,2036,No,5,9,No,Yes,28.33959,0
19,2033,No,5,9,No,No,28.296543,0
20,2035,No,4,8,No,Yes,22.815519,0
16,2034,No,3,9,No,Yes,29.655914,0
35,2036,No,3,9,No,Yes,15.927217,2038
20,2036,No,4,9,Yes,Yes,21.798368,0
12,2033,No,5,7,Yes,Yes,19.845833,0
32,2034,No,3,11,Yes,Yes,22.465096,2038
35,2037,No,3,10,Yes,Yes,27.810858,2038
16,2036,No,3,10,Yes,No,29.928703,0
34,2032,No,3,9,No,Yes,29.781643,2038
23,2039,No,2,7,Yes,Yes,19.722918,0
34,2040,Yes,3,9,Yes,No,31.991854,2038
37,2036,Yes,6,9,Yes,No,26.595064,2036
29,2038,No,3,9,Yes,Yes,27.825113,0
14,2032,No,5,9,Yes,No,22.16967,0
1,2034,Yes,6,8,Yes,Yes,18.38735,2034
6,2035,No,6,9,Yes,Yes,23.73954,0
2,2033,No,6,7,Yes,No,34.638435,2034
3,2032,No,5,10,No,Yes,17.668444,2034
40,2039,Yes,4,9,Yes,Yes,18.967091,2036
23,2033,No,2,9,Yes,Yes,28.270903,0
11,2034,No,7,8,Yes,No,20.463678,0
26,2034,No,4,19,Yes,Yes,17.945967,0
5,2037,No,4,9,No,No,26.164099,0
39,2040,Yes,6,9,Yes,Yes,28.826845,2036
30,2033,No,6,7,No,Yes,25.357897,0
36,2039,Yes,3,13,No,Yes,19.032627,2036
31,2035,No,3,7,Yes,Yes,18.472948,2038
12,2034,No,5,12,No,No,29.159126,0
1,2038,Yes,6,10,Yes,Yes,18.56501,2034
27,2034,No,6,9,Yes,No,32.102116,0
34,2040,Yes,3,9,Yes,Yes,28.108574,2038
5,2032,No,4,9,No,Yes,22.785688,0
8,2038,No,4,14,Yes,No,24.937506,0
11,2033,No,7,7,No,No,25.324995,0
11,2036,No,7,11,No,Yes,25.083902,0
7,2032,No,5,9,No,Yes,28.391512,0
32,2036,No,3,19,Yes,Yes,24.698084,2038
40,2037,Yes,4,9,No,Yes,21.884035,2036
37,2034,No,6,9,No,Yes,31.066725,2036
2,2032,No,6,9,Yes,Yes,28.168139,2034
33,2038,Yes,3,9,No,Yes,21.753897,2038
5,2034,No,4,8,No,No,26.82551,0
6,2032,No,6,9,No,Yes,19.185249,0
5,2040,No,4,11,Yes,No,24.809958,0
26,2036,No,4,13,Yes,Yes,27.380529,0
22,2038,No,5,9,No,No,23.406242,0
19,2037,No,5,9,Yes,No,30.013626,0
3,2032,No,5,8,No,Yes,25.329002,2034
5,2035,No,4,12,No,Yes,26.784016,0
18,2032,No,5,9,No,No,23.267544,0
27,2033,No,6,9,Yes,No,20.705536,0
36,2035,No,3,10,Yes,Yes,18.673878,2036
38,2039,Yes,7,9,No,No,29.860851,2036
21,2035,No,4,10,Yes,Yes,27.6772,0
25,2039,No,5,8,Yes,No,26.216679,0
34,2037,No,3,10,Yes,Yes,32.046383,2038
35,2038,Yes,3,18,No,No,24.098974,2038
3,2038,Yes,5,11,No,Yes,10.453587,2034
1,2035,Yes,6,9,No,Yes,27.967281,2034
1,2034,Yes,6,9,No,No,18.342503,2034
20,2034,No,4,13,Yes,No,29.586359,0
8,2035,No,4,11,No,Yes,33.196026,0
17,2036,No,6,9,Yes,Yes,31.614635,0
22,2032,No,5,9,Yes,No,26.858795,0
30,2036,No,6,10,No,Yes,23.872681,0
36,2040,Yes,3,9,Yes,No,28.014702,2036
26,2035,No,4,16,No,Yes,22.605164,0
22,2038,No,5,12,No,Yes,19.421669,0
8,2037,No,4,8,Yes,Yes,18.988129,0
40,2034,No,4,7,No,Yes,20.900225,2036
3,2032,No,5,10,Yes,Yes,29.913998,2034
26,2032,No,4,9,Yes,Yes,23.89196,0
2,2033,No,6,9,No,No,30.413067,2034
26,2036,No,4,10,Yes,Yes,24.944187,0
25,2038,No,5,9,Yes,Yes,26.168079,0
9,2033,No,3,9,No,Yes,36.214905,0
1,2033,No,6,8,Yes,Yes,24.771879,2034
6,2033,No,6,9,Yes,Yes,30.988089,0
8,2039,No,4,10,No,No,24.493078,0
30,2033,No,6,12,Yes,Yes,25.071058,0
10,2039,No,6,9,No,Yes,17.302105,0
2,2037,Yes,6,7,No,No,13.651856,2034
22,2035,No,5,12,Yes,Yes,28.041328,0
40,2037,Yes,4,11,Yes,No,26.44738,2036
32,2037,No,3,10,No,Yes,17.165815,2038
25,2038,No,5,10,No,Yes,28.571142,0
1,2034,Yes,6,10,No,Yes,21.205076,2034
3,2037,Yes,5,18,No,Yes,24.70303,2034
40,2040,Yes,4,9,Yes,Yes,28.543055,2036
4,2033,No,5,9,Yes,Yes,26.204859,0
32,2034,No,3,9,No,No,29.530182,2038
35,2035,No,3,10,No,Yes,22.360437,2038
36,2032,No,3,10,Yes,Yes,29.788872,2036
9,2034,No,3,7,Yes,Yes,36.28038,0
20,2037,No,4,11,Yes,No,31.86648,0
38,2036,Yes,7,6,No,Yes,20.693121,2036
39,2038,Yes,6,9,No,No,18.165806,2036
39,2032,No,6,9,Yes,Yes,28.317574,2036
35,2034,No,3,10,Yes,No,26.364277,2038
3,2036,Yes,5,10,No,No,30.614851,2034
10,2034,No,6,0,No,Yes,20.516531,0
16,2032,No,3,8,No,Yes,21.547617,0
11,2039,No,7,8,Yes,Yes,24.192905,0
35,2039,Yes,3,9,No,Yes,28.122553,2038
7,2034,No,5,7,No,Yes,29.749907,0
18,2032,No,5,13,No,Yes,32.294464,0
25,2035,No,5,9,Yes,Yes,26.699486,0
6,2036,No,6,12,Yes,Yes,33.773056,0
33,2032,No,3,8,No,Yes,20.502817,2038
26,2040,No,4,8,Yes,Yes,27.661282,0
38,2040,Yes,7,10,No,Yes,21.777828,2036
13,2038,No,3,12,No,No,22.541452,0
36,2038,Yes,3,9,No,Yes,17.784155,2036
38,2033,No,7,12,No,No,25.917103,2036
25,2037,No,5,9,Yes,Yes,28.704073,0
20,2037,No,4,8,Yes,Yes,19.683395,0
29,2037,No,3,18,No,No,32.018024,0
5,2033,No,4,9,Yes,Yes,24.953451,0
2,2032,No,6,10,Yes,Yes,25.653873,2034
33,2040,Yes,3,9,No,Yes,29.176325,2038
6,2035,No,6,8,Yes,Yes,22.063356,0
12,2037,No,5,10,Yes,No,28.527878,0
2,2033,No,6,12,Yes,Yes,25.664356,2034
21,2039,No,4,8,No,Yes,31.757271,0
16,2033,No,3,18,No,No,26.64908,0
10,2040,No,6,9,Yes,No,35.234386,0
29,2037,No,3,11,Yes,Yes,30.841423,0
12,2039,No,5,9,Yes,Yes,28.169462,0
1,2037,Yes,6,17,No,Yes,26.241028,2034
16,2040,No,3,9,Yes,Yes,27.441671,0
12,2032,No,5,10,Yes,Yes,31.790064,0
13,2032,No,3,10,No,No,17.921257,0
2,2033,No,6,9,Yes,Yes,31.070135,2034
32,2035,No,3,12,No,Yes,27.766899,2038
38,2039,Yes,7,9,Yes,No,32.26038,2036
35,2033,No,3,10,Yes,Yes,21.490913,2038
14,2037,No,5,9,Yes,Yes,31.503197,0
17,2035,No,6,12,Yes,Yes,20.906879,0
4,2034,No,5,11,No,Yes,28.395689,0
7,2033,No,5,10,No,No,23.735725,0
34,2032,No,3,9,No,No,30.101454,2038
16,2037,No,3,11,Yes,No,33.297737,0
16,2040,No,3,8,No,Yes,29.164778,0
36,2032,No,3,13,No,Yes,23.078907,2036
33,2033,No,3,9,Yes,Yes,25.866781,2038
19,2035,No,5,9,Yes,No,31.238495,0
24,2032,No,5,9,No,Yes,26.498131,0
12,2033,No,5,8,Yes,Yes,21.989685,0
9,2040,No,3,12,Yes,No,29.280949,0
1,2034,Yes,6,19,No,Yes,29.2094,2034
24,2032,No,5,9,Yes,Yes,20.940971,0
15,2036,No,5,12,Yes,No,30.417912,0
39,2035,No,6,9,No,Yes,24.296986,2036
8,2035,No,4,9,Yes,Yes,17.048115,0
30,2040,No,6,9,No,No,17.502979,0
3,2035,Yes,5,9,No,Yes,22.048685,2034
25,2038,No,5,14,Yes,No,21.805643,0
10,2040,No,6,0,Yes,Yes,29.866844,0
27,2039,No,6,9,Yes,No,18.561359,0
5,2032,No,4,9,No,Yes,26.852613,0
29,2033,No,3,7,No,Yes,25.95821,0
7,2036,No,5,11,No,No,29.335154,0
17,2038,No,6,0,No,Yes,18.997952,0
21,2032,No,4,8,No,Yes,28.212423,0
12,2036,No,5,9,Yes,Yes,21.4405,0
28,2036,No,3,8,No,Yes,20.608152,0
26,2037,No,4,10,Yes,Yes,29.524458,0
28,2032,No,3,10,Yes,No,33.32814,0
31,2037,No,3,13,No,Yes,30.273888,2038
28,2036,No,3,9,No,Yes,24.152832,0
38,2036,Yes,7,8,Yes,Yes,20.507526,2036
38,2036,Yes,7,11,No,Yes,21.752342,2036
31,2036,No,3,8,No,Yes,24.81315,2038
4,2032,No,5,8,Yes,Yes,18.756821,0
34,2040,Yes,3,9,Yes,Yes,26.484133,2038
37,2037,Yes,6,11,Yes,No,28.040539,2036
23,2033,No,2,9,No,No,25.526312,0
39,2036,Yes,6,9,No,Yes,20.020445,2036
37,2038,Yes,6,10,No,Yes,23.931026,2036
30,2037,No,6,12,No,No,24.726427,0
22,2040,No,5,9,No,No,29.517555,0
37,2038,Yes,6,14,Yes,No,30.474216,2036
17,2038,No,6,13,No,Yes,26.752962,0
21,2039,No,4,7,No,Yes,26.735027,0
40,2039,Yes,4,9,Yes,Yes,32.558334,2036
16,2039,No,3,9,Yes,Yes,21.952364,0
24,2036,No,5,12,No,Yes,35.612995,0
26,2037,No,4,8,No,Yes,31.791895,0
12,2040,No,5,7,No,Yes,18.680307,0
13,2035,No,3,9,No,Yes,32.507393,0
33,2033,No,3,8,No,No,18.559067,2038
1,2035,Yes,6,11,Yes,No,27.717333,2034
35,2038,Yes,3,9,No,Yes,18.361662,2038
33,2036,No,3,9,No,Yes,28.722155,2038
30,2039,No,6,12,Yes,Yes,19.659079,0
18,2040,No,5,7,Yes,Yes,19.888634,0
9,2040,No,3,9,Yes,No,25.529108,0
25,2039,No,5,9,Yes,No,17.526173,0
11,2036,No,7,10,No,Yes,14.53923,0
37,2038,Yes,6,9,Yes,Yes,20.942539,2036
34,2032,No,3,9,No,No,34.210785,2038
33,2033,No,3,9,Yes,Yes,21.613171,2038
3,2034,Yes,5,10,No,No,16.987427,2034
38,2037,Yes,7,9,Yes,Yes,27.633965,2036
7,2038,No,5,10,No,No,21.849838,0
39,2033,No,6,12,No,Yes,24.752235,2036
31,2036,No,3,13,Yes,No,20.00186,2038
5,2039,No,4,9,No,Yes,26.523258,0
1,2037,Yes,6,8,Yes,No,18.916922,2034
10,2037,No,6,13,No,Yes,26.632,0
2,2038,Yes,6,12,Yes,No,17.371294,2034
30,2039,No,6,9,Yes,No,28.080236,0
11,2032,No,7,8,Yes,Yes,30.988424,0
24,2032,No,5,9,Yes,Yes,22.915537,0
31,2035,No,3,9,Yes,No,28.511557,2038
30,2037,No,6,8,Yes,Yes,31.518497,0
1,2032,No,6,12,Yes,Yes,23.203608,2034
23,2036,No,2,9,No,No,19.214491,0
9,2034,No,3,7,Yes,Yes,29.169144,0
16,2038,No,3,8,No,Yes,18.260925,0
13,2032,No,3,12,Yes,Yes,29.2579,0
15,2040,No,5,9,No,No,34.100765,0
34,2038,Yes,3,12,Yes,No,24.431183,2038
35,2036,No,3,17,No,Yes,16.676159,2038
33,2032,No,3,9,Yes,No,30.16326,2038
35,2033,No,3,9,No,No,26.405872,2038
19,2033,No,5,10,No,Yes,16.460489,0
17,2035,No,6,10,Yes,Yes,23.825468,0
1,2037,Yes,6,9,No,Yes,22.115549,2034
19,2036,No,5,9,No,Yes,25.412943,0
13,2035,No,3,9,No,No,29.891178,0
24,2033,No,5,7,Yes,No,24.251007,0
19,2036,No,5,9,Yes,Yes,22.869362,0
1,2039,Yes,6,13,Yes,Yes,16.288109,2034
14,2038,No,5,12,No,Yes,17.073753,0
7,2034,No,5,9,Yes,Yes,34.115452,0
11,2037,No,7,0,No,No,27.059332,0
18,2036,No,5,9,No,Yes,29.7812,0
11,2040,No,7,18,No,Yes,31.86175,0
7,2038,No,5,9,Yes,Yes,34.549137,0
21,2035,No,4,9,No,No,29.110767,0
11,2036,No,7,8,Yes,No,17.73274,0
8,2035,No,4,10,No,Yes,24.566395,0
12,2035,No,5,9,Yes,Yes,23.555742,0
27,2035,No,6,9,No,Yes,27.302765,0
1,2037,Yes,6,7,Yes,Yes,27.686024,2034
30,2039,No,6,10,Yes,No,33.293468,0
17,2038,No,6,9,Yes,Yes,28.677031,0
17,2040,No,6,9,Yes,Yes,33.056473,0
29,2035,No,3,8,No,Yes,25.987986,0
26,2040,No,4,9,Yes,No,32.855,0
24,2034,No,5,10,Yes,Yes,30.27529,0
29,2037,No,3,9,Yes,Yes,31.872791,0
3,2034,Yes,5,10,No,Yes,20.05316,2034
15,2034,No,5,10,Yes,Yes,29.838383,0
4,2040,No,5,9,No,Yes,27.957392,0
26,2032,No,4,13,Yes,Yes,30.29516,0
30,2033,No,6,9,No,Yes,16.216259,0
22,2037,No,5,19,No,No,22.004444,0
24,2039,No,5,9,Yes,No,20.305794,0
38,2033,No,7,9,Yes,Yes,37.53545,2036
22,2033,No,5,8,No,No,35.491318,0
1,2038,Yes,6,8,No,No,15.296075,2034
22,2034,No,5,9,Yes,No,28.863029,0
9,2032,No,3,9,No,No,25.44512,0
18,2038,No,5,8,Yes,Yes,32.706867,0
24,2036,No,5,8,No,Yes,22.168968,0
32,2038,Yes,3,7,Yes,No,21.357409,2038
13,2040,No,3,10,No,Yes,24.460365,0
33,2036,No,3,9,No,Yes,29.883955,2038
5,2038,No,4,19,No,Yes,31.032549,0
20,2035,No,4,12,Yes,No,27.301056,0
12,2032,No,5,10,No,Yes,25.560953,0
28,2039,No,3,9,No,No,29.718279,0
31,2032,No,3,10,No,Yes,27.830383,2038
2,2035,Yes,6,0,No,Yes,22.271032,2034
37,2033,No,6,11,No,Yes,18.090843,2036
40,2035,No,4,9,No,No,32.030071,2036
14,2032,No,5,11,No,No,24.000549,0
3,2033,No,5,9,No,Yes,30.823828,2034
32,2034,No,3,8,No,Yes,21.702497,2038
27,2034,No,6,8,Yes,Yes,22.709841,0
37,2039,Yes,6,9,No,Yes,23.039913,2036
18,2036,No,5,12,Yes,Yes,20.945866,0
37,2040,Yes,6,9,No,No,24.638239,2036
16,2033,No,3,10,Yes,Yes,20.216702,0
22,2036,No,5,10,Yes,Yes,30.700466,0
6,2039,No,6,9,Yes,Yes,24.380234,0
28,2036,No,3,10,Yes,Yes,20.440258,0
26,2038,No,4,9,No,No,16.909418,0
18,2033,No,5,13,No,No,25.52508,0
30,2040,No,6,9,No,Yes,22.620777,0
40,2033,No,4,9,No,Yes,19.570309,2036
34,2036,No,3,18,Yes,Yes,29.372463,2038
27,2037,No,6,9,No,Yes,24.712294,0
28,2036,No,3,11,Yes,Yes,21.828508,0
13,2033,No,3,10,Yes,Yes,28.741587,0
3,2032,No,5,13,Yes,Yes,26.133326,2034
27,2032,No,6,9,No,Yes,22.973202,0
14,2037,No,5,9,No,Yes,28.896864,0
10,2040,No,6,19,No,No,22.751785,0
10,2033,No,6,8,No,Yes,19.681372,0
33,2035,No,3,11,No,Yes,20.11134,2038
28,2039,No,3,10,No,Yes,25.113312,0
28,2036,No,3,11,Yes,Yes,24.863682,0
5,2033,No,4,12,No,No,28.171602,0
26,2033,No,4,0,No,No,24.688713,0
7,2040,No,5,10,Yes,No,23.453739,0
36,2035,No,3,12,Yes,Yes,25.643595,2036
6,2037,No,6,7,No,Yes,27.451757,0
28,2035,No,3,7,No,Yes,27.676086,0
17,2037,No,6,10,Yes,Yes,22.756708,0
31,2036,No,3,9,No,No,28.312969,2038
5,2040,No,4,12,No,Yes,28.530127,0
13,2039,No,3,8,Yes,No,20.962088,0
38,2034,No,7,9,Yes,Yes,28.339083,2036
26,2034,No,4,11,No,No,20.135687,0
23,2033,No,2,9,No,Yes,29.845634,0
37,2032,No,6,9,Yes,No,26.963732,2036
8,2032,No,4,10,Yes,Yes,34.573353,0
24,2038,No,5,9,No,No,28.167591,0
12,2033,No,5,9,Yes,Yes,22.607502,0
15,2039,No,5,9,Yes,No,33.076637,0
10,2038,No,6,8,Yes,Yes,23.445951,0
21,2040,No,4,9,Yes,Yes,22.23008,0
23,2037,No,2,9,No,Yes,31.161898,0
11,2040,No,7,10,Yes,Yes,23.253378,0
5,2038,No,4,9,No,No,25.220661,0
39,2038,Yes,6,9,No,Yes,23.340187,2036
4,2034,No,5,9,Yes,Yes,29.273918,0
15,2035,No,5,9,Yes,Yes,22.889854,0
15,2035,No,5,19,Yes,Yes,25.931664,0
40,2038,Yes,4,12,No,No,18.803591,2036
14,2032,No,5,8,No,Yes,23.148869,0
17,2039,No,6,7,No,No,20.754662,0
17,2035,No,6,9,Yes,Yes,30.015373,0
11,2040,No,7,10,No,Yes,26.656569,0
14,2033,No,5,10,Yes,No,16.241701,0
38,2035,No,7,5,Yes,Yes,29.119539,2036
39,2034,No,6,9,Yes,Yes,23.897238,2036
28,2034,No,3,13,No,No,17.685949,0
9,2036,No,3,9,Yes,No,27.20643,0
23,2039,No,2,11,No,Yes,28.387007,0
3,2034,Yes,5,9,Yes,No,32.364445,2034
37,2033,No,6,17,Yes,Yes,27.366102,2036
3,2033,No,5,9,No,Yes,21.769804,2034
20,2040,No,4,10,Yes,Yes,27.441051,0
36,2039,Yes,3,17,Yes,No,25.876066,2036
4,2035,No,5,9,Yes,Yes,30.39415,0
28,2039,No,3,10,Yes,Yes,24.545984,0
2,2040,Yes,6,9,Yes,Yes,31.545343,2034
9,2034,No,3,9,Yes,No,32.072784,0
10,2039,No,6,10,Yes,No,28.19404,0
15,2040,No,5,10,Yes,Yes,25.553095,0
25,2034,No,5,9,No,No,32.064632,0
37,2037,Yes,6,10,Yes,No,20.232996,2036
27,2038,No,6,9,Yes,Yes,21.931133,0
7,2036,No,5,9,Yes,Yes,25.905378,0
11,2035,No,7,12,No,Yes,31.864826,0
15,2037,No,5,11,Yes,Yes,33.417236,0
11,2036,No,7,10,No,Yes,32.239609,0
4,2034,No,5,10,Yes,Yes,21.570183,0
7,2040,No,5,8,No,No,29.028385,0
33,2036,No,3,9,Yes,Yes,22.620192,2038
10,2032,No,6,9,Yes,Yes,23.367935,0
19,2038,No,5,3,Yes,Yes,20.029552,0
25,2037,No,5,9,No,Yes,31.163195,0
35,2040,Yes,3,13,No,No,24.254765,2038
29,2032,No,3,9,No,Yes,31.386496,0
2,2035,Yes,6,9,No,Yes,16.658087,2034
23,2035,No,2,8,No,Yes,19.426065,0
28,2040,No,3,10,No,Yes,21.982035,0
13,2037,No,3,9,No,Yes,21.188995,0
16,2034,No,3,10,No,Yes,24.935366,0
36,2038,Yes,3,13,Yes,Yes,17.648355,2036
20,2037,No,4,12,Yes,No,22.618254,0
18,2033,No,5,9,Yes,Yes,31.456423,0
1,2039,Yes,6,9,Yes,Yes,22.004181,2034
7,2032,No,5,9,Yes,Yes,23.838108,0
19,2040,No,5,9,Yes,No,19.761621,0
37,2038,Yes,6,9,No,Yes,26.274036,2036
22,2038,No,5,18,Yes,Yes,32.585762,0
35,2038,Yes,3,9,Yes,Yes,20.023935,2038
6,2036,No,6,9,No,Yes,31.240454,0
8,2036,No,4,12,No,No,25.050255,0
20,2033,No,4,10,Yes,No,27.454674,0
16,2036,No,3,8,Yes,No,24.817783,0
21,2038,No,4,7,No,Yes,24.102299,0
23,2037,No,2,9,Yes,Yes,20.246672,0
35,2038,Yes,3,7,Yes,Yes,22.250446,2038
4,2039,No,5,7,Yes,No,27.037888,0
3,2035,Yes,5,8,Yes,No,28.053879,2034
36,2034,No,3,11,Yes,Yes,23.265841,2036
19,2035,No,5,10,No,Yes,33.175491,0
6,2039,No,6,9,Yes,Yes,24.342741,0
25,2035,No,5,10,No,Yes,25.414549,0
27,2040,No,6,11,No,Yes,24.717693,0
29,2037,No,3,9,Yes,Yes,24.826954,0
9,2034,No,3,8,No,Yes,19.993332,0
7,2033,No,5,10,No,No,30.688553,0
29,2039,No,3,9,Yes,No,25.893286,0
2,2037,Yes,6,18,Yes,No,22.078897,2034
9,2036,No,3,9,No,No,33.109734,0
18,2039,No,5,12,Yes,No,24.780624,0
5,2036,No,4,8,Yes,Yes,29.290449,0
3,2032,No,5,9,Yes,Yes,31.949387,2034
10,2032,No,6,12,No,No,30.297974,0
30,2035,No,6,9,No,Yes,22.917459,0
1,2032,No,6,10,Yes,Yes,29.166267,2034
39,2040,Yes,6,10,Yes,Yes,22.324158,2036
29,2033,No,3,11,Yes,No,25.77738,0
5,2033,No,4,7,Yes,Yes,23.436842,0
38,2032,No,7,7,No,Yes,20.250027,2036
28,2034,No,3,10,Yes,Yes,18.739164,0
23,2038,No,2,10,No,No,29.377312,0
1,2037,Yes,6,19,No,No,22.093491,2034
24,2032,No,5,9,No,Yes,24.755245,0
32,2040,Yes,3,9,Yes,Yes,20.57045,2038
34,2040,Yes,3,9,No,No,33.415745,2038
12,2034,No,5,11,Yes,Yes,19.141747,0
26,2033,No,4,10,No,Yes,17.792933,0
7,2036,No,5,11,Yes,Yes,23.637264,0
17,2040,No,6,9,Yes,Yes,32.285355,0
9,2038,No,3,8,No,Yes,24.076233,0
27,2040,No,6,12,No,Yes,33.683533,0
22,2036,No,5,17,No,Yes,27.690321,0
17,2032,No,6,9,Yes,Yes,20.517733,0
38,2040,Yes,7,12,No,Yes,22.399799,2036
17,2037,No,6,12,Yes,No,33.96907,0
9,2037,No,3,9,No,No,34.044754,0
30,2033,No,6,10,Yes,No,20.989801,0
19,2040,No,5,8,Yes,Yes,21.026661,0
15,2036,No,5,12,Yes,Yes,24.923878,0
31,2036,No,3,14,No,Yes,24.895828,2038
15,2037,No,5,9,Yes,No,23.020834,0
15,2037,No,5,9,No,Yes,26.112257,0
1,2038,Yes,6,10,Yes,Yes,15.494039,2034
26,2032,No,4,19,Yes,No,27.840248,0
38,2039,Yes,7,9,Yes,Yes,28.250309,2036
34,2037,No,3,9,No,No,29.324251,2038
1,2034,Yes,6,13,No,No,29.9242,2034
24,2037,No,5,7,Yes,No,25.448156,0
6,2032,No,6,7,Yes,Yes,25.798925,0
12,2033,No,5,10,Yes,No,30.406317,0
12,2037,No,5,9,Yes,No,23.613605,0
4,2039,No,5,9,Yes,No,24.07259,0
32,2036,No,3,9,No,No,22.392056,2038
31,2038,Yes,3,11,Yes,No,22.201094,2038
4,2032,No,5,9,Yes,Yes,21.927477,0
23,2040,No,2,12,Yes,Yes,17.128931,0
31,2037,No,3,9,No,Yes,25.880621,2038
35,2039,Yes,3,8,Yes,No,24.655518,2038
13,2038,No,3,9,No,Yes,31.240725,0
35,2039,Yes,3,9,No,Yes,26.507605,2038
17,2034,No,6,9,Yes,Yes,33.821686,0
27,2033,No,6,13,No,Yes,25.088692,0
17,2036,No,6,7,No,Yes,18.882309,0
14,2039,No,5,8,No,Yes,31.834627,0
6,2038,No,6,9,Yes,No,21.393908,0
29,2034,No,3,9,Yes,Yes,32.503426,0
4,2034,No,5,9,Yes,Yes,24.115259,0
7,2034,No,5,9,No,Yes,26.780731,0
24,2039,No,5,10,No,Yes,23.245121,0
38,2034,No,7,9,Yes,Yes,25.837505,2036
17,2039,No,6,9,No,Yes,27.401455,0
16,2035,No,3,9,Yes,Yes,21.620892,0
23,2037,No,2,9,No,No,23.567785,0
39,2039,Yes,6,13,Yes,Yes,25.717777,2036
24,2036,No,5,9,Yes,No,25.299623,0
36,2037,Yes,3,10,Yes,No,28.155909,2036
27,2035,No,6,11,Yes,No,29.241098,0
4,2035,No,5,9,No,Yes,25.501451,0
4,2034,No,5,10,No,Yes,16.505932,0
25,2033,No,5,8,No,Yes,21.457127,0
1,2032,No,6,9,Yes,Yes,29.089361,2034
3,2036,Yes,5,7,Yes,Yes,22.745592,2034
31,2034,No,3,14,No,Yes,34.26598,2038
8,2032,No,4,11,Yes,Yes,27.36488,0
11,2032,No,7,19,No,Yes,26.952267,0
13,2035,No,3,9,Yes,No,18.485575,0
23,2040,No,2,9,Yes,No,35.15345,0
30,2034,No,6,8,Yes,Yes,23.535912,0
1,2040,Yes,6,9,Yes,Yes,21.050961,2034
30,2038,No,6,9,Yes,Yes,29.239611,0
15,2039,No,5,9,No,Yes,26.120344,0
30,2038,No,6,10,No,Yes,26.470116,0
7,2035,No,5,9,Yes,Yes,22.917049,0
39,2033,No,6,9,No,No,22.826637,2036
17,2036,No,6,10,Yes,Yes,28.4436,0
27,2032,No,6,9,Yes,No,34.096939,0
1,2038,Yes,6,11,No,Yes,14.319818,2034
21,2033,No,4,13,Yes,Yes,21.044291,0
35,2032,No,3,9,Yes,No,32.945202,2038
39,2032,No,6,9,Yes,No,20.718864,2036
35,2037,No,3,14,No,No,32.383801,2038
3,2035,Yes,5,11,Yes,Yes,21.33025,2034
39,2038,Yes,6,9,No,No,16.907364,2036
20,2032,No,4,10,Yes,Yes,26.835617,0
37,2032,No,6,10,No,Yes,20.431154,2036
23,2033,No,2,9,Yes,Yes,37.589684,0
38,2038,Yes,7,7,No,No,27.755512,2036
2,2039,Yes,6,8,No,Yes,31.332853,2034
26,2035,No,4,13,No,No,26.173067,0
25,2034,No,5,17,Yes,No,21.70989,0
21,2032,No,4,9,No,Yes,31.330072,0
9,2034,No,3,10,No,Yes,22.408848,0
40,2032,No,4,10,No,Yes,26.824665,2036
10,2040,No,6,7,Yes,Yes,32.348335,0
12,2036,No,5,13,No,Yes,18.029623,0
21,2040,No,4,8,No,Yes,20.523125,0
22,2038,No,5,10,No,Yes,24.458727,0
37,2035,No,6,11,Yes,No,30.185619,2036
4,2034,No,5,11,No,Yes,24.154022,0
18,2037,No,5,13,No,No,20.026516,0
30,2033,No,6,9,No,No,23.262403,0
7,2037,No,5,19,No,Yes,29.14945,0
38,2038,Yes,7,9,No,No,20.531939,2036
22,2038,No,5,8,Yes,No,30.963394,0
32,2035,No,3,14,No,Yes,27.996946,2038
6,2035,No,6,12,Yes,Yes,19.798481,0
8,2038,No,4,9,No,Yes,29.32716,0
24,2032,No,5,18,Yes,Yes,27.385504,0
23,2039,No,2,9,Yes,Yes,25.980652,0
8,2037,No,4,12,No,Yes,17.869741,0
34,2039,Yes,3,11,Yes,Yes,21.065643,2038
2,2033,No,6,9,Yes,No,29.3859,2034
21,2040,No,4,8,No,Yes,27.29034,0
7,2038,No,5,8,No,Yes,23.5135,0
22,2033,No,5,7,Yes,No,33.685955,0
24,2039,No,5,9,Yes,Yes,29.140453,0
8,2034,No,4,19,No,Yes,27.27471,0
34,2039,Yes,3,9,Yes,No,26.650639,2038
13,2035,No,3,11,No,No,34.419037,0
29,2035,No,3,15,No,Yes,26.615091,0
25,2036,No,5,10,No,No,30.056341,0
17,2032,No,6,18,No,No,31.407202,0
36,2033,No,3,19,Yes,No,25.969654,2036
12,2037,No,5,16,Yes,Yes,25.497816,0
7,2033,No,5,9,Yes,Yes,30.204727,0
2,2040,Yes,6,12,No,Yes,26.963928,2034
35,2037,No,3,9,Yes,Yes,27.573891,2038
40,2039,Yes,4,10,Yes,No,19.051716,2036
1,2033,No,6,11,Yes,Yes,36.464859,2034
17,2035,No,6,18,No,Yes,25.339369,0
11,2038,No,7,9,No,Yes,26.324577,0
34,2035,No,3,9,No,Yes,19.207527,2038
22,2040,No,5,9,Yes,No,25.233244,0
23,2035,No,2,11,Yes,Yes,34.759392,0
2,2038,Yes,6,11,Yes,Yes,29.489727,2034
2,2032,No,6,9,No,No,27.839264,2034
1,2039,Yes,6,7,Yes,Yes,21.232876,2034
34,2039,Yes,3,12,No,Yes,18.475857,2038
36,2036,Yes,3,10,Yes,Yes,29.031544,2036
27,2038,No,6,9,Yes,No,24.178665,0
38,2034,No,7,10,Yes,Yes,20.175507,2036
38,2033,No,7,8,Yes,No,23.908245,2036
36,2034,No,3,12,Yes,No,23.347076,2036
16,2037,No,3,10,Yes,Yes,28.734297,0
3,2035,Yes,5,11,No,Yes,21.645124,2034
12,2038,No,5,11,No,Yes,27.10552,0
30,2032,No,6,9,No,Yes,23.740026,0
11,2036,No,7,17,No,No,26.596996,0
12,2038,No,5,9,No,Yes,20.495817,0
15,2038,No,5,9,No,Yes,24.66884,0
22,2039,No,5,9,Yes,No,31.735155,0
29,2039,No,3,13,Yes,Yes,20.093613,0
5,2040,No,4,9,Yes,Yes,21.625343,0
3,2036,Yes,5,8,Yes,Yes,19.282927,2034
8,2039,No,4,9,No,No,32.134148,0
40,2036,Yes,4,10,Yes,Yes,17.613787,2036
9,2038,No,3,11,No,Yes,18.900496,0
3,2033,No,5,9,No,Yes,25.719145,2034
33,2037,No,3,18,Yes,No,31.008286,2038
29,2035,No,3,9,No,No,28.64872,0
12,2039,No,5,9,Yes,Yes,22.928211,0
13,2037,No,3,8,Yes,Yes,33.491264,0
26,2035,No,4,16,Yes,No,25.929234,0
8,2032,No,4,7,Yes,Yes,33.958591,0
24,2037,No,5,9,Yes,Yes,30.293085,0
21,2035,No,4,11,No,Yes,29.956013,0
32,2039,Yes,3,12,No,Yes,30.124456,2038
17,2032,No,6,9,Yes,No,21.699717,0
31,2034,No,3,19,Yes,Yes,26.064684,2038
37,2037,Yes,6,10,Yes,No,15.675048,2036
34,2037,No,3,9,No,No,22.054922,2038
25,2033,No,5,9,Yes,No,28.391254,0
15,2036,No,5,9,Yes,Yes,23.747086,0
26,2034,No,4,9,Yes,Yes,24.003223,0
19,2035,No,5,9,No,Yes,32.607983,0
40,2034,No,4,9,No,Yes,17.914566,2036
40,2038,Yes,4,9,Yes,No,28.278606,2036
6,2036,No,6,8,No,No,31.983763,0
35,2036,No,3,11,Yes,Yes,23.477211,2038
25,2036,No,5,17,Yes,No,21.326962,0
22,2040,No,5,10,No,No,19.210949,0
38,2032,No,7,9,No,Yes,20.828163,2036
37,2033,No,6,7,Yes,No,34.555054,2036
30,2032,No,6,7,Yes,Yes,21.94558,0
9,2038,No,3,12,No,No,32.442043,0
31,2038,Yes,3,10,No,Yes,17.21376,2038
31,2033,No,3,7,Yes,Yes,27.00004,2038
35,2035,No,3,10,Yes,Yes,20.143461,2038
23,2032,No,2,7,No,No,24.54937,0
28,2039,No,3,10,No,Yes,30.854132,0
25,2034,No,5,10,No,Yes,29.124638,0
31,2037,No,3,9,Yes,Yes,21.035858,2038
3,2034,Yes,5,9,No,Yes,31.794413,2034
35,2039,Yes,3,11,Yes,Yes,21.836014,2038
18,2032,No,5,9,No,Yes,22.590925,0
9,2038,No,3,9,Yes,No,32.95977,0
34,2039,Yes,3,10,Yes,Yes,30.621244,2038
25,2036,No,5,9,Yes,No,21.390919,0
31,2038,Yes,3,10,Yes,No,27.352257,2038
3,2039,Yes,5,12,Yes,Yes,24.660439,2034
21,2036,No,4,9,Yes,Yes,24.886328,0
8,2038,No,4,9,Yes,Yes,28.85494,0
7,2039,No,5,9,No,Yes,24.946497,0
17,2040,No,6,10,Yes,No,32.095173,0
24,2034,No,5,7,Yes,No,26.438879,0
3,2033,No,5,7,Yes,No,29.218201,2034
37,2037,Yes,6,19,Yes,No,26.441681,2036
21,2032,No,4,7,Yes,Yes,20.499853,0
25,2036,No,5,8,No,Yes,22.136244,0
24,2033,No,5,9,Yes,Yes,22.127621,0
21,2034,No,4,0,Yes,No,27.452692,0
27,2036,No,6,10,Yes,No,24.726278,0
29,2036,No,3,9,Yes,No,20.777124,0
30,2035,No,6,8,Yes,Yes,29.928106,0
20,2036,No,4,12,No,Yes,30.082481,0
20,2040,No,4,8,No,Yes,19.966534,0
11,2032,No,7,9,No,Yes,27.241804,0
40,2034,No,4,10,Yes,No,29.570812,2036
16,2035,No,3,9,Yes,Yes,27.012037,0
31,2035,No,3,19,Yes,Yes,23.291834,2038
29,2038,No,3,9,No,No,32.714409,0
16,2035,No,3,12,No,No,31.508944,0
11,2039,No,7,7,Yes,No,25.881741,0
29,2032,No,3,9,Yes,Yes,22.993116,0
12,2034,No,5,9,Yes,Yes,36.048599,0
26,2039,No,4,11,No,Yes,20.712582,0
25,2040,No,5,9,Yes,Yes,25.141695,0
19,2037,No,5,11,Yes,Yes,29.093105,0
29,2039,No,3,9,No,No,29.114613,0
34,2032,No,3,9,Yes,Yes,28.083216,2038
38,2038,Yes,7,11,Yes,No,20.536182,2036
39,2033,No,6,10,No,Yes,17.519239,2036
6,2034,No,6,10,No,Yes,23.395172,0
3,2032,No,5,11,Yes,Yes,22.847349,2034
34,2035,No,3,8,No,No,34.00098,2038
34,2040,Yes,3,7,Yes,No,30.385469,2038
3,2037,Yes,5,9,Yes,No,26.772413,2034
12,2033,No,5,10,No,No,33.289085,0
39,2037,Yes,6,10,Yes,No,20.890781,2036
5,2039,No,4,7,No,Yes,32.264973,0
24,2038,No,5,18,No,Yes,17.422037,0
19,2039,No,5,14,No,Yes,26.008455,0
9,2039,No,3,9,No,Yes,28.097694,0
11,2035,No,7,8,No,No,20.53347,0
21,2035,No,4,9,Yes,No,26.561558,0
34,2039,Yes,3,8,No,No,25.544855,2038
11,2036,No,7,12,No,Yes,27.75037,0
10,2037,No,6,8,Yes,Yes,29.956327,0
24,2036,No,5,12,Yes,Yes,20.698381,0
21,2039,No,4,12,No,Yes,27.655567,0
8,2040,No,4,9,No,Yes,21.007914,0
32,2033,No,3,9,No,No,25.283955,2038
7,2040,No,5,9,Yes,Yes,24.94536,0
3,2035,Yes,5,10,No,No,19.518593,2034
29,2038,No,3,9,Yes,Yes,29.693165,0
38,2033,No,7,9,Yes,No,28.753635,2036
29,2032,No,3,9,No,No,19.647095,0
10,2037,No,6,9,No,No,29.510248,0
29,2032,No,3,10,Yes,No,30.194485,0
20,2036,No,4,9,No,Yes,19.987753,0
12,2038,No,5,13,Yes,Yes,24.687075,0
38,2035,No,7,9,Yes,Yes,23.565573,2036
14,2032,No,5,11,No,Yes,25.447176,0
32,2036,No,3,8,Yes,Yes,21.564625,2038
29,2034,No,3,9,No,No,35.109417,0
18,2038,No,5,7,No,Yes,22.871508,0
8,2038,No,4,9,No,Yes,24.398014,0
30,2037,No,6,0,Yes,Yes,19.638639,0
21,2036,No,4,10,Yes,No,27.079504,0
40,2034,No,4,9,Yes,Yes,20.943081,2036
3,2038,Yes,5,9,Yes,Yes,16.609373,2034
6,2038,No,6,11,No,No,29.88661,0
39,2036,Yes,6,12,Yes,Yes,25.205381,2036
17,2039,No,6,9,Yes,No,28.199324,0
3,2036,Yes,5,10,Yes,Yes,22.885069,2034
23,2035,No,2,9,No,Yes,24.83074,0
23,2034,No,2,9,No,No,31.410994,0
21,2037,No,4,7,Yes,Yes,20.033241,0
13,2035,No,3,9,Yes,Yes,33.259018,0
20,2034,No,4,9,Yes,No,29.26161,0
4,2040,No,5,9,Yes,Yes,33.220142,0
9,2040,No,3,13,Yes,No,26.378428,0
40,2033,No,4,8,No,No,30.880524,2036
19,2035,No,5,9,Yes,Yes,29.897514,0
35,2037,No,3,7,No,Yes,23.93961,2038
7,2036,No,5,12,Yes,Yes,25.325556,0
16,2035,No,3,12,Yes,Yes,31.13418,0
23,2036,No,2,10,No,No,21.901823,0
26,2038,No,4,10,Yes,Yes,26.442108,0
33,2037,No,3,8,No,No,24.699444,2038
36,2039,Yes,3,9,Yes,Yes,21.163374,2036
40,2036,Yes,4,9,Yes,No,30.427546,2036
25,2033,No,5,10,Yes,Yes,23.13221,0
14,2038,No,5,9,Yes,Yes,27.586851,0
14,2034,No,5,10,No,Yes,24.363928,0
25,2034,No,5,9,No,Yes,18.408613,0
25,2033,No,5,11,Yes,Yes,21.646294,0
7,2037,No,5,8,No,Yes,28.529778,0
5,2040,No,4,11,No,No,31.679905,0
31,2034,No,3,12,No,Yes,20.692974,2038
19,2039,No,5,13,No,No,30.551786,0
15,2038,No,5,19,No,Yes,35.219501,0
40,2033,No,4,7,No,Yes,32.544746,2036
37,2039,Yes,6,9,No,Yes,29.769012,2036
1,2034,Yes,6,9,No,No,21.279234,2034
23,2038,No,2,8,No,Yes,21.218641,0
13,2038,No,3,9,No,Yes,26.541601,0
34,2036,No,3,9,No,Yes,33.892918,2038
7,2037,No,5,12,No,No,19.019667,0
29,2040,No,3,11,No,Yes,19.347227,0
15,2039,No,5,12,Yes,Yes,26.059225,0
3,2033,No,5,9,No,Yes,27.706329,2034
12,2032,No,5,13,Yes,No,31.160667,0
40,2032,No,4,10,No,Yes,32.559158,2036
3,2037,Yes,5,0,No,Yes,30.985098,2034
10,2034,No,6,7,No,Yes,30.570995,0
38,2035,No,7,10,No,No,30.006573,2036
35,2037,No,3,10,No,No,29.420286,2038
20,2037,No,4,8,No,Yes,25.19392,0
21,2034,No,4,19,No,Yes,15.918206,0
21,2038,No,4,8,No,No,24.771267,0
1,2040,Yes,6,19,No,Yes,20.599222,2034
39,2036,Yes,6,9,No,Yes,15.316698,2036
30,2040,No,6,9,Yes,Yes,21.407911,0
26,2037,No,4,9,Yes,No,18.889444,0
4,2034,No,5,10,No,Yes,22.976982,0
22,2033,No,5,18,Yes,No,30.884966,0
38,2036,Yes,7,9,No,Yes,29.740534,2036
28,2033,No,3,9,No,Yes,21.042515,0
19,2035,No,5,10,No,Yes,18.783806,0
14,2035,No,5,8,Yes,No,31.38044,0
15,2033,No,5,9,Yes,No,25.705917,0
25,2040,No,5,12,Yes,Yes,24.771162,0
8,2038,No,4,9,Yes,Yes,33.000916,0
16,2033,No,3,7,Yes,Yes,30.663424,0
18,2036,No,5,10,Yes,No,31.886333,0
17,2036,No,6,9,Yes,Yes,22.189514,0
30,2034,No,6,14,Yes,Yes,25.481676,0
18,2034,No,5,12,No,No,21.823462,0
17,2032,No,6,11,Yes,Yes,31.012417,0
22,2037,No,5,8,No,Yes,20.379808,0
23,2038,No,2,11,No,No,23.850594,0
9,2035,No,3,12,No,Yes,18.03245,0
20,2038,No,4,10,Yes,No,19.916107,0
36,2037,Yes,3,9,Yes,Yes,15.929308,2036
7,2038,No,5,9,No,Yes,21.990759,0
18,2032,No,5,8,Yes,No,23.139126,0
22,2037,No,5,9,Yes,No,22.869543,0
16,2032,No,3,9,No,Yes,22.138342,0
1,2038,Yes,6,10,No,No,20.931917,2034
13,2035,No,3,8,No,No,18.698732,0
37,2040,Yes,6,9,Yes,No,22.60387,2036
4,2035,No,5,10,No,Yes,19.530237,0
26,2040,No,4,9,Yes,Yes,23.454731,0
5,2039,No,4,17,No,Yes,31.364561,0
16,2040,No,3,10,Yes,Yes,22.90349,0
2,2032,No,6,18,Yes,Yes,21.602716,2034
7,2034,No,5,10,Yes,No,19.552406,0
7,2033,No,5,8,No,Yes,31.481432,0
21,2036,No,4,7,No,No,29.446587,0
21,2034,No,4,10,No,No,32.298805,0
3,2036,Yes,5,12,Yes,No,23.31916,2034
10,2040,No,6,9,Yes,No,21.933958,0
23,2033,No,2,9,Yes,No,34.670265,0
3,2034,Yes,5,9,Yes,No,29.520628,2034
30,2039,No,6,9,No,No,30.710167,0
4,2036,No,5,12,Yes,Yes,19.821445,0
22,2037,No,5,9,Yes,No,23.02364,0
21,2037,No,4,11,No,Yes,24.857298,0
21,2034,No,4,9,Yes,Yes,23.052412,0
2,2032,No,6,15,No,Yes,22.159807,2034
20,2037,No,4,13,No,Yes,28.506788,0
28,2040,No,3,8,Yes,No,29.468426,0
29,2040,No,3,14,No,Yes,23.71253,0
8,2038,No,4,10,Yes,Yes,22.006529,0
36,2040,Yes,3,7,Yes,Yes,19.943878,2036
27,2040,No,6,8,No,Yes,15.005821,0
12,2038,No,5,9,Yes,Yes,35.879925,0
21,2038,No,4,9,No,Yes,20.368898,0
27,2033,No,6,9,Yes,No,30.797882,0
10,2040,No,6,10,No,No,33.370449,0
18,2034,No,5,7,Yes,Yes,26.13031,0
28,2040,No,3,9,Yes,Yes,15.752961,0
5,2037,No,4,9,Yes,Yes,19.716799,0
13,2033,No,3,12,Yes,Yes,32.64518,0
4,2036,No,5,9,No,No,27.906199,0
28,2032,No,3,11,Yes,Yes,22.226646,0
1,2036,Yes,6,16,No,No,26.629572,2034
39,2037,Yes,6,9,No,Yes,11.63818,2036
15,2034,No,5,9,Yes,No,23.913113,0
36,2036,Yes,3,11,No,No,20.095837,2036
39,2036,Yes,6,11,Yes,Yes,28.134775,2036
17,2034,No,6,9,Yes,Yes,26.461994,0
39,2040,Yes,6,9,Yes,No,30.133987,2036
26,2037,No,4,10,No,No,24.045063,0
36,2038,Yes,3,11,No,No,16.580597,2036
14,2034,No,5,9,Yes,Yes,25.647896,0
40,2034,No,4,7,Yes,No,30.494524,2036
1,2036,Yes,6,9,Yes,No,18.047731,2034
29,2040,No,3,10,No,Yes,20.74021,0
32,2032,No,3,9,No,No,31.780266,2038
38,2037,Yes,7,9,No,Yes,32.347092,2036
35,2035,No,3,8,No,No,19.068157,2038
10,2038,No,6,9,No,No,19.611071,0
38,2033,No,7,0,Yes,No,21.347874,2036
11,2034,No,7,9,No,Yes,19.660984,0
39,2032,No,6,9,Yes,No,29.604111,2036
33,2032,No,3,9,Yes,No,26.607849,2038
20,2037,No,4,11,Yes,Yes,26.920317,0
2,2038,Yes,6,12,Yes,Yes,20.927126,2034
39,2038,Yes,6,11,Yes,Yes,24.346247,2036
28,2036,No,3,9,No,No,25.753012,0
23,2038,No,2,9,Yes,No,30.143793,0
2,2033,No,6,8,No,Yes,16.281387,2034
40,2035,No,4,10,Yes,No,24.022472,2036
28,2032,No,3,18,Yes,No,27.486465,0
19,2039,No,5,12,Yes,Yes,17.371002,0
24,2035,No,5,19,Yes,Yes,31.115505,0
1,2032,No,6,9,Yes,No,34.444508,2034
17,2037,No,6,9,No,Yes,31.358906,0
31,2036,No,3,9,No,Yes,20.594866,2038
38,2032,No,7,8,Yes,Yes,28.887304,2036
9,2037,No,3,9,Yes,Yes,26.032827,0
16,2032,No,3,15,No,No,33.181095,0
35,2032,No,3,10,No,Yes,24.166338,2038
15,2038,No,5,5,No,Yes,18.795673,0
17,2037,No,6,9,No,Yes,29.365522,0
1,2039,Yes,6,12,No,Yes,17.515923,2034
37,2036,Yes,6,10,Yes,No,30.370903,2036
15,2035,No,5,13,Yes,Yes,26.523212,0
29,2033,No,3,8,Yes,Yes,25.043146,0
14,2036,No,5,8,Yes,No,29.656609,0
19,2040,No,5,8,No,No,31.472143,0
22,2034,No,5,10,No,No,21.9678,0
13,2038,No,3,10,Yes,Yes,24.948473,0
16,2037,No,3,9,No,Yes,21.21829,0
32,2034,No,3,8,Yes,No,31.261084,2038
40,2036,Yes,4,7,No,No,28.337847,2036
32,2036,No,3,9,Yes,Yes,30.718779,2038
21,2037,No,4,17,Yes,Yes,21.932554,0
18,2035,No,5,9,Yes,No,31.880993,0
39,2034,No,6,8,Yes,Yes,21.702492,2036
2,2033,No,6,9,No,Yes,28.201113,2034
31,2038,Yes,3,11,No,Yes,16.549646,2038
6,2039,No,6,13,No,No,31.113144,0
22,2039,No,5,9,No,No,27.59738,0
35,2035,No,3,10,Yes,Yes,24.817034,2038
38,2038,Yes,7,8,No,No,18.932365,2036
29,2036,No,3,11,No,No,21.760508,0
3,2039,Yes,5,10,Yes,Yes,18.630375,2034
18,2033,No,5,9,No,Yes,19.814991,0
37,2035,No,6,14,Yes,No,28.910593,2036
18,2038,No,5,10,Yes,Yes,18.005041,0
9,2040,No,3,12,No,Yes,19.252775,0
17,2035,No,6,9,No,Yes,27.161385,0
18,2040,No,5,12,Yes,Yes,31.770622,0
22,2035,No,5,9,Yes,Yes,27.042965,0
27,2036,No,6,9,No,Yes,18.679371,0
34,2034,No,3,15,No,Yes,22.904398,2038
31,2034,No,3,8,Yes,No,23.251497,2038
16,2033,No,3,10,No,Yes,17.584188,0
5,2032,No,4,9,No,Yes,28.06427,0
9,2034,No,3,10,Yes,No,23.14744,0
38,2033,No,7,10,No,Yes,26.657879,2036
8,2040,No,4,9,No,No,25.577295,0
31,2038,Yes,3,11,No,Yes,21.762856,2038
5,2036,No,4,10,Yes,Yes,20.942745,0
34,2039,Yes,3,9,No,Yes,19.104933,2038
14,2032,No,5,9,No,Yes,24.224451,0
38,2037,Yes,7,9,No,Yes,17.008299,2036
22,2034,No,5,8,No,Yes,19.799271,0
28,2034,No,3,9,Yes,Yes,26.442978,0
5,2040,No,4,9,No,Yes,25.906488,0
6,2039,No,6,0,No,Yes,20.758131,0
36,2037,Yes,3,9,Yes,Yes,26.901773,2036
40,2032,No,4,13,No,Yes,23.760464,2036
34,2034,No,3,8,Yes,Yes,22.143538,2038
10,2035,No,6,9,No,Yes,32.07254,0
39,2039,Yes,6,8,No,Yes,17.33523,2036
29,2038,No,3,10,No,Yes,23.45084,0
10,2034,No,6,11,Yes,Yes,24.439049,0
14,2038,No,5,12,No,No,21.368618,0
33,2036,No,3,9,Yes,Yes,33.656857,2038
26,2036,No,4,9,Yes,No,20.501043,0
16,2032,No,3,9,No,No,20.97385,0
13,2038,No,3,9,Yes,No,21.530521,0
1,2034,Yes,6,8,No,Yes,29.024696,2034
20,2033,No,4,13,Yes,Yes,26.401974,0
15,2038,No,5,9,No,No,19.798811,0
11,2038,No,7,11,Yes,Yes,26.155453,0
8,2040,No,4,10,No,No,23.07835,0
3,2039,Yes,5,9,Yes,No,26.755583,2034
38,2034,No,7,9,No,Yes,21.052319,2036
13,2035,No,3,12,Yes,Yes,23.080956,0
20,2038,No,4,11,Yes,No,30.368887,0
34,2039,Yes,3,9,No,Yes,20.712656,2038
26,2033,No,4,11,Yes,Yes,31.337505,0
21,2032,No,4,12,No,Yes,24.690088,0
14,2038,No,5,9,Yes,Yes,23.403755,0
22,2038,No,5,9,No,No,23.091188,0
15,2034,No,5,12,No,Yes,26.14011,0
30,2032,No,6,19,Yes,Yes,21.72538,0
7,2032,No,5,9,Yes,Yes,18.34185,0
3,2032,No,5,11,Yes,Yes,28.088564,2034
31,2033,No,3,9,Yes,Yes,18.161278,2038
11,2036,No,7,11,No,No,35.795692,0
20,2034,No,4,9,Yes,Yes,18.275482,0
27,2038,No,6,9,Yes,Yes,26.072573,0
9,2033,No,3,9,Yes,No,22.149725,0
14,2033,No,5,10,Yes,Yes,21.977476,0
19,2036,No,5,12,No,No,31.985472,0
39,2033,No,6,0,No,Yes,18.180758,2036
2,2040,Yes,6,19,Yes,Yes,31.550117,2034
19,2040,No,5,12,No,Yes,31.407793,0
31,2040,Yes,3,0,No,No,23.279449,2038
10,2033,No,6,10,No,No,24.535995,0
33,2039,Yes,3,12,No,Yes,20.016582,2038
19,2040,No,5,7,No,Yes,22.097624,0
35,2037,No,3,9,Yes,No,31.265326,2038
27,2032,No,6,9,No,No,29.927052,0
32,2037,No,3,8,No,Yes,23.8151,2038
27,2032,No,6,9,No,Yes,31.501558,0
7,2033,No,5,9,Yes,No,30.566223,0
3,2033,No,5,13,No,No,19.874331,2034
7,2040,No,5,9,No,No,22.009974,0
1,2036,Yes,6,10,No,No,30.461853,2034
21,2039,No,4,10,Yes,Yes,18.126707,0
13,2038,No,3,11,Yes,Yes,28.953279,0
40,2034,No,4,10,Yes,No,32.562485,2036
20,2037,No,4,12,No,Yes,20.678423,0
35,2035,No,3,11,Yes,Yes,27.282085,2038
27,2036,No,6,9,Yes,No,25.827166,0
39,2036,Yes,6,10,No,No,22.311083,2036
16,2032,No,3,16,No,Yes,30.86935,0
13,2038,No,3,14,Yes,Yes,25.511351,0
30,2033,No,6,9,Yes,No,25.119673,0
26,2035,No,4,9,Yes,Yes,23.595345,0
40,2034,No,4,9,No,Yes,27.18177,2036
22,2037,No,5,19,Yes,Yes,23.543865,0
11,2040,No,7,9,Yes,Yes,30.772268,0
23,2039,No,2,11,No,Yes,21.362057,0
21,2038,No,4,8,Yes,No,17.381247,0
34,2039,Yes,3,10,Yes,No,18.297882,2038
38,2038,Yes,7,10,No,Yes,28.034563,2036
38,2037,Yes,7,9,No,Yes,22.646971,2036
10,2032,No,6,9,Yes,Yes,26.264933,0
28,2036,No,3,9,Yes,Yes,28.009718,0
9,2036,No,3,12,Yes,No,31.825981,0
17,2038,No,6,9,Yes,Yes,32.373489,0
25,2032,No,5,9,No,No,22.210316,0
14,2040,No,5,9,Yes,No,31.332743,0
34,2035,No,3,10,Yes,No,25.517351,2038
35,2039,Yes,3,9,No,Yes,26.963724,2038
11,2032,No,7,11,No,Yes,24.729216,0
7,2034,No,5,19,Yes,Yes,15.671356,0
39,2032,No,6,10,No,No,24.74526,2036
30,2033,No,6,7,No,Yes,20.250959,0
40,2034,No,4,8,Yes,No,33.166954,2036
11,2037,No,7,9,No,No,25.375847,0
9,2036,No,3,9,No,Yes,22.423079,0
17,2038,No,6,13,Yes,Yes,16.011576,0
37,2036,Yes,6,9,No,Yes,23.37851,2036
27,2033,No,6,9,No,No,24.942766,0
18,2032,No,5,8,Yes,Yes,25.767155,0
28,2037,No,3,7,No,Yes,23.486162,0
17,2039,No,6,9,No,Yes,28.06065,0
36,2039,Yes,3,9,No,Yes,21.608999,2036
35,2032,No,3,9,No,No,34.132538,2038
34,2034,No,3,9,No,Yes,25.99478,2038
10,2033,No,6,9,Yes,Yes,26.806303,0
16,2033,No,3,7,No,No,18.682978,0
22,2033,No,5,11,Yes,Yes,24.669331,0
14,2034,No,5,13,No,Yes,23.638264,0
7,2035,No,5,9,Yes,Yes,18.771875,0
9,2038,No,3,9,No,No,28.136557,0
11,2037,No,7,9,Yes,Yes,21.728514,0
9,2040,No,3,9,No,Yes,23.200193,0
7,2038,No,5,9,Yes,Yes,19.510639,0
34,2032,No,3,10,No,Yes,21.002146,2038
27,2035,No,6,9,No,No,25.278645,0
31,2036,No,3,8,Yes,Yes,22.298489,2038
14,2035,No,5,0,No,Yes,19.819725,0
36,2032,No,3,8,No,No,30.968513,2036
16,2040,No,3,9,Yes,Yes,24.086611,0
21,2040,No,4,9,Yes,Yes,24.57827,0
25,2039,No,5,9,No,Yes,27.484644,0
31,2039,Yes,3,8,No,Yes,28.799726,2038
19,2036,No,5,18,Yes,Yes,22.925623,0
6,2033,No,6,19,Yes,Yes,23.117226,0
39,2036,Yes,6,8,Yes,Yes,23.908661,2036
23,2034,No,2,9,No,Yes,21.951952,0
9,2035,No,3,12,No,No,29.700411,0
19,2034,No,5,18,Yes,No,35.431534,0
33,2036,No,3,10,No,No,28.210718,2038
40,2038,Yes,4,9,Yes,No,24.453169,2036
18,2040,No,5,9,No,Yes,21.258503,0
35,2033,No,3,7,Yes,Yes,25.393339,2038
29,2032,No,3,8,No,Yes,27.301235,0
13,2034,No,3,19,No,Yes,32.870255,0
17,2037,No,6,8,No,Yes,16.660313,0
22,2037,No,5,13,No,No,22.879887,0
17,2035,No,6,10,Yes,No,21.735647,0
24,2035,No,5,11,No,No,26.487499,0
18,2034,No,5,9,No,No,27.920744,0
25,2034,No,5,9,No,Yes,24.933878,0
38,2036,Yes,7,19,Yes,Yes,28.401131,2036
18,2040,No,5,9,No,No,32.277775,0
11,2036,No,7,12,No,Yes,26.83301,0
34,2039,Yes,3,10,Yes,Yes,21.455635,2038
37,2035,No,6,11,Yes,Yes,28.471697,2036
27,2038,No,6,9,Yes,Yes,25.261522,0
39,2035,No,6,12,Yes,Yes,25.833469,2036
33,2032,No,3,11,Yes,Yes,21.104532,2038
11,2033,No,7,15,Yes,Yes,21.746544,0
13,2032,No,3,9,Yes,Yes,27.80419,0
30,2036,No,6,9,No,No,25.48451,0
16,2032,No,3,8,Yes,No,26.72629,0
15,2038,No,5,14,Yes,No,29.504965,0
14,2032,No,5,9,Yes,Yes,29.030787,0
29,2040,No,3,0,Yes,Yes,22.154741,0
31,2038,Yes,3,8,No,Yes,24.801899,2038
9,2034,No,3,11,No,Yes,20.781633,0
20,2037,No,4,10,Yes,Yes,26.918901,0
3,2038,Yes,5,8,Yes,Yes,24.649416,2034
16,2033,No,3,9,No,No,22.322298,0
30,2034,No,6,9,Yes,Yes,29.667065,0
17,2033,No,6,3,No,Yes,31.128517,0
21,2040,No,4,9,Yes,Yes,16.612833,0
24,2039,No,5,10,Yes,No,30.863319,0
20,2036,No,4,11,Yes,No,22.177185,0
1,2033,No,6,12,Yes,No,27.970163,2034
11,2035,No,7,11,No,No,24.777433,0
20,2038,No,4,11,No,No,29.5604,0
33,2039,Yes,3,9,Yes,Yes,31.045799,2038
29,2039,No,3,12,Yes,Yes,30.407774,0
6,2039,No,6,14,Yes,Yes,31.079813,0
34,2040,Yes,3,9,No,Yes,24.32453,2038
36,2040,Yes,3,15,No,Yes,23.190033,2036
20,2040,No,4,16,No,Yes,22.916334,0
11,2039,No,7,11,No,Yes,20.641844,0
18,2039,No,5,9,Yes,No,29.929188,0
24,2040,No,5,11,Yes,Yes,28.676508,0
4,2036,No,5,9,No,Yes,22.293535,0
12,2038,No,5,8,No,Yes,19.015892,0
33,2035,No,3,9,Yes,Yes,22.253281,2038
33,2039,Yes,3,10,No,No,21.821198,2038
31,2040,Yes,3,9,Yes,No,27.379402,2038
16,2038,No,3,9,No,Yes,21.138065,0
40,2040,Yes,4,12,No,Yes,25.594025,2036
22,2032,No,5,10,No,Yes,31.412424,0
30,2038,No,6,13,No,Yes,32.075516,0
14,2038,No,5,16,No,No,19.08106,0
15,2039,No,5,0,Yes,Yes,22.581511,0
37,2037,Yes,6,9,No,Yes,16.857517,2036
11,2036,No,7,13,No,Yes,29.79908,0
10,2036,No,6,9,No,Yes,26.828897,0
8,2036,No,4,10,No,Yes,28.469421,0
29,2035,No,3,10,No,No,22.478458,0
2,2040,Yes,6,8,Yes,No,30.777878,2034
17,2036,No,6,17,Yes,No,16.888439,0
4,2032,No,5,11,No,Yes,19.149393,0
10,2040,No,6,11,No,Yes,25.88563,0
39,2039,Yes,6,11,Yes,No,28.637913,2036
32,2040,Yes,3,10,No,No,25.733343,2038
6,2032,No,6,0,No,Yes,32.85384,0
26,2032,No,4,13,Yes,Yes,25.292917,0
16,2039,No,3,18,No,No,25.477888,0
4,2037,No,5,9,No,Yes,22.569757,0
5,2037,No,4,11,No,Yes,20.2001,0
30,2034,No,6,14,Yes,No,21.521542,0
8,2035,No,4,9,No,Yes,30.53034,0
2,2037,Yes,6,7,Yes,Yes,19.053177,2034
19,2039,No,5,7,Yes,Yes,30.73521,0
5,2039,No,4,9,Yes,Yes,34.875061,0
28,2039,No,3,9,Yes,No,21.310328,0
2,2032,No,6,12,Yes,Yes,23.297571,2034
20,2039,No,4,13,No,Yes,22.755465,0
34,2039,Yes,3,9,No,Yes,25.226843,2038
22,2032,No,5,9,No,Yes,28.753494,0
39,2037,Yes,6,8,Yes,Yes,19.392342,2036
25,2035,No,5,9,No,Yes,26.462255,0
23,2036,No,2,9,Yes,No,25.615705,0
21,2037,No,4,10,No,Yes,19.00992,0
11,2040,No,7,8,Yes,Yes,28.17111,0
36,2038,Yes,3,12,Yes,Yes,25.202547,2036
6,2039,No,6,9,Yes,Yes,18.938007,0
7,2037,No,5,10,Yes,Yes,19.064537,0
31,2035,No,3,12,No,No,33.707222,2038
15,2033,No,5,9,Yes,Yes,25.350632,0
16,2033,No,3,11,No,Yes,19.811062,0
11,2035,No,7,10,Yes,Yes,29.425512,0
20,2037,No,4,9,No,No,27.147499,0
13,2036,No,3,8,Yes,Yes,22.69739,0
35,2037,No,3,11,No,No,27.762983,2038
13,2032,No,3,8,Yes,No,27.280785,0
27,2032,No,6,7,Yes,Yes,25.6,0
12,2039,No,5,9,No,Yes,22.00935,0
40,2034,No,4,9,Yes,Yes,25.786688,2036
35,2032,No,3,9,No,No,24.220161,2038
28,2035,No,3,13,No,Yes,31.670424,0
40,2032,No,4,11,Yes,No,28.252577,2036
10,2040,No,6,8,No,No,34.155132,0
7,2033,No,5,11,Yes,Yes,34.23275,0
33,2037,No,3,9,Yes,Yes,26.657076,2038
12,2032,No,5,9,Yes,No,32.297573,0
16,2033,No,3,9,No,No,30.967525,0
39,2039,Yes,6,10,No,No,22.662012,2036
11,2036,No,7,9,No,No,29.086864,0
2,2040,Yes,6,7,Yes,Yes,19.953854,2034
16,2036,No,3,8,No,Yes,19.098577,0
32,2039,Yes,3,12,No,Yes,26.729887,2038
20,2033,No,4,9,Yes,Yes,28.530449,0
15,2034,No,5,9,No,Yes,32.550205,0
33,2036,No,3,16,No,No,25.200409,2038
40,2034,No,4,9,No,Yes,25.446688,2036
6,2037,No,6,8,No,No,19.886051,0
13,2040,No,3,10,No,Yes,27.674736,0
10,2035,No,6,12,No,Yes,25.097607,0
38,2038,Yes,7,10,No,No,25.325403,2036
18,2038,No,5,9,No,No,22.108231,0
15,2039,No,5,8,Yes,Yes,16.961103,0
13,2034,No,3,8,Yes,Yes,30.429285,0
9,2032,No,3,10,No,No,28.620863,0
15,2038,No,5,10,Yes,No,23.199337,0
29,2040,No,3,16,No,No,24.863033,0
28,2034,No,3,14,Yes,No,18.32423,0
38,2034,No,7,9,Yes,Yes,30.864773,2036
29,2038,No,3,7,Yes,Yes,26.464165,0
30,2033,No,6,9,No,No,22.729134,0
19,2034,No,5,9,Yes,No,20.321987,0
27,2035,No,6,10,Yes,Yes,32.261677,0
37,2032,No,6,9,No,Yes,19.289305,2036
23,2035,No,2,10,No,Yes,33.521584,0
16,2039,No,3,13,Yes,Yes,21.723,0
18,2035,No,5,9,Yes,Yes,33.124588,0
11,2039,No,7,10,Yes,No,20.924677,0
34,2032,No,3,9,No,No,28.232752,2038
34,2033,No,3,11,No,Yes,20.475023,2038
21,2039,No,4,10,No,No,27.767006,0
32,2034,No,3,9,Yes,Yes,26.712851,2038
40,2034,No,4,8,Yes,No,31.242249,2036
4,2032,No,5,9,Yes,No,22.742313,0
2,2033,No,6,9,Yes,Yes,22.751604,2034
28,2035,No,3,9,No,No,29.588991,0
29,2034,No,3,17,No,No,19.366732,0
35,2034,No,3,10,Yes,Yes,19.833895,2038
27,2032,No,6,10,No,Yes,18.47315,0
11,2038,No,7,10,Yes,Yes,28.20908,0
24,2038,No,5,12,Yes,Yes,31.123018,0
32,2037,No,3,9,Yes,Yes,26.259306,2038
5,2034,No,4,10,Yes,Yes,24.427504,0
26,2033,No,4,8,No,Yes,23.731798,0
22,2033,No,5,8,Yes,Yes,31.363338,0
8,2040,No,4,11,No,Yes,22.186956,0
38,2036,Yes,7,10,No,Yes,19.911053,2036
9,2040,No,3,9,Yes,No,33.227966,0
38,2035,No,7,10,Yes,Yes,22.124157,2036
10,2039,No,6,9,No,Yes,22.500765,0
29,2033,No,3,10,No,No,18.145672,0
10,2040,No,6,11,No,Yes,23.366945,0
22,2039,No,5,7,No,Yes,17.494459,0
33,2037,No,3,12,No,Yes,29.637552,2038
17,2032,No,6,11,No,No,32.139053,0
40,2034,No,4,9,Yes,No,30.829647,2036
14,2040,No,5,8,Yes,No,31.973751,0
2,2038,Yes,6,7,Yes,No,15.964108,2034
34,2038,Yes,3,9,No,No,18.971729,2038
30,2033,No,6,10,No,Yes,28.842836,0
6,2032,No,6,9,No,Yes,32.790676,0
3,2040,Yes,5,9,No,Yes,21.479301,2034
3,2036,Yes,5,9,No,Yes,15.629082,2034
10,2036,No,6,9,No,Yes,21.729494,0
36,2035,No,3,9,No,Yes,31.039469,2036
7,2033,No,5,9,No,No,22.620979,0
12,2033,No,5,9,Yes,No,21.794296,0
12,2034,No,5,11,Yes,Yes,25.383686,0
27,2035,No,6,12,Yes,Yes,26.266336,0
11,2033,No,7,13,Yes,Yes,21.322823,0
17,2034,No,6,8,Yes,No,22.131756,0
1,2036,Yes,6,8,Yes,No,34.23214,2034
27,2035,No,6,0,No,No,25.505764,0
15,2036,No,5,9,Yes,No,33.988846,0
32,2035,No,3,0,Yes,Yes,24.306381,2038
18,2034,No,5,17,Yes,Yes,19.959162,0
16,2038,No,3,9,No,No,20.19698,0
37,2036,Yes,6,9,Yes,No,17.728289,2036
3,2036,Yes,5,9,No,Yes,12.734962,2034
8,2038,No,4,11,Yes,No,32.324139,0
17,2039,No,6,7,No,Yes,27.59075,0
39,2032,No,6,19,No,Yes,20.143034,2036
13,2037,No,3,10,No,Yes,23.072222,0
9,2039,No,3,11,Yes,No,27.746738,0
4,2033,No,5,13,Yes,No,32.938282,0
40,2032,No,4,9,No,Yes,29.689758,2036
6,2037,No,6,9,Yes,No,23.738392,0
38,2035,No,7,15,No,No,35.453094,2036
40,2037,Yes,4,12,No,Yes,18.03919,2036
5,2032,No,4,8,No,No,19.096449,0
35,2039,Yes,3,7,Yes,Yes,23.013296,2038
21,2034,No,4,12,No,Yes,23.200331,0
17,2040,No,6,19,Yes,Yes,23.07333,0
9,2040,No,3,11,Yes,Yes,30.841806,0
4,2039,No,5,9,No,Yes,26.473858,0
40,2038,Yes,4,8,No,Yes,26.495634,2036
21,2034,No,4,10,No,No,25.034918,0
22,2035,No,5,9,No,No,28.735846,0
20,2036,No,4,12,Yes,Yes,20.618921,0
21,2038,No,4,9,No,Yes,29.874825,0
40,2033,No,4,9,Yes,No,30.384281,2036
15,2038,No,5,9,No,No,22.528423,0
38,2032,No,7,19,No,No,22.231949,2036
32,2033,No,3,11,Yes,No,24.463499,2038
19,2039,No,5,9,Yes,Yes,30.508556,0
23,2032,No,2,11,Yes,No,33.157902,0
35,2040,Yes,3,17,No,No,30.516584,2038
8,2036,No,4,9,Yes,No,30.567202,0
19,2038,No,5,8,Yes,No,27.608782,0
23,2034,No,2,9,No,Yes,35.011883,0
18,2037,No,5,9,No,Yes,20.837688,0
12,2040,No,5,11,No,Yes,24.282419,0
21,2040,No,4,9,Yes,Yes,16.995403,0
15,2036,No,5,9,Yes,Yes,31.598362,0
31,2035,No,3,9,No,Yes,16.906752,2038
16,2037,No,3,10,No,Yes,20.575788,0
33,2036,No,3,9,Yes,Yes,21.069761,2038
28,2032,No,3,11,Yes,No,25.358257,0
26,2035,No,4,9,No,Yes,19.948761,0
1,2033,No,6,11,No,Yes,20.851334,2034
39,2038,Yes,6,7,No,No,22.785807,2036
19,2037,No,5,7,No,Yes,33.035748,0
39,2038,Yes,6,9,Yes,Yes,15.031871,2036
4,2034,No,5,7,No,Yes,30.283855,0
2,2038,Yes,6,10,No,No,15.721081,2034
4,2040,No,5,8,Yes,No,23.196901,0
9,2040,No,3,12,Yes,Yes,26.582178,0
39,2032,No,6,11,Yes,Yes,34.376755,2036
2,2040,Yes,6,10,No,Yes,27.275806,2034
24,2034,No,5,14,Yes,No,30.186543,0
35,2035,No,3,9,No,Yes,24.155672,2038
20,2039,No,4,9,Yes,No,21.190189,0
15,2039,No,5,9,No,No,26.869467,0
4,2037,No,5,9,No,Yes,24.263069,0
31,2034,No,3,10,No,Yes,23.554388,2038
11,2036,No,7,9,Yes,Yes,31.73785,0
8,2039,No,4,10,Yes,No,25.408846,0
1,2036,Yes,6,10,Yes,Yes,15.648164,2034
9,2038,No,3,11,No,No,23.657009,0
21,2039,No,4,9,Yes,Yes,24.424963,0
7,2040,No,5,9,Yes,Yes,33.110458,0
18,2037,No,5,8,No,Yes,32.934792,0
34,2039,Yes,3,7,No,Yes,19.776236,2038
1,2039,Yes,6,10,No,No,26.895063,2034
40,2038,Yes,4,7,Yes,Yes,28.624462,2036
22,2039,No,5,12,No,Yes,17.916176,0
29,2034,No,3,9,No,Yes,18.21736,0
24,2035,No,5,10,No,Yes,26.86694,0
40,2033,No,4,9,No,No,27.509512,2036
27,2040,No,6,19,Yes,Yes,24.075539,0
20,2038,No,4,19,Yes,Yes,24.364542,0
24,2038,No,5,8,Yes,Yes,22.911474,0
37,2033,No,6,10,Yes,No,25.112968,2036
13,2034,No,3,11,Yes,Yes,32.18784,0
4,2039,No,5,9,Yes,Yes,25.924484,0
14,2036,No,5,8,No,Yes,25.873127,0
6,2040,No,6,9,No,Yes,23.5987,0
5,2034,No,4,12,No,Yes,24.770794,0
30,2037,No,6,10,No,Yes,22.133575,0
36,2034,No,3,10,Yes,Yes,31.389929,2036
8,2040,No,4,9,No,Yes,27.709829,0
19,2032,No,5,10,Yes,No,30.240587,0
2,2033,No,6,10,No,Yes,25.348211,2034
5,2033,No,4,12,Yes,Yes,23.964386,0
9,2040,No,3,9,No,Yes,28.313351,0
20,2038,No,4,9,Yes,No,21.611855,0
10,2036,No,6,9,No,No,25.6444,0
19,2039,No,5,9,No,No,26.662409,0
38,2037,Yes,7,16,Yes,Yes,23.130545,2036
31,2033,No,3,9,Yes,Yes,26.910034,2038
38,2036,Yes,7,0,Yes,Yes,27.77833,2036
1,2033,No,6,8,No,Yes,24.653803,2034
17,2039,No,6,9,Yes,No,25.16515,0
36,2033,No,3,11,Yes,No,32.900124,2036
14,2033,No,5,9,Yes,No,25.921289,0
8,2033,No,4,11,No,Yes,18.70558,0
40,2037,Yes,4,8,Yes,Yes,22.757881,2036
5,2035,No,4,9,Yes,No,31.675077,0
7,2040,No,5,9,No,Yes,26.152702,0
28,2038,No,3,11,Yes,No,22.228161,0
15,2039,No,5,12,Yes,No,31.997601,0
1,2039,Yes,6,10,Yes,Yes,28.459469,2034
39,2039,Yes,6,0,No,Yes,17.071548,2036
22,2038,No,5,11,No,Yes,29.806307,0
16,2033,No,3,9,No,Yes,28.625572,0
10,2036,No,6,14,Yes,No,25.006346,0
31,2035,No,3,8,Yes,Yes,30.96032,2038
37,2040,Yes,6,10,Yes,Yes,30.218307,2036
20,2034,No,4,9,No,No,29.429729,0
19,2033,No,5,11,Yes,Yes,21.805779,0
13,2039,No,3,11,Yes,No,22.550028,0
21,2039,No,4,10,No,Yes,23.002544,0
2,2035,Yes,6,9,No,Yes,22.08897,2034
13,2034,No,3,7,Yes,Yes,24.80147,0
32,2034,No,3,13,No,Yes,21.749075,2038
26,2036,No,4,17,Yes,No,24.682484,0
24,2039,No,5,12,No,Yes,26.381971,0
14,2034,No,5,17,No,Yes,17.485619,0
15,2033,No,5,9,Yes,Yes,19.778803,0
21,2035,No,4,9,No,Yes,20.195213,0
12,2034,No,5,9,No,No,29.474531,0
5,2038,No,4,9,Yes,Yes,23.588705,0
22,2040,No,5,9,No,No,21.20178,0
34,2037,No,3,9,No,Yes,30.490755,2038
28,2036,No,3,14,No,Yes,19.023512,0
4,2040,No,5,10,No,Yes,22.603127,0
20,2032,No,4,8,Yes,Yes,26.201397,0
14,2034,No,5,9,No,Yes,30.911957,0
25,2038,No,5,11,No,Yes,24.583263,0
39,2036,Yes,6,11,No,Yes,21.790758,2036
22,2040,No,5,9,Yes,Yes,22.534271,0
4,2034,No,5,10,No,Yes,20.895433,0
12,2036,No,5,19,Yes,Yes,14.8344,0
7,2037,No,5,9,Yes,Yes,31.157728,0
28,2035,No,3,8,No,No,33.268398,0
14,2039,No,5,9,No,Yes,24.359749,0
6,2036,No,6,9,Yes,No,18.845366,0
27,2040,No,6,9,Yes,Yes,34.25016,0
37,2035,No,6,11,Yes,Yes,29.073381,2036
32,2033,No,3,13,Yes,No,20.528925,2038
32,2034,No,3,11,Yes,Yes,28.877741,2038
23,2033,No,2,12,No,Yes,27.485039,0
10,2032,No,6,9,No,Yes,29.609261,0
10,2032,No,6,14,No,No,18.51952,0
33,2032,No,3,8,Yes,Yes,20.4923,2038
13,2032,No,3,9,No,Yes,34.354362,0
16,2034,No,3,10,No,Yes,26.692612,0
18,2035,No,5,10,Yes,Yes,19.596334,0
5,2033,No,4,9,Yes,No,37.301643,0
17,2033,No,6,8,No,No,31.059738,0
11,2036,No,7,8,Yes,No,29.064451,0
30,2038,No,6,11,No,Yes,25.752199,0
14,2035,No,5,0,Yes,No,19.640617,0
6,2035,No,6,11,No,No,20.255066,0
32,2035,No,3,9,Yes,Yes,21.527794,2038
9,2036,No,3,12,No,No,26.384016,0
31,2036,No,3,9,Yes,No,26.413649,2038
29,2033,No,3,9,Yes,No,26.63637,0
13,2034,No,3,7,Yes,Yes,26.756098,0
14,2036,No,5,10,No,Yes,21.906305,0
16,2032,No,3,9,Yes,Yes,22.561722,0
28,2038,No,3,9,Yes,Yes,25.962448,0
1,2039,Yes,6,8,No,No,32.430389,2034
23,2035,No,2,9,No,No,28.029716,0
22,2038,No,5,13,Yes,Yes,18.454002,0
32,2033,No,3,9,Yes,Yes,20.882158,2038
11,2033,No,7,12,No,No,30.234766,0
29,2034,No,3,12,Yes,Yes,22.159286,0
2,2034,Yes,6,11,Yes,Yes,19.597742,2034
23,2038,No,2,9,Yes,Yes,34.687958,0
2,2032,No,6,14,Yes,Yes,16.895693,2034
8,2032,No,4,8,No,Yes,19.914188,0
20,2037,No,4,11,Yes,Yes,25.038321,0
12,2036,No,5,9,No,Yes,18.00247,0
20,2037,No,4,9,Yes,Yes,29.238928,0
32,2034,No,3,10,No,No,33.305618,2038
23,2037,No,2,9,Yes,No,22.022882,0
38,2036,Yes,7,9,Yes,Yes,18.713066,2036
4,2034,No,5,9,Yes,No,28.808111,0
1,2039,Yes,6,10,No,Yes,22.459709,2034
8,2037,No,4,15,No,Yes,34.328701,0
25,2039,No,5,7,Yes,Yes,35.679077,0
28,2037,No,3,8,No,Yes,28.933414,0
9,2032,No,3,9,No,Yes,19.686863,0
33,2040,Yes,3,0,Yes,Yes,16.830589,2038
39,2036,Yes,6,7,Yes,No,21.116608,2036
24,2034,No,5,12,No,Yes,26.380671,0
21,2034,No,4,9,No,No,35.582062,0
20,2036,No,4,9,Yes,Yes,28.727461,0
18,2032,No,5,12,No,No,29.531816,0
3,2040,Yes,5,9,Yes,Yes,21.492718,2034
33,2039,Yes,3,9,Yes,No,30.571499,2038
28,2037,No,3,7,No,Yes,28.807379,0
40,2039,Yes,4,9,No,No,27.619997,2036
9,2034,No,3,8,Yes,Yes,24.776787,0
36,2037,Yes,3,10,Yes,Yes,32.532555,2036
6,2035,No,6,9,No,Yes,22.898136,0
23,2036,No,2,8,Yes,Yes,16.58469,0
5,2035,No,4,9,No,Yes,28.00708,0
2,2037,Yes,6,7,No,No,22.300579,2034
24,2035,No,5,9,Yes,No,22.081802,0
22,2040,No,5,10,No,No,26.570772,0
21,2038,No,4,8,No,Yes,24.857193,0
1,2032,No,6,7,No,Yes,31.817585,2034
16,2034,No,3,19,Yes,Yes,27.473757,0
34,2036,No,3,17,No,Yes,33.899593,2038
27,2032,No,6,9,Yes,No,22.377811,0
20,2040,No,4,9,Yes,Yes,29.402941,0
31,2034,No,3,0,No,No,27.10243,2038
22,2032,No,5,10,Yes,Yes,22.499418,0
28,2040,No,3,8,Yes,No,27.99765,0
35,2032,No,3,10,No,Yes,29.440214,2038
40,2032,No,4,18,Yes,Yes,31.678627,2036
11,2036,No,7,9,No,No,23.060965,0
21,2038,No,4,9,No,Yes,17.414528,0
26,2035,No,4,10,Yes,No,22.714317,0
34,2039,Yes,3,14,No,Yes,16.529751,2038
12,2035,No,5,9,Yes,Yes,30.909519,0
4,2040,No,5,10,No,Yes,34.411549,0
10,2039,No,6,9,Yes,Yes,29.727798,0
22,2036,No,5,9,Yes,Yes,30.26507,0
34,2037,No,3,8,No,Yes,26.802744,2038
21,2033,No,4,9,No,Yes,16.71418,0
26,2038,No,4,11,No,Yes,24.435648,0
33,2032,No,3,9,No,No,29.869936,2038
35,2040,Yes,3,9,Yes,Yes,26.966515,2038
40,2037,Yes,4,19,Yes,No,25.910725,2036
14,2039,No,5,10,Yes,Yes,31.870861,0
7,2038,No,5,12,No,Yes,25.565645,0
23,2038,No,2,9,No,No,29.430922,0
35,2039,Yes,3,9,No,No,25.474663,2038
22,2036,No,5,9,Yes,Yes,28.035402,0
40,2037,Yes,4,9,No,Yes,17.630013,2036
12,2038,No,5,9,No,Yes,22.167227,0
6,2039,No,6,9,Yes,Yes,27.084129,0
28,2032,No,3,9,No,No,19.544491,0
8,2040,No,4,13,Yes,Yes,27.418879,0
6,2040,No,6,9,Yes,Yes,23.850767,0
40,2038,Yes,4,7,Yes,No,23.678993,2036
8,2034,No,4,19,No,Yes,28.615021,0
33,2039,Yes,3,11,Yes,Yes,20.50872,2038
2,2034,Yes,6,8,Yes,Yes,30.033278,2034
12,2040,No,5,9,No,Yes,23.127146,0
38,2040,Yes,7,9,No,No,28.904736,2036
24,2038,No,5,11,No,Yes,26.245815,0
1,2035,Yes,6,11,Yes,Yes,30.248007,2034
29,2039,No,3,11,No,Yes,33.898018,0
18,2039,No,5,17,No,Yes,20.933815,0
24,2040,No,5,10,No,Yes,28.480654,0
23,2039,No,2,11,Yes,Yes,33.720009,0
32,2032,No,3,8,No,Yes,19.949995,2038
37,2033,No,6,9,No,Yes,26.303751,2036
24,2038,No,5,11,Yes,Yes,30.357409,0
22,2032,No,5,7,No,Yes,19.026945,0
17,2034,No,6,9,No,No,24.706324,0
37,2039,Yes,6,9,Yes,No,20.072531,2036
5,2035,No,4,10,No,Yes,27.058191,0
31,2037,No,3,9,No,No,30.0263,2038
37,2039,Yes,6,8,Yes,Yes,27.209181,2036
6,2039,No,6,10,Yes,Yes,26.637352,0
4,2035,No,5,0,Yes,No,19.687899,0
27,2040,No,6,12,No,Yes,30.393736,0
1,2035,Yes,6,9,Yes,Yes,17.981846,2034
18,2039,No,5,8,Yes,Yes,26.701742,0
27,2035,No,6,7,No,No,28.738691,0
8,2032,No,4,9,Yes,Yes,33.416344,0
32,2037,No,3,9,Yes,No,22.350563,2038
14,2034,No,5,12,No,Yes,24.870394,0
11,2032,No,7,15,No,Yes,18.985048,0
28,2036,No,3,10,No,No,25.464228,0
35,2032,No,3,9,Yes,Yes,27.835655,2038
37,2040,Yes,6,9,Yes,No,32.194824,2036
36,2040,Yes,3,10,Yes,No,28.936193,2036
33,2035,No,3,13,Yes,No,22.73241,2038
16,2038,No,3,11,No,No,33.927277,0
12,2039,No,5,8,Yes,No,30.890099,0
27,2039,No,6,9,Yes,No,25.447138,0
24,2034,No,5,10,Yes,Yes,25.671589,0
27,2036,No,6,10,No,No,23.44957,0
13,2033,No,3,9,Yes,No,30.348108,0
2,2033,No,6,9,No,No,20.953812,2034
36,2032,No,3,10,No,Yes,28.810213,2036
11,2036,No,7,8,Yes,No,31.966324,0
3,2040,Yes,5,9,No,No,19.389639,2034
23,2037,No,2,13,No,Yes,27.605127,0
28,2033,No,3,11,Yes,Yes,29.902802,0
5,2037,No,4,7,Yes,No,23.615261,0
39,2040,Yes,6,7,No,No,27.811762,2036
23,2038,No,2,8,Yes,No,26.070988,0
39,2036,Yes,6,9,Yes,Yes,28.175461,2036
39,2032,No,6,10,Yes,Yes,22.321806,2036
23,2037,No,2,9,Yes,Yes,24.667442,0
21,2039,No,4,9,Yes,No,31.688486,0
20,2035,No,4,10,No,Yes,30.074165,0
36,2034,No,3,9,No,Yes,23.203245,2036
13,2034,No,3,9,Yes,No,34.779839,0
13,2036,No,3,11,No,No,30.349663,0
20,2035,No,4,9,No,Yes,19.842421,0
1,2034,Yes,6,9,No,Yes,28.107143,2034
32,2039,Yes,3,9,Yes,Yes,29.296906,2038
33,2036,No,3,9,No,Yes,26.770462,2038
4,2033,No,5,9,Yes,No,31.665846,0
27,2033,No,6,11,Yes,No,24.001072,0
21,2038,No,4,9,No,Yes,22.49584,0
33,2035,No,3,14,Yes,No,23.138023,2038
24,2037,No,5,9,Yes,Yes,27.065231,0
8,2034,No,4,12,No,Yes,22.13765,0
31,2040,Yes,3,9,No,Yes,21.344158,2038
1,2032,No,6,9,Yes,Yes,31.98704,2034
6,2034,No,6,14,Yes,Yes,19.981409,0
14,2032,No,5,18,Yes,Yes,27.21303,0
20,2032,No,4,12,No,Yes,21.491301,0
13,2036,No,3,10,No,No,26.228725,0
18,2034,No,5,11,Yes,Yes,21.935774,0
29,2038,No,3,9,Yes,No,20.479557,0
32,2035,No,3,17,Yes,Yes,24.798395,2038
18,2037,No,5,9,No,Yes,26.434097,0
26,2040,No,4,9,No,Yes,26.92841,0
20,2039,No,4,8,No,No,28.658224,0
38,2040,Yes,7,9,No,No,23.504656,2036
13,2035,No,3,12,No,No,26.37797,0
27,2036,No,6,10,Yes,No,28.974318,0
38,2040,Yes,7,9,Yes,No,19.702723,2036
11,2033,No,7,11,No,No,28.646757,0
27,2032,No,6,10,Yes,No,23.485357,0
23,2034,No,2,13,Yes,Yes,24.80748,0
30,2037,No,6,12,Yes,No,33.705067,0
4,2037,No,5,7,No,Yes,26.044188,0
10,2039,No,6,9,Yes,Yes,31.143053,0
3,2035,Yes,5,13,No,Yes,27.749414,2034
27,2038,No,6,10,No,Yes,32.316181,0
4,2038,No,5,9,Yes,Yes,25.765219,0
15,2038,No,5,11,No,Yes,21.254915,0
2,2035,Yes,6,9,Yes,No,19.570749,2034
19,2037,No,5,9,No,Yes,21.462826,0
21,2034,No,4,11,No,No,32.064777,0
11,2040,No,7,9,No,Yes,24.588295,0
37,2040,Yes,6,10,No,Yes,23.916883,2036
33,2032,No,3,9,No,Yes,23.654955,2038
25,2035,No,5,10,Yes,Yes,18.417196,0
3,2033,No,5,10,No,Yes,21.360886,2034
29,2037,No,3,7,No,Yes,28.153219,0
19,2034,No,5,9,Yes,Yes,32.312256,0
39,2033,No,6,9,Yes,Yes,31.448692,2036
8,2037,No,4,9,No,No,26.202028,0
18,2034,No,5,9,No,Yes,28.215176,0
13,2035,No,3,9,No,Yes,27.229681,0
29,2036,No,3,10,Yes,No,19.6996,0
13,2038,No,3,18,No,No,24.790768,0
17,2035,No,6,9,Yes,Yes,24.662844,0
30,2039,No,6,9,Yes,No,18.572344,0
34,2037,No,3,12,No,Yes,16.324865,2038
35,2036,No,3,13,No,No,21.766779,2038
33,2039,Yes,3,12,No,No,29.893261,2038
5,2032,No,4,7,No,Yes,30.054966,0
32,2038,Yes,3,18,Yes,Yes,24.623875,2038
31,2036,No,3,9,No,No,19.355556,2038
9,2034,No,3,9,Yes,No,16.431515,0
18,2032,No,5,9,Yes,Yes,30.435602,0
33,2032,No,3,9,Yes,No,27.806265,2038
36,2039,Yes,3,10,Yes,Yes,24.731344,2036
34,2033,No,3,9,No,No,27.792255,2038
23,2039,No,2,9,Yes,No,31.934481,0
11,2032,No,7,9,Yes,No,21.339025,0
34,2032,No,3,9,No,Yes,17.945499,2038
36,2035,No,3,18,Yes,No,31.826302,2036
16,2039,No,3,13,No,Yes,24.007034,0
26,2035,No,4,8,No,No,21.38695,0
31,2036,No,3,9,Yes,No,27.624308,2038
25,2036,No,5,13,No,No,30.452232,0
32,2035,No,3,13,No,Yes,24.737066,2038
22,2036,No,5,9,Yes,No,22.167812,0
22,2037,No,5,10,Yes,No,24.066433,0
2,2034,Yes,6,9,No,Yes,25.695829,2034
37,2032,No,6,6,No,Yes,24.244396,2036
10,2037,No,6,9,Yes,Yes,21.508364,0
17,2037,No,6,8,Yes,Yes,28.092621,0
32,2038,Yes,3,9,No,No,27.320715,2038
20,2036,No,4,9,No,Yes,35.154678,0
37,2037,Yes,6,9,No,Yes,25.370554,2036
7,2034,No,5,9,Yes,No,32.856239,0
10,2039,No,6,9,No,Yes,28.402796,0
17,2033,No,6,9,No,Yes,30.154316,0
33,2039,Yes,3,12,No,No,21.230103,2038
30,2033,No,6,15,No,Yes,21.893314,0
12,2037,No,5,9,No,Yes,17.071264,0
4,2040,No,5,13,Yes,Yes,33.301289,0
20,2035,No,4,7,No,Yes,19.598984,0
23,2034,No,2,10,Yes,Yes,21.297642,0
11,2035,No,7,12,No,No,22.765406,0
24,2033,No,5,7,No,Yes,32.361858,0
8,2039,No,4,11,Yes,Yes,21.343178,0
35,2040,Yes,3,7,Yes,Yes,15.547528,2038
34,2033,No,3,7,Yes,No,35.158878,2038
1,2040,Yes,6,9,Yes,Yes,24.992332,2034
5,2040,No,4,11,No,Yes,25.917709,0
37,2035,No,6,9,No,Yes,26.636097,2036
30,2035,No,6,9,No,Yes,26.977667,0
20,2040,No,4,13,Yes,Yes,31.416359,0
28,2037,No,3,6,No,Yes,31.315159,0
38,2032,No,7,19,No,No,27.242964,2036
40,2032,No,4,11,Yes,Yes,33.112335,2036
38,2033,No,7,10,Yes,Yes,24.411518,2036
24,2038,No,5,10,No,No,30.332531,0
9,2038,No,3,9,No,No,25.28208,0
17,2036,No,6,11,No,No,28.010241,0
33,2035,No,3,8,No,No,23.516544,2038
10,2038,No,6,9,Yes,Yes,26.17794,0
25,2040,No,5,10,No,No,20.028662,0
20,2032,No,4,9,No,Yes,24.893766,0
24,2032,No,5,0,No,No,26.923475,0
10,2036,No,6,16,Yes,No,30.929482,0
4,2035,No,5,8,No,Yes,20.462929,0
32,2035,No,3,9,Yes,Yes,17.926634,2038
1,2032,No,6,12,Yes,Yes,31.310526,2034
24,2033,No,5,10,Yes,Yes,34.589657,0
3,2039,Yes,5,10,Yes,Yes,28.442694,2034
35,2039,Yes,3,12,Yes,No,21.630262,2038
18,2032,No,5,13,Yes,Yes,23.142572,0
1,2037,Yes,6,9,Yes,Yes,21.932928,2034
2,2034,Yes,6,9,No,Yes,27.195152,2034
38,2034,No,7,8,Yes,Yes,18.660149,2036
33,2038,Yes,3,9,No,Yes,25.593359,2038
21,2032,No,4,10,No,No,23.309952,0
18,2040,No,5,8,Yes,Yes,19.704845,0
18,2039,No,5,9,No,Yes,20.390406,0
19,2032,No,5,7,No,Yes,29.191399,0
8,2035,No,4,9,No,Yes,21.828876,0
37,2039,Yes,6,9,Yes,No,35.059444,2036
30,2040,No,6,10,Yes,No,26.218679,0
20,2033,No,4,14,Yes,No,30.417852,0
2,2038,Yes,6,7,No,Yes,23.264259,2034
6,2039,No,6,10,Yes,No,23.622797,0
6,2034,No,6,0,No,Yes,22.981176,0
28,2037,No,3,10,No,Yes,27.963188,0
40,2040,Yes,4,19,No,Yes,23.062828,2036
21,2035,No,4,9,No,Yes,28.535776,0
17,2035,No,6,10,No,No,20.97401,0
29,2032,No,3,10,No,Yes,28.603722,0
15,2040,No,5,9,No,Yes,30.852419,0
1,2038,Yes,6,8,Yes,No,25.421492,2034
18,2039,No,5,9,Yes,Yes,26.659372,0
12,2034,No,5,9,No,Yes,15.611863,0
23,2037,No,2,9,Yes,Yes,28.678461,0
23,2038,No,2,9,No,Yes,17.557442,0
4,2038,No,5,10,No,Yes,27.663677,0
31,2035,No,3,7,No,No,22.052038,2038
12,2039,No,5,7,Yes,Yes,26.729479,0
23,2039,No,2,14,No,No,33.236134,0
17,2034,No,6,11,No,Yes,24.728632,0
33,2037,No,3,17,No,Yes,23.600111,2038
23,2039,No,2,10,Yes,Yes,29.890369,0
15,2037,No,5,18,Yes,Yes,31.921774,0
29,2037,No,3,14,No,No,22.387293,0
40,2033,No,4,11,No,No,28.194672,2036
6,2038,No,6,0,No,No,22.523735,0
1,2038,Yes,6,8,Yes,No,22.831369,2034
11,2038,No,7,11,No,Yes,29.57086,0
29,2040,No,3,9,Yes,Yes,26.234259,0
11,2034,No,7,9,No,Yes,22.711033,0
31,2033,No,3,9,No,Yes,28.536272,2038
2,2040,Yes,6,8,Yes,Yes,29.923071,2034
10,2032,No,6,9,No,No,16.407448,0
12,2039,No,5,9,Yes,Yes,22.920511,0
24,2032,No,5,9,Yes,No,29.050026,0
38,2034,No,7,9,Yes,Yes,28.363104,2036
17,2034,No,6,11,No,No,29.274916,0
3,2036,Yes,5,9,Yes,Yes,26.162888,2034
11,2034,No,7,11,Yes,Yes,22.549368,0
16,2032,No,3,12,No,No,26.434061,0
1,2033,No,6,9,Yes,Yes,19.410879,2034
3,2035,Yes,5,9,Yes,Yes,26.291977,2034
29,2033,No,3,10,Yes,No,33.886669,0
5,2038,No,4,13,No,No,19.050739,0
2,2039,Yes,6,9,No,Yes,24.284277,2034
23,2039,No,2,8,No,Yes,28.976021,0
28,2038,No,3,9,No,Yes,28.750257,0
15,2036,No,5,7,No,No,27.531479,0
12,2037,No,5,7,No,Yes,32.148315,0
27,2038,No,6,9,Yes,Yes,21.92403,0
33,2040,Yes,3,9,Yes,Yes,15.351438,2038
4,2038,No,5,9,Yes,Yes,30.406809,0
1,2039,Yes,6,7,Yes,Yes,20.908159,2034
15,2036,No,5,8,No,Yes,16.3011,0
8,2032,No,4,7,Yes,Yes,24.503012,0
31,2039,Yes,3,9,No,Yes,19.577398,2038
22,2036,No,5,9,Yes,Yes,27.251303,0
24,2033,No,5,9,No,Yes,20.834002,0
7,2036,No,5,10,Yes,No,30.665653,0
7,2033,No,5,7,No,Yes,33.779907,0
11,2032,No,7,9,No,Yes,24.607189,0
16,2035,No,3,13,Yes,No,25.730255,0
6,2037,No,6,9,Yes,Yes,16.515089,0
33,2034,No,3,12,No,Yes,18.494556,2038
11,2038,No,7,11,Yes,Yes,32.94083,0
4,2038,No,5,11,No,Yes,31.574223,0
34,2034,No,3,13,Yes,No,30.971037,2038
21,2035,No,4,9,Yes,No,19.454519,0
33,2034,No,3,10,Yes,Yes,21.75008,2038
36,2036,Yes,3,8,No,Yes,20.248672,2036
15,2034,No,5,18,No,Yes,34.766315,0
37,2036,Yes,6,9,Yes,Yes,28.064791,2036
33,2035,No,3,9,No,Yes,18.993765,2038
40,2035,No,4,10,No,No,26.062031,2036
33,2036,No,3,8,Yes,No,30.918436,2038
25,2039,No,5,9,Yes,Yes,22.102213,0
13,2038,No,3,9,Yes,Yes,27.173466,0
22,2037,No,5,9,Yes,Yes,20.426195,0
4,2037,No,5,11,Yes,No,33.812824,0
25,2038,No,5,19,No,Yes,29.031292,0
5,2035,No,4,9,Yes,Yes,28.42551,0
27,2039,No,6,10,Yes,Yes,19.928164,0
24,2035,No,5,9,No,Yes,25.035828,0
5,2035,No,4,10,Yes,Yes,22.893749,0
18,2033,No,5,8,No,No,23.612741,0
36,2037,Yes,3,9,No,No,21.864996,2036
14,2038,No,5,12,No,Yes,21.9569,0
37,2033,No,6,9,Yes,No,27.503738,2036
34,2034,No,3,6,No,Yes,18.040071,2038
23,2038,No,2,9,Yes,Yes,26.296738,0
32,2039,Yes,3,9,Yes,Yes,25.517242,2038
17,2035,No,6,9,No,No,24.966448,0
27,2035,No,6,15,Yes,Yes,19.47901,0
21,2040,No,4,9,No,Yes,17.898327,0
27,2037,No,6,11,No,Yes,22.300877,0
7,2035,No,5,9,No,Yes,30.902555,0
36,2032,No,3,11,Yes,Yes,24.776537,2036
33,2034,No,3,10,No,No,34.052856,2038
23,2040,No,2,9,No,Yes,27.566145,0
38,2040,Yes,7,9,No,No,21.709101,2036
34,2038,Yes,3,8,No,No,19.650631,2038
13,2040,No,3,9,No,Yes,22.260302,0
36,2038,Yes,3,7,Yes,Yes,21.186911,2036
31,2032,No,3,11,No,Yes,26.149513,2038
9,2033,No,3,10,Yes,Yes,23.740017,0
3,2040,Yes,5,12,Yes,No,26.222454,2034
21,2035,No,4,9,No,Yes,20.225489,0
30,2032,No,6,8,Yes,Yes,22.721479,0
18,2040,No,5,9,No,No,26.07062,0
17,2039,No,6,9,No,Yes,30.270847,0
13,2040,No,3,12,No,Yes,27.327354,0
3,2038,Yes,5,8,No,Yes,24.206661,2034
39,2032,No,6,10,No,Yes,23.325695,2036
5,2035,No,4,8,Yes,Yes,18.568983,0
38,2039,Yes,7,9,No,Yes,26.173651,2036
30,2039,No,6,9,Yes,No,32.183064,0
28,2037,No,3,8,Yes,No,21.328712,0
2,2034,Yes,6,10,No,No,30.646847,2034
15,2032,No,5,8,Yes,No,27.509144,0
31,2034,No,3,8,No,No,19.271427,2038
2,2037,Yes,6,9,No,Yes,20.994673,2034
13,2032,No,3,9,Yes,No,27.305779,0
23,2039,No,2,9,No,Yes,29.200098,0
28,2035,No,3,9,Yes,No,18.929375,0
20,2037,No,4,9,No,Yes,21.263525,0
8,2040,No,4,10,No,Yes,30.966381,0
26,2038,No,4,9,Yes,Yes,24.27529,0
8,2037,No,4,10,No,No,31.241409,0
26,2039,No,4,18,Yes,Yes,25.392874,0
8,2040,No,4,18,Yes,No,17.343826,0
17,2038,No,6,9,No,No,28.871031,0
37,2034,No,6,9,No,No,27.974421,2036
29,2038,No,3,14,Yes,Yes,33.754402,0
24,2035,No,5,9,No,Yes,32.831501,0
18,2039,No,5,9,Yes,Yes,31.991707,0
9,2034,No,3,9,No,No,28.337961,0
20,2035,No,4,19,No,Yes,24.830999,0
36,2033,No,3,10,Yes,Yes,27.102934,2036
26,2039,No,4,8,Yes,No,32.665451,0
37,2039,Yes,6,9,Yes,Yes,26.69496,2036
27,2034,No,6,17,Yes,No,22.179222,0
22,2037,No,5,9,No,Yes,26.318392,0
3,2032,No,5,15,Yes,Yes,24.838959,2034
5,2038,No,4,8,No,Yes,32.409412,0
17,2038,No,6,9,No,Yes,20.239704,0
30,2033,No,6,9,Yes,No,25.484997,0
10,2037,No,6,17,Yes,No,29.031057,0
36,2033,No,3,8,Yes,No,24.914204,2036
30,2035,No,6,9,No,Yes,19.672405,0
20,2036,No,4,9,No,Yes,22.331251,0
29,2032,No,3,14,Yes,Yes,33.012764,0
19,2032,No,5,9,No,Yes,31.948046,0
18,2035,No,5,9,No,Yes,22.314512,0
29,2035,No,3,11,Yes,Yes,33.058628,0
25,2038,No,5,7,Yes,Yes,31.848907,0
25,2037,No,5,8,Yes,No,30.959154,0
9,2033,No,3,9,No,Yes,16.191725,0
21,2036,No,4,11,Yes,No,19.410154,0
31,2036,No,3,8,No,No,28.339787,2038
34,2035,No,3,11,Yes,No,28.257185,2038
31,2036,No,3,7,Yes,Yes,27.48546,2038
26,2039,No,4,9,No,No,26.572113,0
22,2037,No,5,12,Yes,Yes,29.922073,0
32,2038,Yes,3,7,Yes,Yes,29.210163,2038
37,2034,No,6,9,Yes,No,23.48793,2036
3,2034,Yes,5,10,No,Yes,25.422003,2034
17,2035,No,6,7,Yes,Yes,25.714949,0
26,2038,No,4,13,Yes,No,28.202078,0
10,2039,No,6,12,No,Yes,35.443031,0
6,2037,No,6,13,Yes,No,27.843281,0
8,2033,No,4,11,Yes,Yes,26.478802,0
40,2039,Yes,4,8,Yes,No,19.752773,2036
11,2032,No,7,9,Yes,No,24.863361,0
8,2036,No,4,9,No,Yes,28.237099,0
31,2034,No,3,18,No,Yes,29.34697,2038
31,2035,No,3,9,Yes,Yes,23.925243,2038
9,2037,No,3,9,Yes,No,31.90999,0
27,2038,No,6,9,Yes,Yes,31.924549,0
19,2037,No,5,8,Yes,Yes,27.655388,0
16,2039,No,3,8,Yes,No,32.226448,0
24,2035,No,5,9,Yes,Yes,21.500887,0
8,2035,No,4,9,Yes,No,25.561167,0
4,2037,No,5,9,No,Yes,32.623482,0
22,2039,No,5,9,Yes,No,23.494738,0
16,2033,No,3,10,Yes,Yes,30.615337,0
23,2036,No,2,12,No,Yes,21.593065,0
29,2037,No,3,9,Yes,No,27.464989,0
5,2037,No,4,19,Yes,No,25.153351,0
32,2033,No,3,9,Yes,No,19.033888,2038
39,2032,No,6,10,Yes,Yes,27.385145,2036
37,2039,Yes,6,0,Yes,No,17.852438,2036
7,2039,No,5,9,Yes,Yes,20.556101,0
37,2039,Yes,6,10,Yes,No,24.073116,2036
10,2037,No,6,8,No,Yes,25.107819,0
24,2037,No,5,7,No,Yes,29.369339,0
7,2033,No,5,0,No,Yes,24.955376,0
5,2040,No,4,11,No,No,24.767731,0
38,2034,No,7,13,No,No,22.418673,2036
21,2035,No,4,9,No,Yes,27.038467,0
30,2036,No,6,9,No,Yes,22.832674,0
19,2036,No,5,9,Yes,Yes,20.14312,0
24,2035,No,5,12,Yes,Yes,24.319843,0
15,2035,No,5,8,Yes,No,21.141932,0
36,2040,Yes,3,9,No,Yes,28.30629,2036
5,2033,No,4,12,No,No,34.246151,0
16,2034,No,3,7,Yes,Yes,30.614998,0
30,2036,No,6,12,No,Yes,16.368237,0
36,2037,Yes,3,10,No,No,28.837934,2036
18,2036,No,5,9,Yes,Yes,21.578289,0
39,2040,Yes,6,10,No,Yes,28.51103,2036
19,2032,No,5,9,No,Yes,27.160103,0
21,2038,No,4,19,Yes,Yes,25.545198,0
1,2032,No,6,9,Yes,No,32.968479,2034
29,2036,No,3,10,Yes,Yes,24.846695,0
17,2037,No,6,9,No,Yes,24.041071,0
20,2035,No,4,2,Yes,Yes,25.405695,0
25,2032,No,5,11,Yes,Yes,25.086592,0
14,2037,No,5,7,Yes,Yes,31.392759,0
24,2040,No,5,10,Yes,No,29.706421,0
25,2032,No,5,9,No,No,23.108551,0
21,2038,No,4,7,Yes,Yes,21.189032,0
32,2035,No,3,11,No,Yes,28.715786,2038
3,2038,Yes,5,11,Yes,Yes,24.919182,2034
19,2035,No,5,11,Yes,Yes,17.88002,0
18,2036,No,5,7,No,Yes,21.190844,0
40,2037,Yes,4,9,No,Yes,21.698137,2036
13,2037,No,3,10,Yes,Yes,23.39049,0
37,2036,Yes,6,9,Yes,No,21.805485,2036
15,2032,No,5,19,No,Yes,31.204313,0
23,2038,No,2,6,No,No,29.255735,0
2,2033,No,6,9,Yes,No,28.312515,2034
32,2033,No,3,9,No,Yes,23.50691,2038
9,2037,No,3,7,Yes,Yes,29.85463,0
37,2032,No,6,11,No,No,31.642866,2036
25,2033,No,5,8,Yes,Yes,22.692093,0
16,2035,No,3,13,No,Yes,21.747458,0
29,2040,No,3,9,No,Yes,31.361422,0
25,2037,No,5,9,No,No,24.652336,0
7,2038,No,5,9,No,Yes,22.083452,0
37,2037,Yes,6,9,Yes,Yes,20.121902,2036
3,2039,Yes,5,17,No,No,28.044165,2034
31,2038,Yes,3,9,Yes,Yes,18.198599,2038
2,2036,Yes,6,9,No,Yes,23.541241,2034
20,2033,No,4,16,Yes,No,20.574438,0
5,2039,No,4,15,No,No,25.063587,0
23,2032,No,2,9,Yes,Yes,22.07012,0
9,2040,No,3,7,Yes,Yes,25.645008,0
25,2039,No,5,8,Yes,No,25.903952,0
14,2039,No,5,10,Yes,Yes,28.222872,0
35,2038,Yes,3,13,No,No,17.771133,2038
28,2036,No,3,9,Yes,No,27.744152,0
9,2035,No,3,8,No,Yes,29.664949,0
14,2040,No,5,10,No,No,25.767574,0
39,2038,Yes,6,7,Yes,No,22.011692,2036
38,2032,No,7,11,No,Yes,34.458443,2036
9,2039,No,3,9,No,No,21.401705,0
40,2040,Yes,4,9,No,Yes,31.091421,2036
23,2032,No,2,9,No,Yes,19.369022,0
2,2040,Yes,6,8,Yes,No,18.683582,2034
40,2038,Yes,4,9,No,No,26.714872,2036
36,2032,No,3,12,No,Yes,27.26745,2036
27,2035,No,6,10,Yes,Yes,20.104277,0
39,2036,Yes,6,9,Yes,Yes,32.167362,2036
23,2040,No,2,11,Yes,Yes,21.350048,0
2,2036,Yes,6,8,Yes,Yes,27.749588,2034
20,2040,No,4,9,No,No,24.140339,0
25,2032,No,5,9,Yes,Yes,18.619186,0
33,2040,Yes,3,10,Yes,No,19.818811,2038
18,2036,No,5,10,No,No,26.184441,0
40,2040,Yes,4,9,Yes,Yes,30.33803,2036
9,2033,No,3,9,Yes,No,20.631428,0
23,2033,No,2,9,No,No,33.290703,0
4,2037,No,5,10,Yes,Yes,28.886681,0
28,2033,No,3,9,Yes,No,19.056698,0
19,2038,No,5,10,No,Yes,27.752506,0
39,2038,Yes,6,10,No,Yes,23.705315,2036
36,2032,No,3,9,Yes,Yes,28.30422,2036
23,2037,No,2,6,Yes,Yes,31.5919,0
34,2032,No,3,9,Yes,Yes,23.766392,2038
13,2035,No,3,9,No,Yes,19.262283,0
30,2032,No,6,9,Yes,Yes,24.979399,0
21,2037,No,4,10,Yes,Yes,29.258139,0
22,2040,No,5,10,Yes,Yes,25.017441,0
11,2033,No,7,18,Yes,Yes,36.351719,0
3,2037,Yes,5,12,No,Yes,31.490658,2034
22,2033,No,5,0,Yes,Yes,19.791134,0
20,2038,No,4,8,Yes,Yes,26.565542,0
36,2033,No,3,9,No,No,33.673035,2036
21,2038,No,4,7,No,Yes,21.779676,0
16,2038,No,3,7,No,Yes,25.697336,0
1,2032,No,6,9,No,Yes,24.745636,2034
11,2035,No,7,9,Yes,Yes,27.756687,0
17,2036,No,6,19,Yes,No,29.122257,0
35,2035,No,3,9,Yes,Yes,19.933859,2038
23,2038,No,2,11,Yes,No,28.788898,0
33,2037,No,3,9,No,Yes,24.551479,2038
23,2036,No,2,11,Yes,No,23.725569,0
2,2038,Yes,6,9,Yes,Yes,29.225538,2034
9,2032,No,3,7,Yes,No,24.560478,0
27,2033,No,6,9,No,No,20.850718,0
18,2039,No,5,11,No,Yes,19.945183,0
3,2039,Yes,5,9,No,Yes,22.071671,2034
6,2038,No,6,8,No,Yes,21.307064,0
38,2034,No,7,12,Yes,No,22.088108,2036
18,2038,No,5,7,No,Yes,29.4445,0
17,2040,No,6,7,No,No,20.934488,0
11,2037,No,7,10,No,Yes,26.321186,0
19,2034,No,5,10,Yes,No,19.978846,0
31,2040,Yes,3,18,No,Yes,14.510718,2038
30,2036,No,6,10,Yes,Yes,22.707588,0
18,2038,No,5,17,No,Yes,25.633039,0
7,2036,No,5,9,Yes,No,24.489281,0
9,2037,No,3,9,Yes,Yes,31.015341,0
20,2032,No,4,9,Yes,No,26.681368,0
8,2032,No,4,19,Yes,Yes,16.815905,0
39,2039,Yes,6,9,Yes,No,20.401361,2036
6,2039,No,6,9,No,Yes,27.806009,0
26,2033,No,4,10,Yes,No,22.746925,0
8,2039,No,4,9,No,No,31.823307,0
1,2038,Yes,6,13,Yes,Yes,25.583099,2034
34,2033,No,3,9,No,Yes,18.954121,2038
8,2038,No,4,10,No,No,29.588411,0
34,2033,No,3,8,No,Yes,29.125572,2038
40,2038,Yes,4,9,Yes,Yes,27.297611,2036
22,2038,No,5,9,No,Yes,19.716076,0
19,2040,No,5,9,Yes,Yes,19.575874,0
30,2035,No,6,9,No,Yes,28.319046,0
17,2038,No,6,8,Yes,Yes,31.359102,0
9,2039,No,3,9,No,No,18.908352,0
8,2040,No,4,9,Yes,Yes,31.504944,0
39,2038,Yes,6,9,No,No,18.605719,2036
21,2035,No,4,9,Yes,Yes,31.036819,0
37,2034,No,6,16,Yes,No,21.832518,2036
39,2038,Yes,6,12,Yes,Yes,14.222007,2036
39,2040,Yes,6,7,No,No,26.073807,2036
25,2032,No,5,19,No,No,21.825188,0
12,2036,No,5,12,Yes,Yes,32.464302,0
18,2035,No,5,9,No,Yes,22.253653,0
27,2034,No,6,8,Yes,Yes,30.150005,0
34,2039,Yes,3,9,Yes,Yes,26.923145,2038
35,2033,No,3,9,Yes,No,26.851564,2038
22,2037,No,5,9,Yes,Yes,21.146269,0
31,2033,No,3,10,Yes,Yes,28.333811,2038
17,2033,No,6,8,No,No,30.109777,0
39,2038,Yes,6,8,Yes,Yes,16.102779,2036
36,2036,Yes,3,8,No,No,27.984043,2036
40,2037,Yes,4,9,Yes,Yes,21.248966,2036
30,2039,No,6,11,Yes,No,37.604492,0
3,2040,Yes,5,9,No,Yes,18.900913,2034
17,2032,No,6,7,Yes,Yes,25.478582,0
8,2034,No,4,7,Yes,Yes,25.481159,0
25,2034,No,5,9,Yes,Yes,21.171225,0
6,2037,No,6,9,Yes,Yes,24.4505,0
35,2038,Yes,3,7,No,No,18.44208,2038
6,2035,No,6,9,No,No,31.254198,0
23,2038,No,2,9,No,No,22.167612,0
2,2034,Yes,6,11,Yes,Yes,32.033806,2034
28,2034,No,3,4,Yes,Yes,36.828899,0
4,2035,No,5,13,Yes,No,31.188782,0
22,2040,No,5,13,Yes,Yes,21.053223,0
15,2040,No,5,9,Yes,No,33.735607,0
37,2039,Yes,6,11,Yes,Yes,15.966678,2036
14,2035,No,5,10,Yes,No,28.154762,0
19,2038,No,5,8,Yes,No,25.76244,0
30,2037,No,6,12,Yes,Yes,29.894365,0
14,2033,No,5,11,No,Yes,23.625259,0
11,2034,No,7,9,No,Yes,21.970638,0
20,2040,No,4,11,Yes,Yes,19.615158,0
35,2033,No,3,15,Yes,No,32.202244,2038
3,2035,Yes,5,9,No,Yes,23.577076,2034
36,2034,No,3,13,Yes,Yes,14.518018,2036
39,2035,No,6,7,No,Yes,21.98782,2036
5,2036,No,4,9,Yes,No,28.94578,0
27,2037,No,6,9,No,Yes,36.302032,0
7,2032,No,5,8,Yes,No,21.701643,0
33,2036,No,3,9,Yes,Yes,25.627462,2038
20,2039,No,4,10,No,Yes,21.617126,0
34,2034,No,3,19,No,Yes,20.528749,2038
34,2035,No,3,9,Yes,No,27.664837,2038
15,2033,No,5,13,Yes,No,32.898014,0
28,2040,No,3,9,No,Yes,31.060442,0
10,2032,No,6,9,Yes,No,32.70755,0
12,2038,No,5,9,No,Yes,21.108547,0
6,2033,No,6,9,No,No,22.137207,0
29,2040,No,3,9,No,No,24.635859,0
24,2032,No,5,8,Yes,Yes,20.268354,0
13,2034,No,3,9,Yes,Yes,20.772165,0
32,2039,Yes,3,9,Yes,Yes,29.273148,2038
21,2038,No,4,10,Yes,No,30.401213,0
35,2037,No,3,10,No,Yes,15.473976,2038
16,2035,No,3,10,Yes,No,28.698162,0
13,2040,No,3,9,Yes,Yes,24.681108,0
6,2037,No,6,9,Yes,Yes,22.484604,0
4,2033,No,5,11,No,Yes,34.107834,0
5,2034,No,4,11,No,Yes,34.130791,0
6,2038,No,6,15,Yes,Yes,21.730152,0
7,2036,No,5,9,No,Yes,28.307224,0
29,2036,No,3,8,Yes,Yes,21.652657,0
32,2034,No,3,9,Yes,Yes,35.766014,2038
34,2032,No,3,17,No,Yes,33.366058,2038
24,2035,No,5,7,Yes,No,24.465834,0
37,2033,No,6,9,Yes,Yes,31.951145,2036
17,2038,No,6,11,No,No,25.406996,0
16,2033,No,3,12,No,No,31.215065,0
7,2036,No,5,18,No,No,33.566753,0
36,2034,No,3,9,No,Yes,31.672718,2036
23,2039,No,2,9,Yes,Yes,31.840471,0
11,2039,No,7,8,No,No,19.114153,0
39,2034,No,6,10,No,Yes,22.260551,2036
7,2033,No,5,13,No,Yes,31.646687,0
15,2039,No,5,14,Yes,Yes,22.359447,0
25,2035,No,5,9,No,No,24.230902,0
26,2035,No,4,12,Yes,Yes,19.231359,0
6,2040,No,6,7,Yes,Yes,24.223013,0
22,2039,No,5,12,No,No,19.209854,0
40,2036,Yes,4,9,Yes,No,33.460564,2036
37,2039,Yes,6,11,No,Yes,24.125401,2036
37,2040,Yes,6,16,Yes,No,23.850594,2036
13,2035,No,3,9,No,Yes,22.610359,0
20,2039,No,4,13,No,No,28.561249,0
8,2032,No,4,8,No,Yes,25.963614,0
26,2035,No,4,12,No,Yes,35.074921,0
17,2034,No,6,9,Yes,Yes,25.696342,0
21,2032,No,4,10,No,Yes,25.005724,0
25,2036,No,5,12,No,Yes,22.412689,0
13,2037,No,3,9,Yes,No,24.423138,0
27,2037,No,6,9,No,Yes,19.775188,0
4,2038,No,5,11,Yes,No,19.707384,0
23,2034,No,2,8,Yes,Yes,31.675941,0
36,2033,No,3,11,Yes,Yes,30.050886,2036
9,2038,No,3,14,No,Yes,24.87619,0
18,2039,No,5,10,No,Yes,35.176868,0
30,2033,No,6,9,Yes,No,25.486498,0
20,2040,No,4,9,No,Yes,29.329367,0
31,2032,No,3,13,Yes,No,25.184771,2038
32,2038,Yes,3,9,Yes,Yes,24.196632,2038
1,2039,Yes,6,13,No,Yes,19.681257,2034
7,2037,No,5,19,Yes,Yes,24.321144,0
10,2036,No,6,10,Yes,Yes,24.604855,0
24,2037,No,5,8,Yes,No,23.232105,0
26,2037,No,4,14,No,Yes,29.991493,0
16,2033,No,3,1,Yes,Yes,20.219164,0
1,2037,Yes,6,9,Yes,Yes,16.941105,2034
13,2035,No,3,9,Yes,Yes,19.585999,0
35,2038,Yes,3,10,No,No,21.796623,2038
34,2035,No,3,9,No,No,30.498495,2038
28,2035,No,3,9,No,No,34.481308,0
16,2036,No,3,14,Yes,No,25.616159,0
33,2036,No,3,10,Yes,No,32.913425,2038
21,2039,No,4,9,Yes,No,24.494551,0
25,2036,No,5,9,No,No,21.522375,0
23,2040,No,2,15,No,Yes,20.721331,0
38,2040,Yes,7,9,No,No,32.352013,2036
40,2036,Yes,4,18,No,Yes,23.803854,2036
28,2039,No,3,8,Yes,No,30.047886,0
7,2032,No,5,9,Yes,Yes,21.613115,0
32,2032,No,3,11,No,No,19.216583,2038
17,2033,No,6,9,Yes,Yes,29.821508,0
19,2037,No,5,16,Yes,No,21.507366,0
5,2038,No,4,13,Yes,No,24.487701,0
7,2039,No,5,8,No,Yes,20.545237,0
30,2037,No,6,12,No,Yes,25.767693,0
10,2038,No,6,13,Yes,Yes,33.547626,0
37,2038,Yes,6,8,Yes,No,17.507338,2036
36,2036,Yes,3,9,Yes,Yes,29.077051,2036
25,2035,No,5,10,No,Yes,28.315676,0
28,2035,No,3,10,No,Yes,20.075129,0
36,2032,No,3,9,No,Yes,27.368454,2036
1,2032,No,6,11,Yes,Yes,21.525284,2034
11,2033,No,7,11,Yes,No,19.520163,0
14,2039,No,5,8,Yes,Yes,20.424963,0
6,2032,No,6,9,No,Yes,25.204094,0
38,2040,Yes,7,10,No,Yes,25.126459,2036
4,2035,No,5,8,Yes,Yes,23.930056,0
3,2039,Yes,5,9,Yes,Yes,29.886045,2034
36,2036,Yes,3,11,No,Yes,24.287817,2036
21,2033,No,4,9,No,No,32.98875,0
20,2037,No,4,10,Yes,Yes,21.270683,0
21,2034,No,4,11,No,No,21.253736,0
16,2035,No,3,9,No,Yes,28.657991,0
4,2039,No,5,10,Yes,Yes,19.708252,0
29,2036,No,3,0,Yes,Yes,21.208698,0
32,2038,Yes,3,9,No,Yes,22.490589,2038
36,2037,Yes,3,11,Yes,Yes,26.912682,2036
14,2032,No,5,10,No,Yes,21.807302,0
8,2035,No,4,8,Yes,No,26.537445,0
24,2033,No,5,0,No,Yes,27.90373,0
7,2039,No,5,7,Yes,Yes,20.06258,0
12,2038,No,5,9,No,No,27.447466,0
18,2036,No,5,9,No,Yes,24.382301,0
18,2037,No,5,9,No,Yes,19.104589,0
20,2034,No,4,9,No,Yes,24.837757,0
39,2040,Yes,6,9,Yes,No,22.710234,2036
9,2040,No,3,9,No,Yes,22.223055,0
25,2034,No,5,8,No,No,27.729204,0
18,2036,No,5,9,Yes,No,29.999014,0
26,2034,No,4,11,No,No,21.651365,0
37,2034,No,6,11,No,Yes,24.031525,2036
4,2036,No,5,13,Yes,No,21.549683,0
9,2034,No,3,12,No,Yes,29.306028,0
33,2032,No,3,8,No,No,29.821068,2038
29,2038,No,3,12,No,Yes,32.785385,0
24,2036,No,5,9,Yes,No,24.972284,0
22,2040,No,5,11,Yes,No,20.548992,0
2,2035,Yes,6,12,Yes,Yes,25.500015,2034
39,2032,No,6,9,No,Yes,22.48621,2036
20,2039,No,4,7,No,Yes,23.478718,0
27,2039,No,6,9,No,Yes,27.285831,0
8,2039,No,4,9,Yes,Yes,26.018675,0
22,2033,No,5,9,Yes,No,29.880896,0
25,2032,No,5,11,Yes,Yes,29.56702,0
9,2040,No,3,12,Yes,Yes,33.267559,0
1,2039,Yes,6,12,Yes,Yes,20.572744,2034
21,2040,No,4,12,No,No,18.511,0
23,2035,No,2,9,Yes,No,26.86097,0
27,2034,No,6,9,Yes,Yes,29.907249,0
12,2035,No,5,11,No,Yes,21.15494,0
30,2040,No,6,8,Yes,Yes,29.864353,0
30,2039,No,6,8,No,Yes,25.821398,0
17,2040,No,6,13,No,No,19.546698,0
32,2036,No,3,11,Yes,Yes,24.735199,2038
25,2034,No,5,10,Yes,Yes,30.191555,0
3,2036,Yes,5,17,Yes,No,31.215614,2034
1,2037,Yes,6,9,No,Yes,25.763557,2034
39,2033,No,6,10,No,Yes,24.226322,2036
7,2033,No,5,10,No,No,35.262302,0
33,2038,Yes,3,9,No,Yes,25.787258,2038
19,2036,No,5,9,No,Yes,29.081715,0
24,2035,No,5,9,No,Yes,17.964205,0
12,2037,No,5,9,No,No,33.325008,0
1,2035,Yes,6,14,No,Yes,29.914637,2034
37,2039,Yes,6,9,Yes,Yes,27.297218,2036
2,2038,Yes,6,13,Yes,Yes,17.508202,2034
34,2033,No,3,9,No,Yes,28.475002,2038
29,2038,No,3,10,Yes,Yes,16.953371,0
8,2032,No,4,9,No,Yes,22.877474,0
33,2033,No,3,10,Yes,No,21.949743,2038
29,2035,No,3,8,Yes,Yes,29.286238,0
29,2032,No,3,10,Yes,Yes,30.505421,0
1,2033,No,6,15,Yes,Yes,33.014492,2034
4,2032,No,5,9,No,Yes,28.281576,0
5,2036,No,4,15,Yes,No,28.766464,0
2,2034,Yes,6,10,Yes,Yes,32.97377,2034
24,2033,No,5,9,Yes,Yes,21.986645,0
32,2034,No,3,9,No,Yes,20.309378,2038
19,2038,No,5,13,No,No,31.473969,0
33,2038,Yes,3,11,Yes,Yes,29.662992,2038
15,2039,No,5,11,Yes,No,36.203529,0
23,2038,No,2,0,Yes,Yes,19.211742,0
10,2038,No,6,9,Yes,Yes,22.639435,0
8,2036,No,4,9,Yes,No,29.618446,0
16,2034,No,3,9,Yes,No,26.45652,0
4,2035,No,5,11,No,No,24.358847,0
35,2037,No,3,8,Yes,No,30.56881,2038
8,2037,No,4,9,Yes,Yes,22.547813,0
14,2035,No,5,9,No,Yes,34.525341,0
26,2037,No,4,9,No,Yes,27.304461,0
35,2034,No,3,8,No,No,17.135752,2038
21,2037,No,4,9,Yes,Yes,33.677536,0
2,2039,Yes,6,8,No,Yes,29.020746,2034
40,2032,No,4,10,Yes,Yes,26.268278,2036
11,2033,No,7,7,Yes,Yes,23.493849,0
40,2035,No,4,13,Yes,No,30.395945,2036
33,2033,No,3,9,No,Yes,25.2127,2038
18,2036,No,5,9,Yes,Yes,23.562805,0
37,2040,Yes,6,9,No,Yes,26.635191,2036
9,2032,No,3,18,Yes,Yes,25.51004,0
39,2038,Yes,6,13,Yes,Yes,22.17539,2036
4,2040,No,5,9,Yes,Yes,31.983631,0
11,2035,No,7,12,No,Yes,32.377632,0
30,2033,No,6,10,No,Yes,18.381498,0
13,2033,No,3,9,Yes,Yes,28.781567,0
33,2036,No,3,0,Yes,No,21.795488,2038
35,2040,Yes,3,11,Yes,Yes,21.512667,2038
2,2035,Yes,6,9,Yes,Yes,22.367371,2034
17,2035,No,6,9,Yes,Yes,31.008179,0
12,2032,No,5,9,No,Yes,23.733294,0
26,2032,No,4,10,Yes,No,21.567375,0
29,2034,No,3,9,No,No,33.935596,0
37,2036,Yes,6,16,No,Yes,22.577726,2036
34,2035,No,3,19,Yes,Yes,33.733746,2038
31,2036,No,3,7,Yes,Yes,23.138603,2038
35,2038,Yes,3,13,No,No,25.312366,2038
1,2040,Yes,6,9,No,Yes,23.765015,2034
15,2034,No,5,9,Yes,No,24.582327,0
10,2040,No,6,9,No,Yes,15.335714,0
5,2036,No,4,9,Yes,Yes,27.281025,0
18,2032,No,5,10,Yes,Yes,22.66453,0
11,2033,No,7,8,No,Yes,30.165823,0
35,2037,No,3,9,No,No,20.542034,2038
15,2036,No,5,7,Yes,Yes,28.620787,0
6,2039,No,6,12,No,Yes,32.459015,0
19,2032,No,5,9,No,No,29.046375,0
11,2039,No,7,9,Yes,No,36.037273,0
6,2038,No,6,8,No,No,33.476101,0
22,2039,No,5,9,No,Yes,33.413918,0
17,2036,No,6,9,Yes,No,19.140799,0
25,2038,No,5,7,No,No,27.19525,0
2,2035,Yes,6,9,Yes,No,29.534204,2034
30,2040,No,6,9,No,No,26.125366,0
20,2039,No,4,9,Yes,No,31.503584,0
36,2032,No,3,12,Yes,Yes,29.077244,2036
30,2034,No,6,11,Yes,No,20.935959,0
15,2035,No,5,9,No,Yes,20.061882,0
26,2035,No,4,9,No,Yes,26.391476,0
38,2032,No,7,9,No,No,19.949175,2036
10,2034,No,6,2,No,No,23.929083,0
38,2039,Yes,7,9,No,Yes,24.279051,2036
7,2034,No,5,9,No,Yes,32.915939,0
29,2033,No,3,9,No,Yes,20.347908,0
28,2034,No,3,12,No,Yes,23.638174,0
2,2038,Yes,6,9,Yes,Yes,12.970391,2034
3,2039,Yes,5,9,No,Yes,28.249392,2034
29,2039,No,3,9,No,Yes,32.610039,0
13,2032,No,3,9,No,No,28.965624,0
23,2032,No,2,10,No,Yes,20.597851,0
27,2032,No,6,9,No,No,31.64929,0
2,2036,Yes,6,10,Yes,No,28.507132,2034
35,2038,Yes,3,11,No,Yes,30.268726,2038
10,2034,No,6,14,No,No,21.744453,0
22,2037,No,5,9,Yes,Yes,17.555107,0
17,2035,No,6,10,Yes,Yes,29.929968,0
23,2038,No,2,12,No,No,22.139286,0
16,2034,No,3,12,Yes,Yes,35.483482,0
3,2034,Yes,5,14,Yes,Yes,19.688498,2034
36,2036,Yes,3,10,No,No,23.472225,2036
36,2034,No,3,9,No,No,30.310322,2036
30,2032,No,6,18,No,Yes,21.860826,0
23,2037,No,2,9,No,Yes,15.359015,0
7,2034,No,5,10,No,Yes,29.767101,0
22,2037,No,5,0,Yes,Yes,34.449554,0
38,2039,Yes,7,9,Yes,Yes,35.617691,2036
10,2033,No,6,10,No,No,27.000059,0
19,2038,No,5,9,Yes,Yes,32.294853,0
13,2035,No,3,8,No,Yes,16.119123,0
10,2038,No,6,9,Yes,Yes,32.90873,0
22,2035,No,5,10,No,Yes,20.149677,0
5,2040,No,4,8,No,No,31.002325,0
38,2034,No,7,11,Yes,Yes,33.274162,2036
27,2033,No,6,7,Yes,No,36.444256,0
38,2033,No,7,13,Yes,Yes,19.118975,2036
7,2037,No,5,9,Yes,No,31.312675,0
1,2035,Yes,6,10,Yes,Yes,27.076691,2034
18,2036,No,5,11,Yes,Yes,29.420347,0
11,2040,No,7,11,Yes,No,25.927486,0
17,2035,No,6,7,Yes,Yes,34.038433,0
34,2037,No,3,12,No,No,23.771467,2038
37,2034,No,6,7,No,Yes,17.993586,2036
30,2037,No,6,12,Yes,Yes,22.718727,0
31,2039,Yes,3,9,No,No,31.322369,2038
4,2032,No,5,9,No,Yes,24.833088,0
15,2040,No,5,9,Yes,Yes,21.546362,0
27,2033,No,6,9,Yes,No,26.911985,0
22,2036,No,5,19,Yes,Yes,20.910288,0
19,2040,No,5,9,No,No,36.157272,0
38,2033,No,7,15,Yes,Yes,29.742203,2036
40,2034,No,4,9,Yes,Yes,29.691139,2036
5,2032,No,4,19,No,Yes,31.470798,0
13,2038,No,3,12,Yes,No,31.789108,0
14,2035,No,5,7,No,Yes,28.358021,0
4,2033,No,5,10,Yes,Yes,22.37903,0
1,2036,Yes,6,17,Yes,No,24.410124,2034
24,2039,No,5,11,Yes,Yes,29.878277,0
15,2032,No,5,11,No,No,31.256073,0
39,2037,Yes,6,12,Yes,Yes,19.833059,2036
39,2038,Yes,6,10,No,Yes,22.574984,2036
31,2036,No,3,9,No,Yes,22.610785,2038
3,2039,Yes,5,9,No,Yes,29.631796,2034
31,2039,Yes,3,12,Yes,Yes,26.519934,2038
33,2037,No,3,11,No,Yes,32.480686,2038
29,2034,No,3,11,No,No,22.921354,0
35,2035,No,3,10,No,Yes,21.124247,2038
29,2034,No,3,9,Yes,Yes,29.528467,0
40,2036,Yes,4,13,Yes,Yes,28.833673,2036
4,2040,No,5,10,No,Yes,23.041739,0
33,2039,Yes,3,15,No,Yes,26.29071,2038
10,2038,No,6,19,No,No,21.237736,0
1,2039,Yes,6,10,Yes,Yes,31.309469,2034
5,2032,No,4,9,Yes,No,23.11405,0
40,2034,No,4,7,No,Yes,27.235134,2036
23,2038,No,2,11,No,No,20.30316,0
13,2035,No,3,7,Yes,Yes,23.910336,0
1,2039,Yes,6,10,No,Yes,27.876093,2034
2,2035,Yes,6,16,No,Yes,17.656528,2034
27,2034,No,6,9,Yes,Yes,23.937181,0
31,2040,Yes,3,11,Yes,Yes,25.918663,2038
14,2039,No,5,9,Yes,Yes,28.927282,0
2,2034,Yes,6,9,Yes,No,27.996355,2034
34,2038,Yes,3,9,No,Yes,21.539639,2038
15,2036,No,5,7,No,Yes,36.742729,0
17,2037,No,6,13,No,Yes,31.767557,0
28,2037,No,3,10,Yes,Yes,17.71904,0
14,2037,No,5,11,No,Yes,21.719286,0
11,2037,No,7,9,No,No,26.0298,0
13,2033,No,3,11,No,No,17.28274,0
8,2038,No,4,9,Yes,Yes,19.091858,0
22,2040,No,5,9,No,No,30.275675,0
19,2035,No,5,12,Yes,Yes,19.970001,0
12,2039,No,5,13,Yes,Yes,34.676319,0
23,2033,No,2,13,Yes,No,27.247633,0
27,2038,No,6,9,Yes,Yes,23.847378,0
2,2037,Yes,6,15,No,Yes,22.093607,2034
33,2037,No,3,9,Yes,No,20.850479,2038
27,2033,No,6,8,Yes,No,18.988676,0
39,2034,No,6,7,Yes,Yes,28.223818,2036
5,2038,No,4,12,No,No,29.108427,0
25,2033,No,5,9,Yes,Yes,30.068584,0
13,2033,No,3,9,No,Yes,29.111931,0
23,2036,No,2,8,No,Yes,26.899519,0
30,2038,No,6,8,Yes,Yes,26.577564,0
12,2038,No,5,10,No,Yes,23.756649,0
14,2038,No,5,12,No,Yes,24.738218,0
9,2036,No,3,19,Yes,Yes,23.280552,0
4,2033,No,5,9,No,No,23.857094,0
19,2032,No,5,9,Yes,No,34.771172,0
3,2037,Yes,5,14,No,Yes,20.873686,2034
21,2035,No,4,9,Yes,No,24.366753,0
26,2039,No,4,9,Yes,No,22.697399,0
10,2039,No,6,15,No,Yes,20.41873,0
5,2037,No,4,10,Yes,Yes,31.78414,0
32,2039,Yes,3,12,No,Yes,28.588085,2038
21,2037,No,4,9,No,No,28.192999,0
31,2038,Yes,3,12,No,Yes,22.374649,2038
24,2034,No,5,11,Yes,Yes,31.033665,0
11,2037,No,7,8,No,Yes,14.134258,0
22,2033,No,5,7,Yes,Yes,24.39838,0
6,2037,No,6,11,No,Yes,19.616501,0
9,2039,No,3,9,Yes,No,27.677509,0
22,2036,No,5,8,Yes,Yes,27.900906,0
9,2035,No,3,8,Yes,Yes,22.982138,0
34,2033,No,3,8,No,No,32.035603,2038
39,2034,No,6,9,No,Yes,25.758289,2036
34,2035,No,3,9,Yes,Yes,25.825359,2038
28,2040,No,3,7,No,Yes,32.418655,0
35,2035,No,3,11,Yes,Yes,31.884581,2038
27,2040,No,6,10,Yes,Yes,32.297901,0
26,2037,No,4,9,Yes,Yes,33.16787,0
25,2040,No,5,11,No,Yes,23.409349,0
39,2040,Yes,6,12,Yes,Yes,21.71817,2036
10,2037,No,6,8,No,No,31.207294,0
4,2034,No,5,9,Yes,Yes,21.305819,0
39,2038,Yes,6,8,No,No,21.387421,2036
15,2033,No,5,18,Yes,No,19.575756,0
20,2040,No,4,9,No,Yes,33.831318,0
31,2039,Yes,3,8,Yes,Yes,30.086359,2038
32,2040,Yes,3,8,Yes,Yes,29.389603,2038
28,2032,No,3,10,No,No,23.805061,0
8,2037,No,4,13,Yes,Yes,27.469667,0
18,2035,No,5,9,Yes,No,34.613285,0
6,2032,No,6,10,Yes,Yes,22.833612,0
38,2039,Yes,7,9,No,No,25.069813,2036
10,2034,No,6,12,Yes,Yes,24.114172,0
28,2038,No,3,9,No,Yes,17.206747,0
22,2037,No,5,12,No,No,22.009054,0
9,2039,No,3,9,No,No,32.637039,0
15,2036,No,5,9,No,No,35.172108,0
31,2032,No,3,19,Yes,Yes,27.624939,2038
29,2034,No,3,9,Yes,Yes,33.344112,0
12,2038,No,5,10,Yes,Yes,31.451227,0
13,2037,No,3,18,No,Yes,24.678162,0
31,2036,No,3,13,No,Yes,21.812859,2038
39,2039,Yes,6,13,No,No,36.009621,2036
37,2038,Yes,6,12,Yes,Yes,24.108898,2036
31,2038,Yes,3,8,No,Yes,28.158569,2038
24,2039,No,5,10,No,No,24.596258,0
8,2036,No,4,10,Yes,Yes,30.621582,0
7,2038,No,5,10,Yes,Yes,24.754148,0
5,2035,No,4,9,No,No,22.562321,0
33,2033,No,3,17,No,Yes,19.825972,2038
22,2035,No,5,9,No,Yes,19.781208,0
18,2035,No,5,13,No,Yes,19.917568,0
27,2039,No,6,9,Yes,No,24.554659,0
34,2034,No,3,12,Yes,Yes,24.350304,2038
39,2036,Yes,6,12,Yes,Yes,20.216372,2036
7,2034,No,5,9,Yes,Yes,28.387285,0
7,2039,No,5,9,No,Yes,33.40398,0
26,2039,No,4,9,No,Yes,26.008631,0
39,2034,No,6,8,No,Yes,23.309029,2036
19,2036,No,5,10,No,Yes,30.507986,0
38,2034,No,7,8,Yes,No,28.018616,2036
34,2037,No,3,9,No,Yes,29.117601,2038
27,2040,No,6,9,No,No,23.067841,0
22,2038,No,5,9,Yes,Yes,32.874546,0
27,2037,No,6,8,No,Yes,32.633503,0
9,2033,No,3,8,Yes,Yes,20.850018,0
15,2037,No,5,13,Yes,No,21.597534,0
33,2037,No,3,10,No,Yes,19.518442,2038
27,2036,No,6,8,Yes,No,26.0786,0
37,2040,Yes,6,12,Yes,Yes,26.506588,2036
37,2035,No,6,9,No,Yes,18.592245,2036
34,2035,No,3,9,No,Yes,27.515009,2038
30,2036,No,6,11,No,Yes,19.402981,0
22,2040,No,5,9,No,No,20.312187,0
4,2035,No,5,9,No,No,29.500948,0
17,2038,No,6,10,Yes,Yes,25.198372,0
34,2039,Yes,3,8,No,Yes,33.489693,2038
28,2034,No,3,13,No,Yes,25.342575,0
8,2033,No,4,8,Yes,Yes,21.074486,0
10,2036,No,6,10,No,Yes,28.142176,0
14,2033,No,5,10,Yes,Yes,29.210068,0
17,2033,No,6,12,Yes,Yes,21.473124,0
11,2035,No,7,10,Yes,Yes,33.205421,0
3,2033,No,5,9,No,Yes,28.803513,2034
29,2036,No,3,9,No,No,28.457869,0
36,2040,Yes,3,9,No,No,22.008919,2036
36,2034,No,3,13,No,Yes,18.868427,2036
24,2032,No,5,8,Yes,Yes,21.171955,0
17,2038,No,6,11,No,No,27.54402,0
15,2035,No,5,11,No,Yes,26.75453,0
31,2036,No,3,9,Yes,No,22.156504,2038
35,2032,No,3,9,Yes,Yes,25.463617,2038
2,2035,Yes,6,9,Yes,Yes,20.460003,2034
8,2040,No,4,16,Yes,Yes,24.331001,0
1,2032,No,6,8,Yes,No,32.882645,2034
24,2037,No,5,9,Yes,Yes,25.056671,0
29,2039,No,3,9,Yes,Yes,25.422815,0
22,2035,No,5,9,Yes,Yes,30.802656,0
35,2038,Yes,3,13,Yes,No,25.580303,2038
36,2040,Yes,3,9,Yes,Yes,25.798616,2036
8,2036,No,4,12,No,Yes,23.838814,0
39,2037,Yes,6,12,No,Yes,18.022038,2036
29,2040,No,3,11,Yes,No,31.754824,0
19,2036,No,5,13,No,Yes,14.893135,0
17,2039,No,6,12,Yes,Yes,19.058367,0
5,2032,No,4,12,No,Yes,30.48517,0
4,2037,No,5,8,No,Yes,29.170908,0
29,2034,No,3,10,Yes,No,35.792667,0
19,2040,No,5,10,Yes,Yes,32.600094,0
37,2035,No,6,9,Yes,Yes,30.63266,2036
35,2039,Yes,3,11,No,Yes,19.554071,2038
19,2035,No,5,8,No,No,22.697672,0
23,2035,No,2,11,Yes,No,21.273523,0
20,2039,No,4,8,Yes,Yes,16.538048,0
40,2040,Yes,4,10,Yes,Yes,23.59317,2036
1,2034,Yes,6,9,Yes,No,24.773821,2034
31,2038,Yes,3,15,No,No,22.115784,2038
32,2039,Yes,3,10,Yes,Yes,28.40918,2038
32,2033,No,3,7,No,No,28.360064,2038
3,2040,Yes,5,9,Yes,Yes,35.49519,2034
40,2034,No,4,9,Yes,Yes,29.63266,2036
1,2037,Yes,6,11,No,No,29.13031,2034
28,2037,No,3,9,Yes,No,25.783731,0
36,2039,Yes,3,10,No,Yes,19.962576,2036
31,2037,No,3,9,Yes,No,18.851284,2038
5,2035,No,4,9,No,Yes,19.003418,0
36,2039,Yes,3,12,Yes,Yes,22.991177,2036
35,2034,No,3,12,Yes,Yes,31.281065,2038
19,2036,No,5,3,No,No,26.833765,0
25,2036,No,5,11,No,Yes,32.589645,0
40,2036,Yes,4,11,Yes,No,22.242004,2036
26,2038,No,4,9,No,Yes,28.754541,0
37,2035,No,6,9,Yes,No,35.484173,2036
32,2035,No,3,12,No,No,24.802711,2038
19,2034,No,5,7,Yes,No,30.164059,0
10,2035,No,6,9,No,Yes,26.29771,0
21,2037,No,4,8,No,Yes,34.141178,0
34,2036,No,3,9,No,Yes,29.948519,2038
16,2036,No,3,10,Yes,Yes,28.708788,0
37,2033,No,6,9,No,No,23.794804,2036
18,2032,No,5,9,No,Yes,32.11274,0
36,2033,No,3,12,Yes,No,22.340883,2036
8,2037,No,4,9,Yes,Yes,26.955578,0
38,2038,Yes,7,7,Yes,No,29.615396,2036
19,2037,No,5,11,No,Yes,20.394474,0
26,2032,No,4,18,Yes,Yes,26.140963,0
37,2032,No,6,9,Yes,Yes,33.837624,2036
29,2040,No,3,9,Yes,No,26.43812,0
25,2035,No,5,7,Yes,No,19.673107,0
37,2040,Yes,6,10,Yes,No,20.880188,2036
27,2034,No,6,5,Yes,Yes,29.487448,0
15,2034,No,5,9,No,Yes,24.938509,0
23,2034,No,2,9,No,No,34.206329,0
26,2033,No,4,9,No,No,27.158545,0
3,2040,Yes,5,11,Yes,No,28.619499,2034
15,2037,No,5,7,Yes,No,18.854477,0
31,2038,Yes,3,12,Yes,Yes,25.818338,2038
14,2034,No,5,7,Yes,Yes,19.485661,0
1,2035,Yes,6,7,No,No,28.728691,2034
20,2039,No,4,10,No,Yes,21.581636,0
40,2035,No,4,9,No,No,22.345932,2036
37,2033,No,6,9,Yes,Yes,20.168629,2036
25,2035,No,5,9,No,Yes,30.767445,0
1,2032,No,6,9,No,No,23.219658,2034
40,2039,Yes,4,7,No,No,20.743046,2036
38,2036,Yes,7,12,No,Yes,25.925039,2036
19,2032,No,5,9,Yes,Yes,27.569201,0
37,2032,No,6,19,Yes,Yes,29.942167,2036
3,2035,Yes,5,0,Yes,Yes,24.631411,2034
13,2037,No,3,12,No,Yes,27.071095,0
38,2036,Yes,7,8,No,Yes,30.166191,2036
11,2040,No,7,12,Yes,Yes,25.308535,0
37,2035,No,6,11,No,Yes,17.793587,2036
23,2037,No,2,8,No,Yes,31.018307,0
37,2040,Yes,6,9,No,Yes,29.799343,2036
35,2034,No,3,12,Yes,No,29.000765,2038
21,2034,No,4,11,No,No,21.941565,0
17,2033,No,6,11,No,Yes,23.062799,0
6,2032,No,6,10,Yes,No,24.834709,0
18,2036,No,5,7,Yes,No,23.022665,0
7,2035,No,5,9,No,Yes,32.200653,0
19,2032,No,5,19,No,No,29.243761,0
19,2040,No,5,9,Yes,Yes,29.792065,0
10,2035,No,6,8,No,Yes,23.208357,0
1,2037,Yes,6,12,No,No,27.015255,2034
7,2037,No,5,8,Yes,Yes,28.496418,0
10,2032,No,6,18,No,Yes,33.409309,0
3,2034,Yes,5,9,Yes,No,16.834143,2034
8,2034,No,4,9,No,Yes,36.181217,0
24,2032,No,5,9,No,No,28.674818,0
9,2036,No,3,9,Yes,No,24.785929,0
4,2032,No,5,9,Yes,Yes,33.454575,0
29,2034,No,3,8,Yes,No,25.464514,0
15,2035,No,5,10,Yes,Yes,31.724672,0
21,2039,No,4,10,No,Yes,22.895134,0
18,2035,No,5,9,No,Yes,31.197523,0
20,2035,No,4,9,Yes,Yes,20.183283,0
3,2034,Yes,5,9,Yes,Yes,33.686886,2034
31,2039,Yes,3,12,No,Yes,28.069681,2038
29,2035,No,3,16,No,Yes,31.192667,0
1,2038,Yes,6,14,Yes,Yes,24.5375,2034
5,2038,No,4,0,Yes,Yes,28.442974,0
1,2032,No,6,10,Yes,Yes,24.46035,2034
8,2039,No,4,9,No,No,22.892279,0
25,2035,No,5,10,Yes,No,26.015369,0
15,2039,No,5,11,No,No,20.370241,0
26,2033,No,4,11,Yes,Yes,33.648624,0
9,2039,No,3,11,No,No,20.196608,0
17,2035,No,6,9,Yes,No,31.85722,0
1,2032,No,6,9,No,Yes,29.506969,2034
35,2033,No,3,10,No,Yes,31.872009,2038
9,2038,No,3,11,No,Yes,18.37468,0
31,2032,No,3,13,Yes,No,28.006525,2038
23,2039,No,2,6,No,No,26.574453,0
28,2033,No,3,11,Yes,Yes,30.704287,0
25,2036,No,5,11,Yes,Yes,24.167156,0
7,2035,No,5,9,Yes,Yes,22.424932,0
38,2033,No,7,18,No,Yes,31.523586,2036
22,2038,No,5,12,Yes,Yes,28.963217,0
9,2040,No,3,0,No,Yes,28.890203,0
34,2038,Yes,3,10,Yes,No,26.288921,2038
25,2033,No,5,9,No,Yes,28.803797,0
9,2033,No,3,11,Yes,Yes,25.353071,0
31,2032,No,3,10,No,No,19.862242,2038
27,2033,No,6,9,Yes,No,20.070557,0
4,2039,No,5,7,No,No,28.863237,0
3,2034,Yes,5,9,No,Yes,18.63303,2034
18,2039,No,5,8,Yes,Yes,19.418427,0
10,2038,No,6,9,No,Yes,28.56782,0
24,2034,No,5,7,Yes,Yes,23.723698,0
18,2040,No,5,12,Yes,Yes,30.826826,0
27,2034,No,6,10,No,Yes,17.757902,0
33,2033,No,3,10,No,Yes,24.735203,2038
27,2037,No,6,15,Yes,Yes,21.515049,0
18,2036,No,5,10,No,Yes,34.049267,0
31,2036,No,3,9,Yes,Yes,26.84145,2038
30,2036,No,6,9,No,Yes,25.669785,0
21,2040,No,4,7,Yes,Yes,25.771578,0
10,2032,No,6,9,Yes,Yes,28.926731,0
10,2036,No,6,9,Yes,Yes,16.454691,0
30,2039,No,6,10,Yes,Yes,22.571299,0
20,2036,No,4,9,No,No,29.666544,0
1,2040,Yes,6,9,No,No,23.131296,2034
19,2039,No,5,12,No,Yes,14.388237,0
31,2036,No,3,7,Yes,No,18.398064,2038
18,2040,No,5,11,No,Yes,22.532547,0
6,2034,No,6,9,Yes,Yes,30.721884,0
31,2037,No,3,0,Yes,Yes,25.580051,2038
1,2036,Yes,6,10,No,No,26.087849,2034
38,2036,Yes,7,9,No,Yes,33.398819,2036
16,2033,No,3,9,No,Yes,25.780687,0
16,2040,No,3,11,Yes,Yes,27.200117,0
8,2035,No,4,9,No,Yes,17.549976,0
36,2032,No,3,9,No,No,25.642155,2036
30,2032,No,6,14,No,No,29.869846,0
34,2039,Yes,3,9,No,No,20.638374,2038
29,2032,No,3,10,Yes,Yes,32.373463,0
25,2040,No,5,13,Yes,Yes,31.657213,0
1,2033,No,6,9,Yes,Yes,22.073618,2034
15,2034,No,5,9,No,Yes,25.396627,0
28,2036,No,3,8,No,No,21.98764,0
31,2035,No,3,9,Yes,No,18.408588,2038
6,2037,No,6,9,Yes,Yes,26.139221,0
37,2037,Yes,6,9,No,Yes,19.925112,2036
16,2035,No,3,9,No,Yes,19.108461,0
36,2032,No,3,14,No,No,20.037907,2036
15,2032,No,5,12,Yes,Yes,22.509108,0
15,2035,No,5,9,Yes,Yes,27.821657,0
17,2033,No,6,13,No,Yes,17.401741,0
32,2039,Yes,3,11,Yes,Yes,14.822476,2038
27,2032,No,6,11,Yes,Yes,32.384106,0
35,2038,Yes,3,9,Yes,No,23.843857,2038
37,2036,Yes,6,8,No,Yes,28.720219,2036
1,2038,Yes,6,11,No,Yes,18.64039,2034
36,2038,Yes,3,7,No,Yes,21.580145,2036
11,2033,No,7,11,No,No,29.947897,0
18,2039,No,5,9,No,Yes,29.63187,0
9,2036,No,3,9,Yes,Yes,20.66995,0
21,2037,No,4,9,Yes,Yes,23.537403,0
4,2034,No,5,8,Yes,Yes,16.105206,0
38,2036,Yes,7,11,Yes,Yes,31.671368,2036
25,2035,No,5,13,No,Yes,16.04974,0
28,2038,No,3,15,No,Yes,35.517979,0
31,2040,Yes,3,9,Yes,Yes,31.763023,2038
14,2033,No,5,9,Yes,Yes,25.359192,0
40,2032,No,4,9,No,Yes,25.399319,2036
33,2040,Yes,3,11,Yes,No,32.852543,2038
6,2036,No,6,9,No,Yes,24.702108,0
6,2037,No,6,9,Yes,Yes,19.784107,0
20,2034,No,4,10,No,Yes,25.194548,0
25,2032,No,5,9,No,Yes,25.021019,0
7,2037,No,5,9,Yes,No,22.119902,0
34,2038,Yes,3,9,No,Yes,17.608252,2038
4,2039,No,5,12,No,Yes,19.522354,0
1,2040,Yes,6,7,Yes,No,21.902393,2034
6,2032,No,6,13,Yes,Yes,37.068035,0
35,2033,No,3,9,Yes,Yes,18.647007,2038
32,2036,No,3,11,Yes,No,27.395548,2038
1,2033,No,6,10,No,Yes,22.201611,2034
9,2039,No,3,12,No,Yes,20.380476,0
33,2036,No,3,13,Yes,Yes,29.774178,2038
14,2038,No,5,9,No,Yes,25.418394,0
16,2038,No,3,18,No,No,33.192013,0
36,2034,No,3,9,No,Yes,19.272497,2036
27,2034,No,6,9,Yes,Yes,35.951694,0
39,2040,Yes,6,9,No,Yes,20.228889,2036
8,2033,No,4,7,Yes,Yes,19.440348,0
38,2032,No,7,9,No,Yes,32.075291,2036
27,2038,No,6,9,Yes,Yes,26.308004,0
12,2038,No,5,9,Yes,Yes,23.965811,0
1,2037,Yes,6,13,Yes,Yes,22.102789,2034
21,2040,No,4,7,Yes,Yes,33.02132,0
35,2034,No,3,8,No,No,29.429499,2038
27,2036,No,6,10,No,Yes,24.575098,0
14,2033,No,5,12,No,No,23.434332,0
34,2035,No,3,9,No,Yes,23.000063,2038
28,2034,No,3,9,Yes,Yes,24.172894,0
27,2034,No,6,8,Yes,Yes,23.294016,0
13,2040,No,3,9,Yes,No,25.247845,0
12,2039,No,5,7,Yes,Yes,22.877924,0
2,2038,Yes,6,8,Yes,No,27.463316,2034
24,2037,No,5,10,Yes,Yes,19.534489,0
6,2039,No,6,8,Yes,Yes,25.449606,0
15,2033,No,5,9,Yes,No,21.938354,0
10,2037,No,6,8,Yes,Yes,35.088142,0
37,2037,Yes,6,9,No,Yes,22.26125,2036
14,2033,No,5,7,No,Yes,26.397217,0
39,2037,Yes,6,13,Yes,No,32.355324,2036
2,2039,Yes,6,7,Yes,Yes,32.479763,2034
29,2040,No,3,9,Yes,No,25.456217,0
23,2040,No,2,11,Yes,Yes,27.248674,0
21,2038,No,4,7,No,No,22.10256,0
38,2035,No,7,9,No,Yes,23.629385,2036
25,2036,No,5,9,Yes,Yes,34.049538,0
17,2038,No,6,10,Yes,No,20.932737,0
32,2038,Yes,3,9,No,Yes,16.292202,2038
18,2034,No,5,9,No,No,32.361404,0
23,2036,No,2,10,Yes,Yes,19.912806,0
7,2032,No,5,7,Yes,Yes,20.548267,0
11,2039,No,7,8,No,Yes,24.760269,0
36,2033,No,3,11,No,No,24.341722,2036
40,2036,Yes,4,9,Yes,Yes,21.355059,2036
38,2036,Yes,7,12,Yes,Yes,23.920052,2036
32,2032,No,3,9,Yes,No,22.662031,2038
34,2035,No,3,8,No,No,27.621155,2038
18,2038,No,5,11,No,No,28.436443,0
28,2033,No,3,9,Yes,Yes,36.762501,0
12,2034,No,5,8,Yes,Yes,32.090481,0
36,2040,Yes,3,9,No,Yes,26.170547,2036
7,2036,No,5,9,No,No,24.088573,0
32,2032,No,3,11,Yes,Yes,31.063354,2038
7,2040,No,5,8,No,Yes,24.563591,0
28,2039,No,3,19,Yes,No,30.992062,0
22,2040,No,5,15,Yes,No,19.357878,0
7,2035,No,5,19,No,No,15.757628,0
23,2038,No,2,9,Yes,No,30.007219,0
33,2033,No,3,13,No,No,21.697598,2038
10,2036,No,6,9,Yes,No,17.243195,0
22,2034,No,5,12,No,No,19.927933,0
36,2038,Yes,3,7,No,Yes,18.11661,2036
2,2038,Yes,6,10,Yes,Yes,20.997578,2034
15,2038,No,5,11,No,No,22.178284,0
40,2036,Yes,4,10,No,No,21.986761,2036
6,2040,No,6,9,Yes,No,29.345598,0
34,2033,No,3,9,Yes,No,32.66507,2038
22,2036,No,5,8,No,Yes,16.656494,0
38,2040,Yes,7,14,No,No,35.189766,2036
5,2035,No,4,11,No,Yes,28.551577,0
29,2038,No,3,9,No,No,26.587982,0
2,2037,Yes,6,9,Yes,Yes,17.704861,2034
19,2038,No,5,19,Yes,Yes,21.849432,0
8,2034,No,4,7,Yes,No,16.999075,0
30,2034,No,6,8,Yes,Yes,26.372757,0
21,2039,No,4,8,No,Yes,29.849323,0
39,2033,No,6,11,Yes,Yes,23.990822,2036
18,2039,No,5,18,No,Yes,21.024315,0
27,2034,No,6,9,Yes,Yes,26.39225,0
34,2037,No,3,9,Yes,Yes,29.29678,2038
8,2036,No,4,9,No,No,28.812193,0
27,2034,No,6,9,No,No,31.701401,0
34,2035,No,3,12,Yes,Yes,22.933853,2038
35,2035,No,3,9,Yes,No,31.221788,2038
21,2035,No,4,11,Yes,Yes,24.33025,0
23,2038,No,2,11,No,No,28.277704,0
9,2040,No,3,9,No,Yes,25.09329,0
21,2032,No,4,12,No,Yes,20.823921,0
25,2033,No,5,11,Yes,No,24.459599,0
40,2036,Yes,4,9,No,Yes,23.53697,2036
35,2038,Yes,3,8,Yes,Yes,27.758261,2038
14,2034,No,5,9,Yes,Yes,25.60108,0
5,2039,No,4,11,No,Yes,27.898113,0
31,2034,No,3,9,No,No,32.833229,2038
35,2035,No,3,9,Yes,No,26.931599,2038
3,2040,Yes,5,11,No,No,21.21022,2034
16,2033,No,3,13,No,Yes,22.974669,0
25,2034,No,5,9,No,Yes,32.960079,0
31,2038,Yes,3,10,Yes,Yes,21.643389,2038
23,2037,No,2,9,Yes,No,29.17635,0
32,2039,Yes,3,9,Yes,No,36.00209,2038
14,2034,No,5,12,Yes,Yes,15.415569,0
6,2033,No,6,0,Yes,No,26.63711,0
1,2039,Yes,6,10,Yes,Yes,15.877656,2034
12,2034,No,5,7,No,Yes,24.899857,0
37,2034,No,6,11,No,No,31.849653,2036
14,2039,No,5,9,No,Yes,20.042812,0
26,2039,No,4,9,No,Yes,34.207943,0
36,2032,No,3,8,Yes,Yes,26.69656,2036
25,2034,No,5,10,No,No,30.071594,0
15,2039,No,5,12,Yes,Yes,23.505552,0
8,2033,No,4,18,Yes,Yes,20.675468,0
28,2035,No,3,9,Yes,Yes,30.717073,0
27,2038,No,6,11,No,Yes,20.382944,0
23,2040,No,2,10,Yes,Yes,31.20645,0
11,2040,No,7,9,No,No,23.103071,0
35,2033,No,3,9,Yes,No,31.858511,2038
14,2039,No,5,19,No,Yes,22.95768,0
22,2033,No,5,9,No,No,30.630865,0
8,2037,No,4,9,No,Yes,29.301512,0
21,2034,No,4,9,Yes,Yes,27.29254,0
17,2034,No,6,7,No,Yes,20.641132,0
32,2032,No,3,17,No,Yes,26.098778,2038
6,2038,No,6,10,No,Yes,18.207701,0
28,2034,No,3,0,Yes,No,33.016651,0
37,2040,Yes,6,9,Yes,Yes,21.689053,2036
30,2032,No,6,19,Yes,No,31.673775,0
40,2034,No,4,8,No,No,31.143023,2036
34,2040,Yes,3,9,No,No,27.418644,2038
22,2036,No,5,10,Yes,Yes,19.901676,0
13,2039,No,3,17,No,No,19.967333,0
19,2032,No,5,8,No,Yes,21.50065,0
32,2033,No,3,10,No,No,28.415291,2038
38,2037,Yes,7,8,No,Yes,12.064628,2036
7,2040,No,5,8,No,Yes,33.385284,0
36,2032,No,3,9,No,No,31.098066,2036
35,2032,No,3,11,No,Yes,19.103502,2038
22,2040,No,5,9,No,No,33.649212,0
27,2035,No,6,9,Yes,Yes,27.640455,0
31,2034,No,3,12,No,No,23.961906,2038
5,2034,No,4,9,Yes,Yes,24.668756,0
15,2039,No,5,9,Yes,Yes,21.181128,0
23,2033,No,2,9,No,Yes,22.783995,0
18,2032,No,5,13,No,Yes,22.402166,0
22,2038,No,5,10,Yes,Yes,25.244165,0
35,2034,No,3,9,Yes,No,30.6667,2038
5,2038,No,4,10,Yes,No,17.802443,0
30,2037,No,6,19,No,Yes,25.90366,0
16,2037,No,3,11,No,Yes,30.326578,0
2,2033,No,6,10,Yes,No,31.383333,2034
27,2032,No,6,10,Yes,Yes,23.834335,0
7,2036,No,5,13,Yes,Yes,31.63817,0
11,2032,No,7,11,Yes,No,23.872711,0
36,2036,Yes,3,9,Yes,Yes,18.856232,2036
26,2032,No,4,7,Yes,Yes,25.164478,0
37,2033,No,6,13,Yes,No,29.444704,2036
14,2037,No,5,8,No,Yes,24.463629,0
28,2036,No,3,9,No,Yes,30.365593,0
37,2032,No,6,14,No,Yes,23.508564,2036
40,2037,Yes,4,9,No,Yes,23.767113,2036
31,2038,Yes,3,12,No,Yes,16.791491,2038
4,2036,No,5,13,Yes,Yes,24.071953,0
19,2032,No,5,19,No,No,19.222044,0
36,2034,No,3,7,Yes,No,26.28549,2036
13,2032,No,3,10,Yes,Yes,33.938229,0
12,2036,No,5,9,No,No,21.752213,0
38,2036,Yes,7,18,Yes,Yes,28.308599,2036
13,2035,No,3,19,No,Yes,18.401806,0
5,2040,No,4,14,No,Yes,31.562332,0
4,2039,No,5,11,Yes,Yes,31.787718,0
33,2038,Yes,3,12,No,Yes,27.103491,2038
8,2037,No,4,10,No,No,31.048817,0
39,2038,Yes,6,13,Yes,Yes,19.307268,2036
22,2039,No,5,12,No,No,21.255392,0
30,2032,No,6,10,Yes,Yes,32.984116,0
38,2038,Yes,7,10,Yes,Yes,24.839521,2036
36,2036,Yes,3,9,Yes,No,24.00841,2036
16,2035,No,3,9,Yes,Yes,28.622213,0
37,2035,No,6,9,No,Yes,21.642992,2036
21,2039,No,4,9,Yes,Yes,31.337902,0
2,2035,Yes,6,13,Yes,Yes,23.584564,2034
13,2032,No,3,9,No,Yes,30.323648,0
21,2035,No,4,9,No,Yes,21.996149,0
26,2036,No,4,8,Yes,No,24.14893,0
28,2037,No,3,11,Yes,No,31.751308,0
17,2032,No,6,10,No,Yes,15.246521,0
36,2034,No,3,12,No,Yes,19.016436,2036
27,2034,No,6,9,No,Yes,21.447948,0
19,2037,No,5,9,No,Yes,22.20063,0
13,2040,No,3,9,Yes,Yes,18.850077,0
33,2036,No,3,11,No,Yes,19.949421,2038
17,2033,No,6,12,No,Yes,24.861509,0
8,2040,No,4,9,No,No,26.870392,0
5,2034,No,4,9,No,Yes,22.568098,0
5,2032,No,4,12,Yes,No,20.142759,0
17,2039,No,6,7,No,Yes,23.721289,0
23,2039,No,2,8,No,No,30.497698,0
4,2038,No,5,7,No,Yes,31.181084,0
31,2040,Yes,3,11,Yes,No,24.501637,2038
3,2039,Yes,5,8,Yes,Yes,14.980722,2034
9,2035,No,3,10,Yes,Yes,35.375519,0
23,2039,No,2,8,Yes,Yes,26.056519,0
6,2038,No,6,9,No,Yes,32.686455,0
27,2037,No,6,8,Yes,Yes,23.833954,0
19,2035,No,5,17,No,No,31.48527,0
26,2039,No,4,10,No,Yes,31.138584,0
40,2032,No,4,19,Yes,Yes,28.180725,2036
12,2038,No,5,9,No,Yes,27.984556,0
30,2036,No,6,7,No,Yes,22.11397,0
23,2039,No,2,13,Yes,Yes,33.364956,0
38,2036,Yes,7,16,No,Yes,24.818697,2036
32,2032,No,3,8,Yes,No,30.507547,2038
2,2038,Yes,6,9,Yes,Yes,20.384527,2034
32,2032,No,3,8,Yes,Yes,29.515625,2038
8,2037,No,4,11,No,Yes,32.359478,0
25,2039,No,5,9,No,No,30.062237,0
7,2039,No,5,11,Yes,No,31.110615,0
28,2034,No,3,7,No,Yes,23.261795,0
23,2035,No,2,10,Yes,Yes,31.099201,0
38,2040,Yes,7,18,No,Yes,25.339283,2036
10,2033,No,6,9,No,Yes,16.493597,0
1,2035,Yes,6,9,No,No,23.96438,2034
40,2032,No,4,9,Yes,Yes,30.196383,2036
18,2040,No,5,11,No,Yes,32.198681,0
22,2035,No,5,9,Yes,No,26.648808,0
39,2037,Yes,6,13,No,Yes,31.794735,2036
17,2032,No,6,10,No,Yes,17.586918,0
4,2033,No,5,11,Yes,Yes,26.800482,0
39,2032,No,6,12,No,Yes,26.418962,2036
33,2033,No,3,9,Yes,Yes,26.89006,2038
7,2040,No,5,12,Yes,Yes,21.575266,0
1,2035,Yes,6,11,Yes,Yes,17.085346,2034
21,2032,No,4,7,No,No,28.205523,0
23,2037,No,2,15,Yes,Yes,28.908386,0
24,2033,No,5,9,Yes,Yes,31.34013,0
37,2040,Yes,6,8,Yes,Yes,24.342245,2036
38,2035,No,7,7,Yes,Yes,19.396948,2036
21,2033,No,4,10,Yes,Yes,25.875893,0
16,2035,No,3,10,No,Yes,23.644133,0
18,2040,No,5,9,Yes,Yes,24.429905,0
5,2033,No,4,9,Yes,No,20.633699,0
24,2038,No,5,10,Yes,Yes,26.271818,0
36,2036,Yes,3,11,No,Yes,24.143957,2036
3,2038,Yes,5,9,Yes,Yes,19.144926,2034
11,2032,No,7,16,Yes,No,27.877272,0
16,2035,No,3,12,Yes,Yes,23.175444,0
27,2039,No,6,10,No,No,21.518642,0
4,2033,No,5,9,Yes,Yes,22.801411,0
29,2032,No,3,10,No,No,30.474333,0
32,2039,Yes,3,9,Yes,Yes,33.108147,2038
9,2038,No,3,10,Yes,Yes,22.109705,0
22,2040,No,5,10,Yes,Yes,36.650547,0
12,2032,No,5,8,Yes,No,22.747847,0
29,2037,No,3,19,Yes,Yes,24.849426,0
2,2035,Yes,6,9,No,Yes,27.953512,2034
37,2033,No,6,12,No,Yes,29.575024,2036
38,2033,No,7,9,Yes,Yes,26.559948,2036
29,2036,No,3,11,No,Yes,19.820908,0
9,2034,No,3,9,Yes,Yes,26.73712,0
12,2033,No,5,8,Yes,Yes,25.890408,0
12,2038,No,5,19,No,No,21.229195,0
15,2032,No,5,10,No,Yes,27.23691,0
10,2039,No,6,19,Yes,Yes,24.49544,0
3,2039,Yes,5,12,No,Yes,30.505838,2034
10,2034,No,6,9,Yes,Yes,23.313438,0
3,2038,Yes,5,7,Yes,Yes,25.178434,2034
12,2036,No,5,17,No,Yes,27.26939,0
31,2035,No,3,9,Yes,No,32.670246,2038
12,2040,No,5,13,Yes,Yes,26.569822,0
1,2038,Yes,6,11,No,Yes,22.048809,2034
2,2033,No,6,9,Yes,Yes,28.3393,2034
8,2034,No,4,9,Yes,Yes,32.03904,0
26,2037,No,4,11,Yes,Yes,29.599457,0
40,2038,Yes,4,9,No,Yes,19.275135,2036
19,2040,No,5,8,No,No,27.448469,0
24,2040,No,5,8,No,Yes,21.033497,0
25,2040,No,5,9,No,Yes,27.792379,0
2,2038,Yes,6,9,No,Yes,12.321693,2034
38,2039,Yes,7,7,Yes,Yes,29.791214,2036
10,2038,No,6,9,Yes,Yes,32.18877,0
35,2033,No,3,9,Yes,No,26.104464,2038
23,2035,No,2,11,No,Yes,22.512552,0
3,2038,Yes,5,11,No,Yes,18.008537,2034
30,2040,No,6,9,No,Yes,29.638817,0
29,2039,No,3,11,No,Yes,21.747578,0
4,2036,No,5,9,Yes,No,31.705238,0
15,2036,No,5,9,No,Yes,27.543427,0
3,2036,Yes,5,9,No,Yes,22.560961,2034
11,2032,No,7,10,Yes,No,31.540005,0
25,2039,No,5,9,Yes,Yes,26.165752,0
33,2035,No,3,9,Yes,Yes,15.420251,2038
23,2040,No,2,9,Yes,Yes,22.919571,0
2,2032,No,6,9,Yes,No,32.732174,2034
35,2032,No,3,9,No,No,19.235292,2038
25,2036,No,5,9,Yes,Yes,18.324423,0
24,2032,No,5,9,Yes,No,26.602285,0
8,2037,No,4,8,Yes,No,28.694895,0
25,2037,No,5,11,Yes,Yes,26.284773,0
8,2032,No,4,8,Yes,Yes,30.471588,0
22,2037,No,5,11,No,No,33.654934,0
7,2034,No,5,19,No,No,20.941711,0
28,2035,No,3,9,No,Yes,24.62562,0
38,2035,No,7,11,No,Yes,30.783754,2036
14,2035,No,5,9,No,Yes,20.806515,0
22,2039,No,5,9,No,No,26.498917,0
25,2034,No,5,9,No,Yes,29.666069,0
40,2037,Yes,4,10,Yes,Yes,25.127991,2036
1,2039,Yes,6,11,No,Yes,17.270618,2034
30,2040,No,6,9,No,No,19.479031,0
6,2033,No,6,9,Yes,Yes,23.101091,0
35,2035,No,3,11,Yes,Yes,24.943398,2038
32,2038,Yes,3,9,Yes,Yes,30.564833,2038
5,2035,No,4,9,Yes,Yes,35.125423,0
15,2034,No,5,9,No,Yes,21.158463,0
16,2035,No,3,10,No,No,31.095022,0
26,2033,No,4,17,Yes,Yes,19.673227,0
34,2037,No,3,9,Yes,Yes,27.320593,2038
5,2036,No,4,11,Yes,No,24.059784,0
10,2037,No,6,9,No,No,17.559259,0
6,2040,No,6,14,Yes,No,24.869991,0
14,2037,No,5,12,No,Yes,19.173477,0
8,2034,No,4,17,No,Yes,29.71063,0
39,2039,Yes,6,12,No,No,20.739607,2036
37,2036,Yes,6,10,No,Yes,21.261757,2036
33,2033,No,3,9,No,Yes,27.726543,2038
29,2039,No,3,11,No,No,22.357525,0
26,2040,No,4,15,Yes,Yes,28.350229,0
32,2032,No,3,13,No,Yes,22.683073,2038
12,2033,No,5,9,No,Yes,23.172714,0
4,2038,No,5,9,Yes,Yes,23.623526,0
12,2034,No,5,11,No,Yes,33.109158,0
34,2033,No,3,10,Yes,No,31.970486,2038
21,2032,No,4,0,No,Yes,26.409422,0
8,2039,No,4,9,Yes,Yes,29.498287,0
12,2034,No,5,10,Yes,No,19.280167,0
23,2033,No,2,7,No,Yes,18.872091,0
18,2032,No,5,9,No,No,31.147079,0
15,2034,No,5,10,No,Yes,26.84635,0
23,2033,No,2,9,No,Yes,17.380362,0
19,2033,No,5,10,Yes,Yes,24.826674,0
25,2040,No,5,9,No,Yes,20.992098,0
17,2037,No,6,11,Yes,Yes,32.060955,0
37,2039,Yes,6,12,Yes,No,28.185663,2036
34,2039,Yes,3,9,No,Yes,19.160402,2038
13,2036,No,3,9,No,No,25.930645,0
16,2033,No,3,8,No,No,24.153748,0
14,2032,No,5,8,Yes,No,28.746695,0
34,2032,No,3,7,No,Yes,26.333393,2038
6,2037,No,6,9,No,No,24.306461,0
35,2035,No,3,9,Yes,Yes,24.574808,2038
38,2038,Yes,7,9,No,No,23.741407,2036
23,2036,No,2,11,No,Yes,29.688828,0
13,2039,No,3,18,No,No,18.26984,0
5,2034,No,4,8,No,Yes,24.266993,0
7,2032,No,5,9,Yes,No,34.686878,0
35,2038,Yes,3,9,No,Yes,21.912399,2038
24,2040,No,5,9,Yes,No,23.598095,0
36,2037,Yes,3,2,Yes,Yes,26.458618,2036
10,2039,No,6,12,No,Yes,19.266973,0
11,2032,No,7,15,No,Yes,19.83783,0
29,2032,No,3,11,No,Yes,17.943697,0
12,2033,No,5,10,Yes,No,27.57724,0
23,2039,No,2,11,No,Yes,24.556293,0
39,2035,No,6,9,Yes,Yes,21.05608,2036
2,2033,No,6,7,No,Yes,33.0317,2034
37,2037,Yes,6,10,Yes,No,30.049938,2036
23,2038,No,2,7,No,No,28.190065,0
34,2034,No,3,10,Yes,Yes,25.420116,2038
9,2037,No,3,10,No,No,30.945189,0
6,2034,No,6,9,Yes,No,26.925833,0
32,2032,No,3,7,No,No,27.897921,2038
31,2039,Yes,3,8,Yes,No,28.078224,2038
26,2035,No,4,11,Yes,Yes,23.697443,0
29,2040,No,3,10,Yes,No,25.353291,0
25,2035,No,5,12,No,No,20.192268,0
21,2033,No,4,15,Yes,Yes,23.037672,0
2,2039,Yes,6,13,No,No,21.800373,2034
27,2032,No,6,13,Yes,No,24.572224,0
12,2036,No,5,10,No,Yes,34.334656,0
3,2040,Yes,5,7,Yes,No,27.371626,2034
34,2034,No,3,11,Yes,Yes,24.241713,2038
19,2032,No,5,9,No,Yes,27.33964,0
32,2035,No,3,15,Yes,Yes,19.574753,2038
10,2038,No,6,13,Yes,Yes,25.775364,0
26,2032,No,4,9,No,Yes,27.349642,0
27,2040,No,6,0,No,No,32.560638,0
14,2034,No,5,0,Yes,Yes,30.913742,0
34,2035,No,3,9,No,Yes,25.594368,2038
15,2036,No,5,9,No,Yes,18.656042,0
3,2034,Yes,5,9,No,Yes,23.316296,2034
30,2035,No,6,8,No,Yes,19.227661,0
30,2040,No,6,8,No,No,19.22171,0
19,2032,No,5,9,No,Yes,33.957569,0
26,2034,No,4,10,No,No,31.642559,0
17,2034,No,6,10,No,Yes,23.50157,0
18,2033,No,5,10,Yes,Yes,32.238483,0
21,2040,No,4,9,No,Yes,15.611086,0
18,2033,No,5,13,Yes,No,25.856985,0
3,2037,Yes,5,9,No,Yes,12.161402,2034
31,2038,Yes,3,14,No,Yes,19.386379,2038
11,2032,No,7,9,Yes,No,23.165028,0
35,2035,No,3,7,No,No,30.142153,2038
34,2036,No,3,9,Yes,Yes,28.890049,2038
36,2034,No,3,13,No,Yes,32.156849,2036
29,2037,No,3,9,Yes,Yes,23.523186,0
15,2036,No,5,9,Yes,Yes,28.43417,0
15,2037,No,5,15,Yes,Yes,31.808355,0
3,2033,No,5,13,No,Yes,23.627876,2034
10,2040,No,6,12,No,No,30.565306,0
38,2035,No,7,8,Yes,Yes,22.554214,2036
34,2039,Yes,3,17,Yes,Yes,25.278919,2038
12,2034,No,5,10,No,Yes,24.996889,0
5,2034,No,4,17,Yes,Yes,27.717873,0
22,2035,No,5,9,Yes,No,19.168289,0
39,2039,Yes,6,13,Yes,No,21.50255,2036
22,2038,No,5,11,Yes,Yes,33.132927,0
23,2032,No,2,19,Yes,No,29.052952,0
18,2039,No,5,9,Yes,No,36.020824,0
13,2035,No,3,9,No,No,20.722878,0
23,2040,No,2,9,Yes,No,31.282274,0
19,2032,No,5,8,Yes,Yes,35.728558,0
12,2037,No,5,9,Yes,Yes,25.206556,0
31,2033,No,3,13,Yes,Yes,24.474327,2038
6,2039,No,6,8,Yes,Yes,29.406136,0
15,2035,No,5,12,No,Yes,27.246111,0
22,2034,No,5,7,No,No,33.075008,0
27,2038,No,6,7,Yes,Yes,28.531229,0
38,2036,Yes,7,9,Yes,Yes,16.214867,2036
15,2040,No,5,8,Yes,Yes,27.025574,0
36,2032,No,3,9,No,No,36.055031,2036
34,2039,Yes,3,13,No,Yes,29.232288,2038
17,2039,No,6,9,No,No,21.917625,0
32,2033,No,3,8,Yes,No,28.783537,2038
16,2034,No,3,0,Yes,Yes,30.637203,0
38,2032,No,7,13,No,No,25.248642,2036
37,2032,No,6,7,No,No,29.725462,2036
1,2036,Yes,6,9,Yes,Yes,20.629913,2034
29,2038,No,3,4,Yes,Yes,25.308304,0
26,2039,No,4,11,Yes,Yes,22.590704,0
18,2036,No,5,9,Yes,No,19.261198,0
23,2034,No,2,0,No,No,21.096031,0
25,2040,No,5,9,No,Yes,28.949509,0
35,2036,No,3,10,No,No,23.657961,2038
22,2033,No,5,9,Yes,No,26.665653,0
29,2039,No,3,9,Yes,Yes,25.070433,0
21,2040,No,4,9,No,Yes,29.609734,0
27,2035,No,6,11,No,Yes,19.705318,0
4,2033,No,5,10,Yes,No,35.21653,0
7,2037,No,5,9,No,No,27.940458,0
12,2040,No,5,10,No,No,19.891718,0
38,2037,Yes,7,9,Yes,Yes,25.777267,2036
5,2035,No,4,9,Yes,Yes,24.444107,0
10,2032,No,6,8,Yes,Yes,22.619967,0
8,2034,No,4,13,No,Yes,22.996866,0
10,2033,No,6,5,No,Yes,26.032475,0
3,2036,Yes,5,9,No,Yes,20.24663,2034
27,2032,No,6,9,No,No,32.273804,0
34,2037,No,3,9,No,Yes,20.517086,2038
17,2035,No,6,11,Yes,Yes,24.817251,0
11,2035,No,7,13,No,No,22.767315,0
7,2036,No,5,8,Yes,Yes,24.188314,0
33,2034,No,3,8,No,No,27.574135,2038
11,2040,No,7,10,No,Yes,30.703264,0
10,2036,No,6,9,No,No,17.66395,0
21,2033,No,4,18,Yes,Yes,17.281973,0
14,2037,No,5,9,No,Yes,19.02729,0
24,2035,No,5,15,Yes,Yes,30.837488,0
35,2034,No,3,7,Yes,Yes,24.458054,2038
32,2039,Yes,3,10,No,Yes,27.167461,2038
32,2035,No,3,9,Yes,Yes,17.988945,2038
11,2037,No,7,7,No,No,28.274389,0
30,2038,No,6,9,Yes,Yes,28.683573,0
21,2037,No,4,18,Yes,Yes,25.448782,0
12,2036,No,5,9,Yes,Yes,32.93948,0
33,2039,Yes,3,0,Yes,Yes,31.646774,2038
14,2038,No,5,10,No,Yes,27.881079,0
6,2032,No,6,10,Yes,No,27.636826,0
8,2033,No,4,9,No,Yes,24.885468,0
32,2032,No,3,9,Yes,No,31.922953,2038
32,2032,No,3,9,No,Yes,21.524277,2038
34,2034,No,3,7,No,Yes,27.454824,2038
5,2035,No,4,7,Yes,Yes,22.879442,0
40,2037,Yes,4,8,Yes,No,22.330856,2036
35,2040,Yes,3,10,No,Yes,35.221069,2038
28,2032,No,3,11,Yes,Yes,25.311646,0
7,2034,No,5,9,Yes,No,22.989237,0
8,2037,No,4,9,No,Yes,32.126682,0
30,2037,No,6,10,Yes,Yes,28.96073,0
26,2040,No,4,7,No,Yes,29.664776,0
5,2040,No,4,9,Yes,No,21.700129,0
21,2035,No,4,9,No,Yes,24.407238,0
7,2038,No,5,9,Yes,Yes,21.328201,0
40,2037,Yes,4,9,No,Yes,17.817093,2036
23,2034,No,2,9,Yes,No,31.935308,0
37,2032,No,6,8,No,Yes,30.773176,2036
32,2035,No,3,9,Yes,Yes,24.529716,2038
20,2040,No,4,10,Yes,No,24.999809,0
24,2037,No,5,10,Yes,Yes,31.507147,0
11,2035,No,7,9,Yes,Yes,27.945257,0
7,2033,No,5,19,No,No,26.384827,0
9,2039,No,3,12,Yes,No,22.021667,0
16,2040,No,3,8,No,Yes,33.394871,0
34,2040,Yes,3,12,Yes,No,21.170979,2038
37,2033,No,6,11,No,No,33.436176,2036
13,2032,No,3,8,Yes,No,18.820374,0
17,2032,No,6,18,Yes,Yes,19.875803,0
33,2039,Yes,3,11,No,Yes,26.506807,2038
33,2038,Yes,3,9,No,Yes,20.982956,2038
27,2038,No,6,9,No,Yes,17.38662,0
6,2035,No,6,12,No,Yes,18.693893,0
7,2036,No,5,9,No,Yes,22.254801,0
10,2034,No,6,11,No,Yes,24.859734,0
23,2039,No,2,8,Yes,Yes,24.610443,0
24,2037,No,5,8,Yes,Yes,23.128401,0
22,2034,No,5,9,Yes,No,28.831825,0
21,2040,No,4,11,Yes,No,30.198997,0
31,2039,Yes,3,10,No,Yes,25.124538,2038
38,2038,Yes,7,12,Yes,No,17.227718,2036
16,2038,No,3,10,Yes,Yes,31.556995,0
39,2040,Yes,6,12,Yes,Yes,21.709148,2036
31,2038,Yes,3,7,No,No,30.525904,2038
15,2037,No,5,12,No,Yes,19.044346,0
3,2039,Yes,5,9,Yes,No,32.082333,2034
23,2034,No,2,12,Yes,Yes,29.245558,0
9,2032,No,3,14,Yes,Yes,29.924761,0
26,2036,No,4,9,Yes,Yes,25.422628,0
35,2034,No,3,13,Yes,Yes,28.278797,2038
29,2033,No,3,12,No,No,23.795057,0
34,2039,Yes,3,13,Yes,Yes,18.542919,2038
6,2032,No,6,11,No,No,21.338171,0
8,2037,No,4,11,Yes,No,31.080469,0
21,2035,No,4,10,Yes,No,33.133186,0
19,2035,No,5,9,Yes,Yes,27.876953,0
37,2035,No,6,8,Yes,Yes,27.662079,2036
3,2035,Yes,5,8,No,Yes,22.143,2034
22,2034,No,5,11,No,Yes,25.765011,0
16,2040,No,3,7,Yes,No,20.386292,0
36,2035,No,3,17,No,Yes,28.11764,2036
5,2035,No,4,12,Yes,Yes,21.957817,0
20,2035,No,4,9,Yes,No,27.665411,0
16,2039,No,3,9,Yes,No,19.829613,0
22,2037,No,5,11,No,Yes,29.027447,0
19,2036,No,5,17,Yes,Yes,23.503975,0
30,2040,No,6,9,Yes,No,21.504351,0
17,2034,No,6,9,Yes,No,23.886606,0
17,2034,No,6,9,Yes,Yes,26.31776,0
13,2032,No,3,15,No,Yes,30.824646,0
40,2034,No,4,8,Yes,Yes,26.701084,2036
35,2036,No,3,8,No,No,29.498217,2038
14,2037,No,5,9,Yes,Yes,17.975691,0
18,2040,No,5,9,No,Yes,28.147762,0
27,2034,No,6,8,No,Yes,21.989601,0
13,2035,No,3,8,No,Yes,19.670883,0
14,2039,No,5,10,Yes,Yes,26.79072,0
15,2039,No,5,9,Yes,No,36.361904,0
28,2033,No,3,9,Yes,Yes,24.460194,0
27,2036,No,6,9,No,Yes,22.485115,0
7,2037,No,5,11,Yes,Yes,17.534742,0
35,2035,No,3,9,Yes,Yes,33.423786,2038
6,2033,No,6,11,Yes,Yes,23.533691,0
40,2040,Yes,4,7,Yes,No,31.767231,2036
17,2038,No,6,9,Yes,Yes,31.971502,0
23,2035,No,2,13,Yes,Yes,17.982662,0
34,2035,No,3,10,Yes,Yes,29.474497,2038
13,2036,No,3,9,Yes,Yes,20.062996,0
13,2039,No,3,9,Yes,Yes,27.876383,0
12,2040,No,5,14,Yes,Yes,17.597656,0
20,2040,No,4,8,No,Yes,26.360472,0
29,2039,No,3,8,Yes,No,24.898792,0
18,2032,No,5,9,Yes,No,34.656342,0
5,2036,No,4,14,Yes,Yes,30.025728,0
6,2040,No,6,19,Yes,No,18.282618,0
26,2040,No,4,8,Yes,Yes,34.884514,0
8,2034,No,4,16,No,Yes,22.710569,0
40,2038,Yes,4,9,Yes,Yes,30.340708,2036
30,2032,No,6,12,Yes,Yes,29.628998,0
3,2039,Yes,5,10,Yes,No,32.659904,2034
17,2040,No,6,10,Yes,Yes,28.532297,0
6,2040,No,6,9,Yes,Yes,31.747831,0
5,2038,No,4,10,No,No,20.782866,0
24,2037,No,5,9,Yes,Yes,25.54178,0
17,2034,No,6,10,No,Yes,21.613808,0
20,2037,No,4,9,Yes,Yes,32.064518,0
36,2032,No,3,9,Yes,Yes,27.136116,2036
18,2032,No,5,7,Yes,Yes,18.897249,0
21,2037,No,4,8,No,Yes,19.394266,0
2,2037,Yes,6,9,No,No,15.074667,2034
19,2035,No,5,9,Yes,Yes,22.218245,0
9,2039,No,3,9,No,Yes,22.750662,0
2,2038,Yes,6,8,Yes,No,23.749651,2034
17,2035,No,6,9,No,No,20.390184,0
32,2033,No,3,9,Yes,Yes,22.062759,2038
40,2034,No,4,11,No,Yes,25.488937,2036
33,2039,Yes,3,9,Yes,No,29.114933,2038
32,2039,Yes,3,10,No,No,18.592134,2038
1,2032,No,6,9,No,No,29.125532,2034
27,2038,No,6,14,Yes,No,22.039995,0
10,2036,No,6,10,No,Yes,26.294579,0
14,2037,No,5,9,No,No,20.580179,0
28,2035,No,3,9,No,Yes,31.917427,0
5,2036,No,4,9,Yes,No,23.937494,0
38,2032,No,7,12,Yes,Yes,19.636202,2036
35,2038,Yes,3,7,No,No,21.864689,2038
21,2038,No,4,8,No,Yes,22.834587,0
2,2038,Yes,6,19,Yes,Yes,28.976265,2034
39,2037,Yes,6,7,Yes,Yes,18.434896,2036
12,2039,No,5,11,Yes,Yes,27.716986,0
22,2039,No,5,9,Yes,Yes,23.544205,0
3,2040,Yes,5,8,No,No,24.723646,2034
18,2033,No,5,8,Yes,Yes,20.986761,0
25,2036,No,5,9,Yes,No,24.040051,0
18,2038,No,5,11,Yes,Yes,21.350973,0
38,2039,Yes,7,9,Yes,No,33.691322,2036
5,2040,No,4,11,No,Yes,28.940331,0
17,2036,No,6,9,Yes,Yes,20.511705,0
12,2035,No,5,8,No,No,28.522547,0
38,2033,No,7,8,Yes,No,29.100706,2036
24,2040,No,5,10,Yes,No,33.044434,0
11,2038,No,7,9,Yes,Yes,32.461079,0
14,2033,No,5,11,No,No,25.068584,0
3,2040,Yes,5,12,Yes,Yes,30.017506,2034
31,2033,No,3,11,No,Yes,27.728779,2038
13,2037,No,3,14,No,No,24.414751,0
15,2039,No,5,11,Yes,No,28.137545,0
33,2034,No,3,10,Yes,Yes,18.27252,2038
29,2039,No,3,9,No,Yes,26.02194,0
9,2038,No,3,9,No,Yes,29.156656,0
16,2039,No,3,9,No,Yes,22.406656,0
7,2040,No,5,19,No,Yes,22.894934,0
32,2034,No,3,12,No,No,29.078369,2038
15,2039,No,5,9,No,Yes,20.923262,0
12,2038,No,5,17,Yes,Yes,26.924568,0
10,2036,No,6,11,Yes,Yes,25.09602,0
6,2037,No,6,11,No,Yes,30.486906,0
33,2033,No,3,9,Yes,Yes,31.093443,2038
27,2032,No,6,11,Yes,No,29.950785,0
6,2037,No,6,11,Yes,Yes,26.966854,0
39,2033,No,6,7,Yes,Yes,24.471365,2036
23,2040,No,2,9,No,No,26.952791,0
40,2036,Yes,4,8,No,Yes,28.54096,2036
2,2038,Yes,6,10,No,Yes,18.291754,2034
6,2032,No,6,11,Yes,Yes,27.419802,0
9,2037,No,3,9,Yes,Yes,17.220341,0
27,2034,No,6,11,No,Yes,28.487553,0
21,2036,No,4,6,No,Yes,19.804668,0
20,2037,No,4,5,No,Yes,31.380201,0
22,2036,No,5,9,Yes,Yes,25.219177,0
11,2035,No,7,9,Yes,No,25.267796,0
1,2039,Yes,6,18,No,Yes,28.583992,2034
20,2038,No,4,8,Yes,Yes,31.798538,0
28,2033,No,3,11,Yes,Yes,22.860159,0
29,2035,No,3,9,No,Yes,21.103947,0
36,2032,No,3,9,Yes,Yes,33.390686,2036
35,2032,No,3,9,No,No,23.851648,2038
32,2034,No,3,9,Yes,Yes,30.398178,2038
31,2040,Yes,3,9,Yes,Yes,25.136847,2038
19,2039,No,5,9,Yes,Yes,17.928104,0
31,2040,Yes,3,9,No,Yes,27.244377,2038
7,2032,No,5,19,No,Yes,30.127964,0
30,2035,No,6,11,Yes,Yes,28.298517,0
17,2040,No,6,9,No,Yes,15.165954,0
37,2038,Yes,6,9,Yes,No,23.737137,2036
3,2032,No,5,13,Yes,No,24.413008,2034
32,2037,No,3,12,Yes,Yes,27.381046,2038
24,2033,No,5,17,Yes,No,32.199684,0
28,2032,No,3,9,No,Yes,30.383551,0
37,2039,Yes,6,7,Yes,Yes,28.254992,2036
33,2039,Yes,3,10,Yes,Yes,28.472153,2038
37,2032,No,6,10,Yes,No,36.446625,2036
13,2035,No,3,9,Yes,Yes,22.57398,0
14,2034,No,5,0,Yes,No,28.391842,0
35,2039,Yes,3,7,No,Yes,21.177921,2038
18,2040,No,5,9,No,No,31.004185,0
12,2033,No,5,9,Yes,Yes,33.515553,0
2,2034,Yes,6,9,No,Yes,18.609297,2034
38,2033,No,7,9,No,Yes,22.727127,2036
13,2037,No,3,10,Yes,Yes,22.427198,0
37,2037,Yes,6,11,Yes,Yes,20.976408,2036
28,2033,No,3,9,Yes,No,28.300688,0
15,2038,No,5,9,Yes,Yes,21.497185,0
1,2032,No,6,9,No,No,23.081247,2034
11,2038,No,7,9,Yes,Yes,22.147141,0
24,2038,No,5,8,No,Yes,17.958052,0
21,2034,No,4,10,No,Yes,20.997812,0
37,2038,Yes,6,7,No,No,24.935097,2036
8,2037,No,4,9,No,No,27.756771,0
1,2039,Yes,6,7,Yes,No,31.704847,2034
4,2033,No,5,9,Yes,Yes,35.313717,0
17,2034,No,6,8,No,No,32.370815,0
23,2037,No,2,8,Yes,Yes,24.97901,0
9,2040,No,3,10,Yes,Yes,28.254257,0
16,2035,No,3,18,Yes,No,23.500996,0
21,2037,No,4,9,Yes,Yes,26.341934,0
16,2036,No,3,9,No,Yes,30.213474,0
21,2036,No,4,9,Yes,Yes,24.617947,0
5,2033,No,4,10,No,No,24.881559,0
6,2038,No,6,8,No,No,31.562771,0
13,2032,No,3,9,No,Yes,22.006775,0
11,2036,No,7,8,Yes,No,31.77178,0
21,2036,No,4,12,Yes,No,35.601818,0
27,2036,No,6,9,Yes,Yes,27.077024,0
24,2039,No,5,9,No,Yes,29.151785,0
37,2032,No,6,9,Yes,No,33.566795,2036
13,2036,No,3,12,No,Yes,31.187794,0
33,2037,No,3,16,Yes,No,31.22702,2038
3,2033,No,5,10,Yes,Yes,26.387104,2034
31,2037,No,3,12,No,No,32.088718,2038
8,2032,No,4,9,No,No,28.715433,0
26,2037,No,4,9,Yes,Yes,30.98975,0
1,2037,Yes,6,10,Yes,No,31.590292,2034
11,2036,No,7,9,No,No,35.056896,0
16,2034,No,3,10,Yes,Yes,30.123449,0
1,2037,Yes,6,8,Yes,No,30.007092,2034
31,2036,No,3,11,No,No,22.86767,2038
24,2036,No,5,10,Yes,Yes,26.473032,0
20,2040,No,4,8,Yes,Yes,31.117765,0
21,2032,No,4,9,No,Yes,29.877804,0
20,2037,No,4,15,No,Yes,23.062416,0
5,2032,No,4,11,No,No,26.02212,0
40,2038,Yes,4,8,Yes,Yes,19.321367,2036
25,2039,No,5,11,No,Yes,27.692051,0
18,2034,No,5,11,Yes,Yes,25.452097,0
18,2034,No,5,12,Yes,Yes,17.946367,0
34,2033,No,3,4,Yes,Yes,23.885754,2038
17,2036,No,6,9,No,Yes,20.791546,0
29,2033,No,3,19,No,Yes,31.661308,0
22,2034,No,5,16,No,No,30.758478,0
2,2035,Yes,6,9,No,Yes,30.986931,2034
25,2035,No,5,9,Yes,Yes,21.106884,0
25,2035,No,5,9,Yes,No,25.597532,0
31,2040,Yes,3,9,No,Yes,24.19384,2038
15,2039,No,5,9,Yes,Yes,24.076694,0
13,2034,No,3,9,Yes,Yes,24.66284,0
24,2035,No,5,9,No,Yes,31.492687,0
8,2034,No,4,8,No,Yes,19.647465,0
25,2033,No,5,7,No,No,22.532949,0
5,2037,No,4,8,No,No,18.47718,0
7,2037,No,5,8,Yes,No,23.745939,0
27,2033,No,6,9,Yes,Yes,22.341059,0
16,2040,No,3,8,No,No,30.387434,0
3,2040,Yes,5,8,No,No,26.436655,2034
23,2035,No,2,11,Yes,Yes,23.38217,0
8,2038,No,4,9,No,No,25.747227,0
39,2038,Yes,6,9,No,No,26.93338,2036
37,2039,Yes,6,9,Yes,No,29.921463,2036
32,2036,No,3,11,No,Yes,30.868887,2038
10,2040,No,6,8,Yes,Yes,25.793604,0
29,2036,No,3,9,No,No,30.303408,0
3,2033,No,5,9,Yes,Yes,16.398726,2034
7,2039,No,5,8,No,No,25.08259,0
16,2032,No,3,9,Yes,Yes,29.583546,0
26,2039,No,4,12,Yes,No,23.689362,0
21,2039,No,4,13,No,Yes,24.046059,0
11,2036,No,7,13,No,Yes,16.778234,0
25,2034,No,5,11,No,Yes,20.307852,0
10,2040,No,6,11,Yes,Yes,21.185411,0
18,2040,No,5,9,No,Yes,26.202934,0
13,2038,No,3,11,No,Yes,22.783237,0
37,2038,Yes,6,8,No,Yes,24.404306,2036
1,2033,No,6,9,Yes,Yes,34.34539,2034
3,2040,Yes,5,8,No,Yes,31.787558,2034
13,2036,No,3,8,Yes,No,24.526983,0
32,2034,No,3,9,No,Yes,28.589951,2038
8,2036,No,4,10,Yes,Yes,14.472241,0
12,2035,No,5,11,No,Yes,26.189732,0
2,2040,Yes,6,11,No,Yes,22.04306,2034
20,2036,No,4,8,Yes,No,21.659607,0
11,2040,No,7,9,No,Yes,21.344414,0
36,2038,Yes,3,14,No,Yes,17.392591,2036
4,2036,No,5,10,Yes,Yes,31.636126,0
32,2038,Yes,3,9,No,No,17.57095,2038
25,2039,No,5,9,No,No,17.056036,0
15,2036,No,5,9,Yes,Yes,16.052256,0
22,2036,No,5,9,No,Yes,22.502333,0
9,2033,No,3,12,No,Yes,34.091305,0
32,2036,No,3,9,No,Yes,31.365995,2038
1,2034,Yes,6,9,Yes,Yes,26.762619,2034
7,2040,No,5,9,No,No,24.395233,0
36,2038,Yes,3,11,Yes,Yes,28.103506,2036
20,2034,No,4,9,No,Yes,21.207281,0
30,2037,No,6,9,Yes,Yes,19.528214,0
21,2037,No,4,13,No,Yes,26.297642,0
13,2036,No,3,8,Yes,No,19.342607,0
11,2040,No,7,13,Yes,Yes,29.733032,0
7,2032,No,5,12,No,Yes,21.818079,0
40,2034,No,4,9,No,Yes,18.875154,2036
11,2034,No,7,9,No,Yes,22.149788,0
32,2036,No,3,11,Yes,Yes,23.439638,2038
11,2034,No,7,9,No,Yes,23.114214,0
3,2032,No,5,9,Yes,Yes,20.088213,2034
5,2037,No,4,9,No,No,22.830725,0
38,2033,No,7,9,No,Yes,23.568748,2036
20,2040,No,4,10,Yes,No,29.696663,0
20,2035,No,4,9,Yes,No,34.33976,0
22,2037,No,5,8,No,Yes,18.972719,0
17,2038,No,6,10,No,No,25.324419,0
22,2037,No,5,17,Yes,No,22.342312,0
13,2038,No,3,9,Yes,Yes,26.487532,0
10,2034,No,6,17,No,Yes,30.418573,0
14,2039,No,5,9,Yes,Yes,29.005926,0
24,2035,No,5,17,Yes,No,33.448074,0
6,2037,No,6,9,No,Yes,18.948111,0
35,2038,Yes,3,0,No,Yes,16.102287,2038
18,2037,No,5,7,Yes,Yes,29.316036,0
7,2034,No,5,9,No,Yes,33.757805,0
3,2035,Yes,5,7,No,Yes,31.031031,2034
14,2036,No,5,9,No,No,27.719683,0
20,2040,No,4,13,No,Yes,25.7003,0
16,2032,No,3,9,Yes,Yes,18.93478,0
25,2037,No,5,12,Yes,Yes,23.10041,0
37,2035,No,6,11,No,Yes,21.78215,2036
3,2033,No,5,9,No,Yes,28.670071,2034
11,2036,No,7,19,Yes,No,20.837547,0
40,2033,No,4,9,No,No,24.31881,2036
18,2039,No,5,9,No,No,20.219717,0
35,2033,No,3,12,No,No,36.480068,2038
31,2033,No,3,18,No,No,26.780405,2038
30,2032,No,6,9,No,No,30.520252,0
36,2033,No,3,9,Yes,Yes,23.906012,2036
3,2035,Yes,5,9,Yes,Yes,19.754002,2034
13,2034,No,3,19,Yes,No,35.612694,0
3,2033,No,5,7,No,Yes,19.781507,2034
39,2033,No,6,10,Yes,Yes,20.657217,2036
18,2035,No,5,19,Yes,Yes,32.223339,0
31,2033,No,3,8,No,No,29.997509,2038
12,2037,No,5,9,Yes,Yes,16.938177,0
7,2034,No,5,12,No,No,29.175959,0
6,2037,No,6,0,Yes,Yes,27.078739,0
7,2040,No,5,7,No,Yes,27.762995,0
5,2036,No,4,9,Yes,Yes,18.312044,0
20,2034,No,4,0,No,Yes,21.329838,0
29,2039,No,3,13,No,Yes,17.64443,0
25,2035,No,5,13,Yes,Yes,25.050997,0
6,2037,No,6,18,No,Yes,31.113541,0
25,2032,No,5,15,No,No,21.058134,0
37,2038,Yes,6,11,Yes,Yes,28.122349,2036
24,2040,No,5,9,Yes,Yes,19.234133,0
4,2040,No,5,9,No,Yes,16.382725,0
12,2040,No,5,11,Yes,Yes,24.760508,0
32,2033,No,3,10,Yes,Yes,25.705795,2038
25,2032,No,5,9,No,Yes,24.07011,0
5,2036,No,4,9,No,Yes,24.901848,0
30,2032,No,6,9,Yes,Yes,25.816399,0
8,2033,No,4,9,Yes,Yes,21.954382,0
3,2039,Yes,5,11,No,No,33.535595,2034
37,2034,No,6,9,No,Yes,22.964552,2036
21,2036,No,4,18,Yes,Yes,30.708408,0
7,2034,No,5,10,No,No,33.565296,0
1,2035,Yes,6,12,Yes,Yes,29.282997,2034
11,2032,No,7,9,No,Yes,20.514471,0
31,2040,Yes,3,9,No,No,20.406876,2038
18,2039,No,5,10,Yes,Yes,30.364511,0
7,2033,No,5,9,Yes,Yes,21.904682,0
40,2039,Yes,4,9,No,Yes,21.383343,2036
20,2037,No,4,11,No,No,27.238197,0
13,2032,No,3,11,No,No,28.867949,0
28,2036,No,3,9,No,Yes,25.235292,0
32,2033,No,3,8,No,Yes,18.455477,2038
21,2032,No,4,8,Yes,Yes,34.56501,0
34,2039,Yes,3,9,No,Yes,22.373981,2038
14,2040,No,5,7,No,Yes,26.818758,0
13,2040,No,3,9,Yes,Yes,25.043068,0
20,2040,No,4,11,Yes,Yes,21.639713,0
39,2032,No,6,11,No,Yes,29.162651,2036
35,2032,No,3,9,No,No,21.233442,2038
15,2035,No,5,9,Yes,Yes,36.033745,0
8,2039,No,4,9,No,Yes,24.893713,0
4,2032,No,5,9,No,Yes,26.842297,0
18,2033,No,5,9,No,Yes,20.867331,0
34,2037,No,3,7,No,Yes,23.071894,2038
30,2037,No,6,9,No,Yes,27.441284,0
18,2035,No,5,8,Yes,Yes,20.833052,0
20,2038,No,4,9,No,No,22.578611,0
22,2034,No,5,11,Yes,Yes,28.010708,0
11,2034,No,7,10,Yes,Yes,20.834349,0
31,2037,No,3,9,Yes,Yes,19.664116,2038
1,2033,No,6,8,No,Yes,27.926682,2034
37,2038,Yes,6,9,Yes,Yes,25.633638,2036
32,2032,No,3,9,No,Yes,23.227364,2038
32,2034,No,3,10,Yes,Yes,19.787222,2038
36,2034,No,3,9,No,Yes,27.255072,2036
19,2035,No,5,9,Yes,Yes,24.895416,0
31,2038,Yes,3,9,Yes,Yes,18.087532,2038
16,2032,No,3,18,No,Yes,31.037472,0
18,2039,No,5,7,Yes,No,20.172537,0
8,2036,No,4,12,No,No,26.09527,0
19,2034,No,5,9,No,Yes,28.622459,0
15,2033,No,5,8,Yes,Yes,31.158562,0
24,2035,No,5,10,No,Yes,27.555641,0
19,2034,No,5,9,Yes,Yes,26.845465,0
35,2033,No,3,9,No,No,21.612793,2038
10,2038,No,6,9,No,No,25.447607,0
5,2039,No,4,9,No,Yes,18.405445,0
28,2037,No,3,9,No,Yes,26.864695,0
23,2032,No,2,9,Yes,Yes,31.350454,0
36,2035,No,3,9,Yes,No,19.801891,2036
22,2034,No,5,10,Yes,Yes,23.654461,0
27,2039,No,6,15,No,Yes,30.465117,0
27,2039,No,6,8,Yes,Yes,32.546875,0
4,2039,No,5,9,Yes,Yes,25.496746,0
14,2038,No,5,19,No,Yes,28.013676,0
18,2034,No,5,11,Yes,Yes,19.082417,0
4,2037,No,5,9,No,Yes,15.931617,0
14,2039,No,5,10,No,No,24.222696,0
31,2037,No,3,9,No,Yes,29.011862,2038
34,2032,No,3,9,Yes,No,27.479116,2038
16,2034,No,3,8,Yes,No,30.540031,0
8,2040,No,4,9,No,No,33.735752,0
25,2040,No,5,10,No,Yes,19.055933,0
20,2040,No,4,17,No,Yes,28.699282,0
1,2035,Yes,6,8,No,Yes,17.657869,2034
20,2035,No,4,19,No,No,30.115843,0
24,2040,No,5,10,No,No,15.415057,0
13,2033,No,3,9,Yes,Yes,37.021542,0
36,2038,Yes,3,9,Yes,Yes,19.51807,2036
6,2039,No,6,9,No,Yes,28.589558,0
23,2032,No,2,12,No,Yes,28.164167,0
24,2034,No,5,9,Yes,No,38.123116,0
21,2033,No,4,7,Yes,Yes,25.408579,0
13,2037,No,3,9,No,No,31.052784,0
11,2039,No,7,8,Yes,Yes,28.433922,0
40,2036,Yes,4,12,Yes,Yes,26.9485,2036
23,2033,No,2,9,Yes,Yes,31.361174,0
3,2037,Yes,5,12,No,Yes,16.912392,2034
35,2032,No,3,9,Yes,Yes,28.470549,2038
9,2038,No,3,9,Yes,Yes,22.717712,0
9,2038,No,3,7,Yes,No,32.063019,0
30,2034,No,6,9,No,Yes,30.326096,0
3,2040,Yes,5,12,No,Yes,16.300611,2034
12,2040,No,5,11,No,Yes,20.779152,0
36,2037,Yes,3,11,Yes,Yes,21.808102,2036
15,2035,No,5,11,No,Yes,23.748217,0
3,2033,No,5,9,Yes,Yes,20.658545,2034
24,2038,No,5,11,Yes,No,29.65782,0
12,2037,No,5,10,Yes,Yes,21.597971,0
28,2040,No,3,9,Yes,Yes,29.312998,0
11,2034,No,7,9,No,Yes,29.286057,0
5,2037,No,4,9,No,No,27.740311,0
16,2034,No,3,10,No,Yes,20.733124,0
18,2039,No,5,9,No,No,20.328402,0
34,2035,No,3,8,No,No,26.68754,2038
28,2033,No,3,9,Yes,No,24.35865,0
23,2040,No,2,10,No,Yes,30.883068,0
20,2039,No,4,8,Yes,No,30.606874,0
37,2032,No,6,10,Yes,No,26.963243,2036
36,2037,Yes,3,10,Yes,No,14.425186,2036
5,2037,No,4,9,No,Yes,32.320057,0
38,2039,Yes,7,9,Yes,Yes,31.777433,2036
20,2035,No,4,11,No,Yes,21.734728,0
30,2037,No,6,12,Yes,No,25.412779,0
34,2039,Yes,3,9,Yes,Yes,24.608488,2038
24,2032,No,5,10,No,Yes,28.375843,0
1,2034,Yes,6,13,Yes,Yes,22.728842,2034
21,2037,No,4,11,No,Yes,21.562078,0
32,2036,No,3,9,Yes,Yes,22.055874,2038
27,2034,No,6,9,No,No,26.513386,0
30,2035,No,6,3,Yes,Yes,28.419876,0
27,2035,No,6,10,Yes,No,23.044216,0
22,2032,No,5,10,Yes,Yes,36.129528,0
35,2040,Yes,3,9,Yes,No,28.327049,2038
24,2038,No,5,7,Yes,Yes,29.227421,0
25,2037,No,5,9,No,Yes,29.5578,0
10,2034,No,6,9,Yes,No,26.872612,0
11,2032,No,7,9,No,Yes,27.622753,0
33,2036,No,3,8,Yes,Yes,16.679747,2038
27,2038,No,6,12,No,No,20.291496,0
25,2035,No,5,8,No,No,30.900301,0
16,2036,No,3,9,Yes,Yes,27.553455,0
16,2035,No,3,8,Yes,Yes,22.105867,0
7,2035,No,5,9,Yes,No,35.726845,0
12,2036,No,5,9,No,Yes,34.553444,0
15,2035,No,5,12,No,Yes,22.817987,0
31,2040,Yes,3,10,Yes,Yes,20.26083,2038
30,2040,No,6,0,No,Yes,30.4856,0
2,2035,Yes,6,11,Yes,Yes,23.671965,2034
11,2032,No,7,10,No,No,23.475851,0
22,2036,No,5,12,Yes,No,24.015276,0
37,2039,Yes,6,11,Yes,Yes,20.286226,2036
23,2039,No,2,15,No,Yes,24.087908,0
26,2038,No,4,10,Yes,Yes,26.817375,0
40,2035,No,4,9,No,Yes,24.474121,2036
21,2037,No,4,10,Yes,Yes,19.2665,0
4,2037,No,5,0,Yes,No,32.389114,0
36,2033,No,3,8,No,Yes,22.157774,2036
28,2039,No,3,9,No,Yes,22.387417,0
15,2034,No,5,12,No,Yes,23.30863,0
8,2040,No,4,0,No,No,26.185614,0
20,2039,No,4,11,Yes,No,28.793215,0
38,2039,Yes,7,9,Yes,Yes,31.20299,2036
31,2035,No,3,13,No,Yes,35.070057,2038
5,2032,No,4,9,Yes,Yes,24.85733,0
3,2033,No,5,10,Yes,Yes,35.128189,2034
34,2038,Yes,3,11,No,Yes,25.698215,2038
18,2034,No,5,10,No,Yes,23.839609,0
21,2036,No,4,18,No,No,25.158365,0
25,2038,No,5,7,No,No,26.159952,0
21,2038,No,4,9,Yes,No,24.684845,0
36,2033,No,3,9,Yes,Yes,23.77632,2036
9,2035,No,3,8,No,Yes,28.166103,0
19,2036,No,5,10,No,No,28.119867,0
22,2036,No,5,9,No,Yes,16.847471,0
7,2038,No,5,9,Yes,No,28.404581,0
7,2040,No,5,8,Yes,Yes,23.240471,0
28,2037,No,3,11,Yes,Yes,30.424994,0
5,2037,No,4,10,No,Yes,33.015961,0
32,2039,Yes,3,10,No,No,19.258789,2038
37,2038,Yes,6,9,No,Yes,26.459259,2036
35,2039,Yes,3,16,Yes,No,29.078392,2038
11,2039,No,7,9,No,Yes,28.704092,0
15,2034,No,5,9,No,No,30.565712,0
32,2033,No,3,9,No,Yes,25.008718,2038
29,2038,No,3,9,Yes,Yes,20.412287,0
22,2034,No,5,10,No,No,21.338585,0
20,2033,No,4,9,Yes,Yes,20.406282,0
24,2036,No,5,9,Yes,Yes,24.866068,0
40,2032,No,4,9,Yes,Yes,20.933386,2036
24,2038,No,5,9,No,Yes,27.914557,0
35,2039,Yes,3,11,No,No,22.244261,2038
40,2039,Yes,4,8,Yes,Yes,19.861174,2036
38,2034,No,7,7,Yes,Yes,30.016745,2036
8,2035,No,4,12,Yes,Yes,31.095757,0
20,2040,No,4,9,No,Yes,22.77363,0
15,2040,No,5,9,No,No,31.576866,0
20,2037,No,4,12,No,No,28.85331,0
6,2037,No,6,7,Yes,Yes,29.389706,0
33,2039,Yes,3,8,Yes,Yes,29.948559,2038
33,2033,No,3,7,No,Yes,25.325886,2038
18,2037,No,5,8,Yes,Yes,17.071438,0
13,2035,No,3,10,Yes,Yes,31.326839,0
18,2032,No,5,7,Yes,Yes,24.794579,0
29,2040,No,3,12,No,Yes,28.946892,0
8,2038,No,4,9,No,Yes,24.292339,0
5,2038,No,4,13,Yes,Yes,23.275166,0
17,2033,No,6,8,No,Yes,24.131237,0
15,2033,No,5,9,Yes,Yes,26.810982,0
5,2033,No,4,9,Yes,Yes,23.196299,0
1,2039,Yes,6,9,Yes,No,31.578718,2034
14,2037,No,5,9,No,No,27.475126,0
36,2036,Yes,3,9,Yes,Yes,29.792532,2036
39,2038,Yes,6,10,Yes,Yes,28.599876,2036
11,2036,No,7,0,No,Yes,32.368507,0
23,2037,No,2,9,Yes,Yes,23.129185,0
19,2039,No,5,9,Yes,Yes,28.315418,0
2,2038,Yes,6,9,No,No,18.243345,2034
21,2033,No,4,11,Yes,Yes,21.227547,0
3,2035,Yes,5,9,Yes,No,27.371412,2034
24,2036,No,5,10,No,No,30.208426,0
31,2036,No,3,9,Yes,No,20.068096,2038
30,2035,No,6,11,No,Yes,23.282156,0
9,2039,No,3,9,Yes,Yes,26.72344,0
40,2039,Yes,4,11,No,Yes,18.824852,2036
39,2033,No,6,0,Yes,Yes,32.994099,2036
34,2037,No,3,12,Yes,No,25.842379,2038
23,2040,No,2,9,No,No,19.970093,0
2,2040,Yes,6,10,Yes,No,33.585686,2034
3,2040,Yes,5,10,No,No,25.588362,2034
26,2039,No,4,9,No,Yes,28.901052,0
5,2039,No,4,9,Yes,No,31.781906,0
10,2036,No,6,9,No,No,22.294403,0
17,2039,No,6,14,Yes,No,18.854313,0
12,2040,No,5,19,Yes,Yes,27.282894,0
24,2040,No,5,8,No,Yes,29.711075,0
1,2037,Yes,6,9,No,Yes,28.632683,2034
14,2033,No,5,9,Yes,Yes,31.745672,0
13,2037,No,3,7,Yes,Yes,32.636219,0
37,2032,No,6,9,Yes,Yes,23.062845,2036
20,2037,No,4,11,Yes,Yes,31.594141,0
15,2040,No,5,9,No,Yes,24.117615,0
23,2040,No,2,9,No,No,24.157393,0
31,2034,No,3,9,No,Yes,21.514145,2038
24,2035,No,5,10,No,Yes,14.418156,0
18,2033,No,5,9,No,No,30.784166,0
25,2034,No,5,11,No,Yes,22.634602,0
9,2038,No,3,12,Yes,No,28.904755,0
28,2036,No,3,7,Yes,Yes,27.405117,0
13,2035,No,3,14,Yes,Yes,23.879662,0
38,2037,Yes,7,8,Yes,No,22.895123,2036
16,2032,No,3,9,Yes,Yes,25.000132,0
23,2040,No,2,9,Yes,Yes,21.65234,0
39,2040,Yes,6,10,Yes,Yes,27.477776,2036
9,2036,No,3,9,Yes,Yes,18.068386,0
14,2035,No,5,10,No,Yes,22.851397,0
16,2038,No,3,9,Yes,Yes,16.408567,0
25,2034,No,5,9,Yes,Yes,23.119534,0
33,2033,No,3,11,Yes,Yes,24.406349,2038
34,2038,Yes,3,10,Yes,Yes,30.482773,2038
8,2032,No,4,11,Yes,No,33.790646,0
24,2039,No,5,9,No,No,23.775484,0
10,2040,No,6,9,No,Yes,26.574368,0
19,2039,No,5,9,No,Yes,33.608906,0
27,2036,No,6,10,Yes,No,29.01186,0
25,2033,No,5,9,No,Yes,28.572441,0
20,2038,No,4,9,No,Yes,20.129732,0
18,2037,No,5,11,No,No,29.285629,0
15,2032,No,5,8,Yes,Yes,33.800224,0
36,2036,Yes,3,8,Yes,Yes,23.668739,2036
14,2035,No,5,9,Yes,Yes,31.117241,0
5,2033,No,4,11,No,Yes,34.20409,0
24,2034,No,5,10,No,Yes,27.921583,0
18,2037,No,5,10,No,Yes,32.637989,0
9,2036,No,3,10,No,Yes,21.941612,0
20,2035,No,4,15,No,No,27.333971,0
29,2032,No,3,9,Yes,Yes,24.813683,0
22,2034,No,5,11,No,Yes,22.220465,0
27,2034,No,6,9,No,No,24.185699,0
9,2035,No,3,9,Yes,No,35.186211,0
30,2040,No,6,11,Yes,No,25.403427,0
26,2033,No,4,9,Yes,Yes,27.276121,0
7,2040,No,5,7,Yes,No,30.293941,0
2,2035,Yes,6,12,No,Yes,21.922998,2034
1,2040,Yes,6,7,No,No,34.998859,2034
13,2037,No,3,10,Yes,Yes,26.001966,0
9,2038,No,3,19,Yes,Yes,27.528559,0
30,2040,No,6,9,Yes,No,32.026394,0
6,2037,No,6,7,No,No,28.372726,0
28,2039,No,3,9,No,Yes,22.680836,0
16,2035,No,3,12,Yes,No,32.375275,0
28,2036,No,3,9,Yes,Yes,30.58622,0
28,2035,No,3,12,Yes,Yes,33.086662,0
4,2034,No,5,9,Yes,No,22.322285,0
28,2040,No,3,10,No,No,21.123137,0
31,2038,Yes,3,11,No,Yes,17.95652,2038
6,2036,No,6,9,Yes,No,23.35947,0
39,2033,No,6,8,No,Yes,21.002424,2036
15,2036,No,5,13,Yes,Yes,22.483128,0
19,2032,No,5,9,Yes,No,30.957594,0
38,2037,Yes,7,13,Yes,Yes,17.928064,2036
26,2034,No,4,9,No,Yes,25.049524,0
36,2036,Yes,3,0,Yes,Yes,24.154179,2036
37,2035,No,6,12,No,Yes,29.484484,2036
25,2037,No,5,11,Yes,Yes,22.902748,0
1,2033,No,6,19,Yes,Yes,27.030222,2034
3,2033,No,5,14,Yes,Yes,23.931158,2034
16,2032,No,3,7,Yes,Yes,28.644152,0
4,2038,No,5,13,No,No,26.04821,0
28,2037,No,3,9,Yes,Yes,25.58581,0
10,2039,No,6,10,Yes,Yes,28.693302,0
34,2034,No,3,9,No,No,32.955898,2038
13,2034,No,3,0,Yes,Yes,20.745007,0
26,2033,No,4,11,No,No,33.641056,0
27,2034,No,6,7,No,Yes,24.948147,0
5,2037,No,4,12,No,Yes,28.780663,0
15,2038,No,5,12,Yes,Yes,28.308229,0
4,2033,No,5,19,No,Yes,35.242176,0
1,2032,No,6,9,Yes,No,25.568817,2034
10,2034,No,6,13,No,Yes,26.08707,0
15,2036,No,5,13,Yes,No,25.950851,0
2,2035,Yes,6,12,Yes,Yes,17.293701,2034
14,2038,No,5,7,No,Yes,31.231075,0
35,2037,No,3,8,No,No,19.638536,2038
1,2032,No,6,7,No,Yes,23.452034,2034
15,2037,No,5,11,Yes,No,32.004223,0
13,2040,No,3,16,No,No,24.078758,0
1,2040,Yes,6,7,No,Yes,24.150574,2034
30,2033,No,6,11,Yes,Yes,26.194115,0
6,2034,No,6,12,No,Yes,31.024721,0
4,2032,No,5,10,No,No,25.968365,0
11,2036,No,7,11,Yes,Yes,22.606413,0
15,2036,No,5,9,No,Yes,25.506811,0
35,2032,No,3,9,Yes,No,34.504238,2038
33,2033,No,3,11,No,Yes,20.620039,2038
12,2039,No,5,9,No,No,27.382568,0
22,2032,No,5,15,No,Yes,28.844122,0
40,2035,No,4,11,No,No,29.253487,2036
18,2036,No,5,9,No,Yes,21.392887,0
26,2036,No,4,9,No,No,21.358131,0
1,2032,No,6,9,No,Yes,28.914528,2034
36,2035,No,3,9,No,Yes,32.486488,2036
25,2040,No,5,14,Yes,Yes,33.797382,0
25,2037,No,5,9,Yes,Yes,21.684368,0
19,2032,No,5,11,Yes,Yes,30.625841,0
13,2034,No,3,9,No,Yes,32.563496,0
22,2034,No,5,9,No,Yes,31.080629,0
19,2039,No,5,9,No,Yes,21.605583,0
6,2033,No,6,10,No,No,20.792967,0
25,2039,No,5,0,No,No,26.304636,0
23,2040,No,2,13,No,Yes,23.983145,0
24,2034,No,5,13,Yes,No,31.283949,0
33,2038,Yes,3,9,No,Yes,21.964901,2038
30,2040,No,6,9,Yes,Yes,35.487061,0
36,2038,Yes,3,13,No,No,26.835142,2036
6,2039,No,6,9,Yes,Yes,30.441248,0
19,2037,No,5,9,Yes,Yes,29.014271,0
19,2040,No,5,12,Yes,No,21.368093,0
29,2036,No,3,10,Yes,Yes,30.366938,0
32,2038,Yes,3,9,Yes,Yes,17.248438,2038
2,2038,Yes,6,9,No,Yes,16.794128,2034
30,2034,No,6,13,No,No,26.421688,0
12,2035,No,5,9,No,No,28.945547,0
5,2035,No,4,9,Yes,No,23.965092,0
25,2038,No,5,9,No,Yes,27.239618,0
18,2036,No,5,9,Yes,Yes,23.769846,0
23,2040,No,2,10,Yes,Yes,26.957418,0
16,2037,No,3,17,Yes,No,20.780655,0
21,2037,No,4,9,Yes,Yes,28.077818,0
33,2035,No,3,9,No,Yes,22.689383,2038
36,2038,Yes,3,10,Yes,Yes,31.606596,2036
36,2038,Yes,3,9,No,Yes,21.217152,2036
23,2040,No,2,9,No,No,19.280851,0
10,2032,No,6,9,Yes,Yes,22.520838,0
37,2034,No,6,10,No,No,23.694996,2036
22,2034,No,5,10,No,Yes,30.078001,0
21,2040,No,4,18,Yes,Yes,29.135588,0
31,2034,No,3,9,No,Yes,31.131119,2038
26,2035,No,4,10,No,Yes,26.135756,0
12,2035,No,5,7,Yes,Yes,24.260807,0
2,2032,No,6,12,Yes,Yes,22.976816,2034
30,2032,No,6,9,No,No,30.475103,0
14,2040,No,5,10,No,No,33.467461,0
6,2039,No,6,10,Yes,Yes,18.142466,0
9,2037,No,3,8,Yes,Yes,18.506989,0
21,2032,No,4,10,No,No,23.771507,0
33,2033,No,3,11,Yes,Yes,32.178932,2038
27,2032,No,6,9,Yes,Yes,20.979572,0
36,2040,Yes,3,19,No,No,25.847361,2036
3,2034,Yes,5,9,No,Yes,20.369684,2034
34,2037,No,3,9,No,No,27.844137,2038
35,2037,No,3,10,No,Yes,32.393738,2038
8,2034,No,4,15,No,Yes,31.08437,0
31,2040,Yes,3,7,No,No,29.726906,2038
13,2033,No,3,10,No,Yes,30.487,0
27,2034,No,6,11,Yes,No,30.376823,0
23,2032,No,2,11,Yes,No,33.196079,0
30,2034,No,6,8,Yes,Yes,34.553314,0
3,2032,No,5,9,No,Yes,27.679798,2034
22,2037,No,5,11,No,No,32.920948,0
12,2034,No,5,7,No,Yes,33.167446,0
7,2034,No,5,9,Yes,Yes,29.959898,0
37,2038,Yes,6,9,No,No,20.874191,2036
15,2037,No,5,9,No,No,23.165638,0
21,2039,No,4,10,No,No,23.747425,0
6,2033,No,6,8,Yes,No,22.746952,0
11,2032,No,7,9,Yes,Yes,20.850826,0
21,2036,No,4,9,No,Yes,19.871624,0
8,2034,No,4,9,No,Yes,18.404171,0
16,2035,No,3,10,No,Yes,27.446154,0
31,2040,Yes,3,0,Yes,Yes,19.883371,2038
38,2038,Yes,7,13,Yes,Yes,26.406534,2036
26,2035,No,4,7,No,No,30.5765,0
10,2033,No,6,9,No,Yes,25.138315,0
40,2034,No,4,11,No,No,26.273043,2036
39,2035,No,6,15,Yes,Yes,30.702568,2036
5,2039,No,4,9,Yes,Yes,27.409521,0
39,2033,No,6,12,No,Yes,27.882986,2036
27,2039,No,6,12,Yes,Yes,20.125671,0
11,2033,No,7,7,No,No,21.30887,0
28,2039,No,3,15,Yes,Yes,29.10807,0
11,2039,No,7,10,No,Yes,23.469866,0
24,2033,No,5,10,Yes,Yes,36.03228,0
7,2032,No,5,9,Yes,Yes,17.830463,0
21,2033,No,4,10,Yes,No,21.727482,0
29,2039,No,3,9,Yes,Yes,26.056746,0
23,2038,No,2,18,Yes,No,24.063129,0
35,2036,No,3,7,No,Yes,26.139399,2038
28,2032,No,3,10,No,Yes,28.285709,0
13,2032,No,3,7,No,No,18.721201,0
19,2037,No,5,9,No,No,28.09959,0
11,2033,No,7,9,Yes,No,23.050009,0
15,2038,No,5,9,No,Yes,19.815529,0
31,2034,No,3,10,Yes,Yes,30.913992,2038
16,2033,No,3,9,Yes,Yes,18.261612,0
31,2032,No,3,14,No,Yes,24.843559,2038
40,2036,Yes,4,9,Yes,No,26.342222,2036
34,2036,No,3,8,Yes,Yes,22.889036,2038
8,2038,No,4,11,Yes,No,28.211123,0
38,2033,No,7,9,No,Yes,30.401194,2036
28,2034,No,3,10,No,No,23.637482,0
40,2039,Yes,4,9,No,Yes,26.498417,2036
30,2033,No,6,10,No,No,32.802723,0
33,2038,Yes,3,9,Yes,Yes,30.894554,2038
25,2032,No,5,11,Yes,Yes,20.401649,0
26,2035,No,4,10,No,Yes,28.388681,0
6,2033,No,6,11,Yes,No,33.190842,0
30,2032,No,6,9,Yes,No,24.161781,0
26,2035,No,4,10,Yes,Yes,21.102417,0
19,2038,No,5,19,Yes,Yes,25.720633,0
33,2033,No,3,19,No,Yes,23.320017,2038
21,2034,No,4,18,Yes,Yes,26.39814,0
14,2036,No,5,11,No,Yes,32.964622,0
11,2034,No,7,9,Yes,No,27.378267,0
7,2039,No,5,8,No,No,20.42997,0
3,2036,Yes,5,10,Yes,No,31.38028,2034
17,2038,No,6,11,No,No,25.358383,0
6,2032,No,6,9,No,No,32.124615,0
5,2033,No,4,10,No,No,22.774782,0
25,2032,No,5,11,Yes,Yes,27.521561,0
29,2035,No,3,12,No,Yes,21.004509,0
22,2037,No,5,8,No,Yes,20.898968,0
18,2038,No,5,11,No,No,24.18952,0
16,2032,No,3,11,No,Yes,20.072689,0
34,2040,Yes,3,8,Yes,Yes,14.513537,2038
11,2032,No,7,9,No,No,23.393902,0
32,2037,No,3,8,Yes,No,28.126612,2038
10,2039,No,6,10,Yes,Yes,17.53269,0
32,2034,No,3,9,No,No,23.174736,2038
2,2033,No,6,9,Yes,No,24.566916,2034
7,2039,No,5,15,Yes,Yes,20.607285,0
2,2039,Yes,6,9,Yes,Yes,20.545792,2034
24,2032,No,5,9,No,Yes,27.275007,0
6,2036,No,6,10,Yes,No,22.652143,0
23,2034,No,2,10,Yes,Yes,31.616524,0
39,2032,No,6,13,No,Yes,26.38933,2036
21,2033,No,4,9,No,Yes,16.796053,0
38,2037,Yes,7,4,Yes,No,18.624212,2036
4,2033,No,5,10,No,No,22.672752,0
38,2040,Yes,7,9,No,Yes,16.610613,2036
20,2036,No,4,10,Yes,Yes,22.646734,0
22,2036,No,5,7,Yes,Yes,25.906151,0
35,2038,Yes,3,9,No,Yes,22.396887,2038
12,2037,No,5,8,Yes,Yes,32.104294,0
5,2036,No,4,9,No,Yes,29.768089,0
39,2035,No,6,19,Yes,Yes,32.153507,2036
21,2035,No,4,9,Yes,Yes,23.03758,0
17,2040,No,6,7,Yes,Yes,32.440594,0
40,2037,Yes,4,9,Yes,Yes,16.587954,2036
30,2038,No,6,10,Yes,Yes,19.287022,0
7,2033,No,5,9,No,No,33.402664,0
27,2037,No,6,18,No,No,31.04269,0
10,2036,No,6,9,Yes,Yes,31.041672,0
3,2034,Yes,5,9,Yes,Yes,20.310535,2034
8,2032,No,4,9,Yes,Yes,21.435995,0
27,2034,No,6,8,No,No,32.338108,0
22,2038,No,5,9,No,No,19.820875,0
33,2037,No,3,10,No,Yes,21.074005,2038
25,2037,No,5,8,Yes,No,27.839325,0
36,2035,No,3,9,No,Yes,18.809208,2036
26,2038,No,4,9,Yes,No,21.411575,0
12,2040,No,5,8,No,Yes,30.011749,0
37,2036,Yes,6,9,No,Yes,27.839947,2036
29,2038,No,3,8,Yes,No,24.092407,0
26,2032,No,4,9,No,No,30.111511,0
14,2037,No,5,18,No,Yes,27.153603,0
32,2035,No,3,12,Yes,Yes,25.769258,2038
13,2037,No,3,8,Yes,Yes,21.302769,0
32,2037,No,3,9,No,Yes,24.702864,2038
37,2032,No,6,10,No,Yes,31.805508,2036
35,2040,Yes,3,9,Yes,Yes,19.583227,2038
10,2032,No,6,9,Yes,Yes,22.746765,0
19,2033,No,5,10,No,Yes,21.240963,0
33,2037,No,3,12,No,No,23.527458,2038
13,2033,No,3,8,No,Yes,23.076773,0
30,2036,No,6,9,No,No,18.879051,0
40,2034,No,4,9,No,Yes,28.805426,2036
37,2033,No,6,7,No,No,28.988548,2036
34,2039,Yes,3,14,Yes,Yes,23.432354,2038
2,2034,Yes,6,9,Yes,No,29.142555,2034
23,2033,No,2,17,No,Yes,19.424059,0
34,2036,No,3,8,No,No,29.259457,2038
38,2035,No,7,9,No,Yes,22.448799,2036
39,2036,Yes,6,8,No,No,31.478189,2036
5,2036,No,4,15,No,Yes,16.822554,0
29,2040,No,3,11,Yes,Yes,26.96233,0
21,2034,No,4,9,No,No,20.545607,0
19,2032,No,5,12,No,No,31.199043,0
16,2038,No,3,7,No,Yes,26.762308,0
32,2036,No,3,11,No,No,23.737759,2038
4,2038,No,5,9,Yes,Yes,21.161943,0
13,2034,No,3,9,Yes,Yes,25.12075,0
33,2033,No,3,9,Yes,No,21.642376,2038
32,2038,Yes,3,13,No,Yes,14.53503,2038
28,2033,No,3,9,Yes,Yes,29.674526,0
34,2033,No,3,12,No,Yes,23.613079,2038
37,2037,Yes,6,12,No,No,16.501465,2036
34,2037,No,3,8,No,No,20.012074,2038
19,2037,No,5,8,Yes,Yes,23.593721,0
2,2040,Yes,6,9,No,Yes,27.490335,2034
31,2038,Yes,3,9,No,No,16.523685,2038
18,2033,No,5,7,Yes,Yes,27.938379,0
13,2040,No,3,9,No,Yes,15.649298,0
17,2034,No,6,9,No,No,21.436722,0
36,2034,No,3,9,No,Yes,20.764109,2036
26,2039,No,4,9,No,Yes,28.054403,0
37,2037,Yes,6,9,No,Yes,18.2689,2036
31,2034,No,3,19,Yes,No,21.584661,2038
38,2033,No,7,7,No,Yes,28.095247,2036
33,2032,No,3,8,Yes,Yes,16.46866,2038
4,2035,No,5,9,No,No,22.582352,0
7,2035,No,5,9,Yes,Yes,27.308687,0
9,2033,No,3,13,No,No,17.460712,0
26,2038,No,4,19,Yes,Yes,19.06428,0
26,2037,No,4,9,Yes,No,26.152199,0
19,2034,No,5,9,Yes,Yes,24.975815,0
20,2036,No,4,11,No,No,29.891233,0
21,2034,No,4,9,Yes,Yes,25.751028,0
30,2036,No,6,10,No,No,24.70853,0
3,2037,Yes,5,8,Yes,Yes,30.482361,2034
14,2039,No,5,11,No,Yes,18.605505,0
3,2032,No,5,12,Yes,Yes,34.095673,2034
31,2034,No,3,9,Yes,No,29.264168,2038
30,2032,No,6,13,Yes,Yes,25.105637,0
23,2034,No,2,7,Yes,Yes,31.764612,0
32,2040,Yes,3,9,No,Yes,26.890396,2038
23,2033,No,2,11,No,No,25.714787,0
7,2039,No,5,10,No,Yes,28.703375,0
14,2037,No,5,9,Yes,Yes,25.239931,0
21,2038,No,4,12,No,Yes,23.095808,0
20,2033,No,4,17,No,No,27.206429,0
18,2035,No,5,13,Yes,Yes,26.247328,0
5,2037,No,4,19,Yes,No,22.415648,0
18,2038,No,5,15,Yes,Yes,28.362234,0
34,2036,No,3,10,Yes,No,26.273048,2038
23,2037,No,2,9,No,Yes,23.950378,0
5,2033,No,4,9,Yes,Yes,27.739166,0
36,2035,No,3,10,Yes,Yes,25.664454,2036
18,2038,No,5,8,No,No,20.246765,0
25,2034,No,5,9,Yes,Yes,35.877716,0
16,2038,No,3,9,No,No,20.300863,0
22,2034,No,5,11,Yes,Yes,25.03557,0
29,2039,No,3,14,No,No,16.673706,0
22,2039,No,5,8,No,Yes,16.240223,0
31,2036,No,3,11,Yes,No,21.032015,2038
36,2038,Yes,3,11,No,Yes,20.493626,2036
21,2040,No,4,9,No,Yes,33.010227,0
15,2035,No,5,9,No,Yes,22.489416,0
5,2033,No,4,10,No,Yes,29.236433,0
12,2035,No,5,9,No,No,26.584723,0
25,2034,No,5,10,No,No,24.699665,0
16,2040,No,3,9,Yes,Yes,30.21487,0
28,2033,No,3,9,Yes,No,28.081602,0
9,2036,No,3,10,No,Yes,22.250919,0
29,2038,No,3,9,No,Yes,19.241695,0
35,2038,Yes,3,13,Yes,Yes,26.626863,2038
4,2032,No,5,11,Yes,No,27.149752,0
22,2037,No,5,9,Yes,Yes,35.753288,0
29,2040,No,3,11,No,Yes,21.389399,0
34,2034,No,3,9,Yes,Yes,23.20558,2038
23,2033,No,2,10,Yes,No,20.178028,0
7,2035,No,5,7,Yes,Yes,24.648249,0
2,2033,No,6,9,No,No,28.295757,2034
27,2035,No,6,8,Yes,No,22.246124,0
24,2034,No,5,9,Yes,No,26.922129,0
2,2035,Yes,6,15,No,Yes,20.885874,2034
20,2034,No,4,7,Yes,Yes,20.444824,0
34,2039,Yes,3,9,Yes,No,24.650932,2038
28,2038,No,3,9,No,No,27.605579,0
7,2032,No,5,0,Yes,Yes,26.738941,0
37,2036,Yes,6,8,Yes,No,28.021351,2036
26,2036,No,4,9,Yes,No,24.15753,0
1,2037,Yes,6,9,No,Yes,28.578152,2034
32,2036,No,3,11,Yes,Yes,31.430824,2038
38,2033,No,7,10,No,Yes,28.7894,2036
10,2034,No,6,10,Yes,No,29.404337,0
9,2036,No,3,9,No,Yes,22.289526,0
35,2034,No,3,12,No,Yes,28.650106,2038
15,2035,No,5,10,Yes,Yes,19.994844,0
3,2037,Yes,5,7,No,No,27.644464,2034
25,2035,No,5,11,Yes,Yes,20.688444,0
9,2032,No,3,9,No,No,30.599808,0
31,2038,Yes,3,8,Yes,No,18.288054,2038
10,2038,No,6,9,Yes,Yes,28.452948,0
6,2036,No,6,19,Yes,Yes,22.302576,0
19,2038,No,5,8,No,Yes,23.858007,0
21,2034,No,4,7,No,Yes,28.511877,0
17,2032,No,6,10,Yes,Yes,19.103579,0
8,2039,No,4,10,No,No,17.635023,0
23,2038,No,2,19,No,Yes,27.585682,0
30,2034,No,6,8,Yes,Yes,33.605782,0
35,2034,No,3,9,Yes,No,23.563816,2038
14,2040,No,5,9,No,Yes,29.401003,0
30,2032,No,6,14,Yes,Yes,27.386307,0
11,2040,No,7,7,No,No,24.797962,0
16,2037,No,3,9,No,Yes,30.070515,0
31,2037,No,3,9,No,Yes,25.54281,2038
17,2032,No,6,9,Yes,Yes,33.690228,0
1,2036,Yes,6,10,No,Yes,18.896423,2034
10,2040,No,6,12,No,Yes,22.728045,0
37,2039,Yes,6,9,No,Yes,21.185549,2036
2,2035,Yes,6,9,No,Yes,25.327854,2034
17,2037,No,6,8,No,No,21.992805,0
11,2038,No,7,12,No,Yes,32.051453,0
1,2036,Yes,6,9,Yes,No,29.688604,2034
22,2040,No,5,9,No,Yes,15.464411,0
30,2036,No,6,19,Yes,No,28.305862,0
22,2034,No,5,10,No,No,32.818542,0
20,2034,No,4,8,Yes,Yes,29.491804,0
12,2035,No,5,9,Yes,Yes,26.568148,0
4,2032,No,5,9,No,Yes,26.176527,0
19,2032,No,5,9,Yes,Yes,35.229362,0
13,2039,No,3,9,No,Yes,33.527988,0
29,2036,No,3,9,Yes,Yes,31.831802,0
27,2040,No,6,13,No,Yes,23.452637,0
37,2040,Yes,6,16,No,No,34.497486,2036
5,2035,No,4,9,Yes,No,22.684198,0
30,2036,No,6,11,Yes,Yes,29.970051,0
1,2033,No,6,9,Yes,Yes,28.182804,2034
1,2038,Yes,6,8,Yes,Yes,29.808857,2034
11,2038,No,7,10,No,No,23.837837,0
8,2037,No,4,7,No,Yes,29.005144,0
7,2033,No,5,13,Yes,No,27.206896,0
18,2038,No,5,8,No,Yes,19.746529,0
18,2035,No,5,11,Yes,No,21.229889,0
8,2037,No,4,9,No,No,25.492186,0
22,2036,No,5,11,No,Yes,32.294529,0
9,2033,No,3,8,No,Yes,25.471277,0
21,2034,No,4,13,No,Yes,28.642954,0
6,2032,No,6,12,Yes,Yes,21.097755,0
39,2038,Yes,6,7,Yes,No,28.792423,2036
10,2035,No,6,0,No,Yes,29.988853,0
21,2034,No,4,10,No,No,34.827351,0
31,2038,Yes,3,9,No,Yes,27.643608,2038
6,2036,No,6,9,Yes,Yes,19.422884,0
38,2038,Yes,7,9,Yes,No,29.694378,2036
35,2037,No,3,9,Yes,Yes,32.81842,2038
40,2040,Yes,4,15,No,No,26.156076,2036
28,2032,No,3,9,No,Yes,25.811636,0
24,2040,No,5,18,No,Yes,19.940897,0
2,2040,Yes,6,9,No,Yes,29.482332,2034
14,2039,No,5,12,No,Yes,20.022144,0
2,2033,No,6,18,Yes,Yes,27.126381,2034
19,2035,No,5,5,Yes,Yes,16.786552,0
24,2038,No,5,18,Yes,Yes,32.285751,0
36,2039,Yes,3,8,Yes,Yes,24.980082,2036
32,2034,No,3,12,Yes,Yes,25.882002,2038
25,2039,No,5,9,No,No,28.181084,0
9,2036,No,3,9,Yes,No,16.872896,0
4,2040,No,5,11,No,Yes,29.807217,0
14,2040,No,5,9,No,Yes,31.59314,0
1,2032,No,6,17,Yes,No,30.842653,2034
20,2035,No,4,9,Yes,Yes,22.591721,0
23,2033,No,2,7,Yes,Yes,35.325268,0
31,2040,Yes,3,7,Yes,Yes,25.608583,2038
6,2036,No,6,7,Yes,Yes,31.821899,0
1,2036,Yes,6,12,Yes,Yes,23.266844,2034
13,2037,No,3,10,Yes,No,18.786625,0
5,2038,No,4,8,Yes,No,33.268402,0
12,2035,No,5,9,No,No,23.359715,0
1,2032,No,6,8,No,No,21.049591,2034
3,2033,No,5,12,Yes,Yes,34.23378,2034
24,2032,No,5,19,No,No,35.425556,0
10,2035,No,6,9,No,Yes,17.89432,0
35,2040,Yes,3,12,No,Yes,19.076679,2038
5,2035,No,4,10,Yes,Yes,21.653625,0
31,2035,No,3,9,Yes,Yes,22.413233,2038
17,2032,No,6,12,Yes,No,33.821899,0
22,2036,No,5,12,No,Yes,20.127937,0
10,2033,No,6,9,No,Yes,19.855124,0
10,2033,No,6,7,Yes,Yes,23.626846,0
22,2033,No,5,11,Yes,Yes,26.829063,0
5,2040,No,4,9,Yes,No,23.134996,0
32,2040,Yes,3,9,No,Yes,31.956486,2038
30,2040,No,6,9,No,Yes,26.041624,0
13,2032,No,3,10,No,No,30.148848,0
1,2039,Yes,6,9,Yes,Yes,21.386984,2034
26,2039,No,4,10,No,Yes,22.331566,0
34,2037,No,3,9,No,No,19.429932,2038
13,2038,No,3,9,Yes,Yes,23.463165,0
1,2034,Yes,6,9,Yes,Yes,19.620165,2034
21,2033,No,4,11,No,No,29.735138,0
16,2037,No,3,9,No,No,32.384716,0
16,2039,No,3,9,No,Yes,32.362133,0
1,2040,Yes,6,15,No,No,18.88769,2034
11,2039,No,7,7,Yes,Yes,31.217882,0
14,2036,No,5,9,Yes,Yes,21.761879,0
23,2033,No,2,12,No,Yes,34.773392,0
38,2035,No,7,10,Yes,Yes,19.73287,2036
34,2036,No,3,9,Yes,Yes,28.74155,2038
31,2039,Yes,3,9,Yes,No,30.217768,2038
3,2037,Yes,5,8,Yes,No,30.590937,2034
36,2035,No,3,9,Yes,Yes,23.164808,2036
20,2037,No,4,10,Yes,Yes,24.282766,0
35,2033,No,3,9,Yes,No,24.092949,2038
26,2040,No,4,9,No,Yes,29.168505,0
17,2034,No,6,9,No,Yes,27.597103,0
33,2034,No,3,9,No,Yes,31.370888,2038
29,2035,No,3,7,No,No,25.032448,0
29,2033,No,3,10,Yes,No,34.123871,0
28,2033,No,3,15,Yes,Yes,32.274178,0
36,2039,Yes,3,10,Yes,No,32.238354,2036
14,2035,No,5,9,Yes,No,24.331003,0
19,2038,No,5,9,Yes,Yes,26.667839,0
35,2033,No,3,9,No,No,18.696585,2038
17,2040,No,6,10,Yes,Yes,21.011082,0
29,2033,No,3,9,No,Yes,29.690048,0
20,2032,No,4,19,Yes,No,24.133211,0
14,2032,No,5,9,Yes,Yes,32.933949,0
20,2035,No,4,9,No,No,31.998398,0
8,2035,No,4,9,No,Yes,26.9016,0
1,2032,No,6,9,No,Yes,23.081087,2034
34,2032,No,3,10,No,No,20.478729,2038
2,2038,Yes,6,9,No,No,24.02438,2034
35,2032,No,3,7,Yes,Yes,34.894726,2038
6,2033,No,6,11,Yes,No,25.549297,0
15,2034,No,5,7,No,Yes,26.286379,0
8,2040,No,4,15,No,Yes,31.608278,0
23,2034,No,2,9,Yes,Yes,25.827349,0
4,2033,No,5,18,No,Yes,21.94297,0
21,2033,No,4,18,Yes,No,20.907145,0
10,2032,No,6,10,No,Yes,23.608438,0
17,2036,No,6,11,Yes,Yes,32.707905,0
10,2037,No,6,12,Yes,Yes,22.98489,0
38,2038,Yes,7,8,Yes,Yes,20.855976,2036
13,2034,No,3,9,No,No,25.792467,0
30,2038,No,6,10,No,Yes,21.054165,0
6,2034,No,6,9,No,Yes,15.928468,0
23,2036,No,2,9,No,Yes,21.814629,0
3,2038,Yes,5,8,Yes,No,25.45155,2034
39,2039,Yes,6,9,No,Yes,27.676441,2036
28,2037,No,3,9,Yes,Yes,21.19486,0
36,2039,Yes,3,9,No,Yes,21.022324,2036
30,2038,No,6,9,No,No,29.286463,0
31,2040,Yes,3,9,Yes,Yes,20.562965,2038
16,2036,No,3,10,Yes,Yes,18.185215,0
40,2037,Yes,4,9,No,No,13.710772,2036
30,2040,No,6,9,No,No,28.163242,0
32,2036,No,3,10,No,Yes,26.198849,2038
39,2033,No,6,7,Yes,Yes,23.557735,2036
9,2039,No,3,9,No,No,23.335939,0
37,2035,No,6,11,Yes,Yes,29.3167,2036
37,2037,Yes,6,9,No,Yes,16.480928,2036
18,2036,No,5,10,Yes,Yes,29.78092,0
3,2033,No,5,14,Yes,Yes,31.124069,2034
6,2036,No,6,12,No,Yes,25.262032,0
36,2033,No,3,11,Yes,No,30.998144,2036
2,2032,No,6,9,No,Yes,22.742512,2034
6,2036,No,6,9,Yes,Yes,19.724733,0
19,2038,No,5,11,Yes,Yes,26.34411,0
30,2033,No,6,9,No,No,27.754723,0
20,2040,No,4,8,Yes,No,21.421204,0
14,2036,No,5,3,Yes,No,25.114958,0
9,2033,No,3,0,No,Yes,19.907848,0
19,2036,No,5,9,No,Yes,31.296103,0
27,2034,No,6,9,Yes,Yes,32.662594,0
18,2032,No,5,9,Yes,Yes,19.697262,0
11,2036,No,7,9,No,No,19.630962,0
10,2034,No,6,15,No,Yes,18.559111,0
33,2040,Yes,3,7,No,No,34.630642,2038
28,2038,No,3,8,No,Yes,22.680853,0
11,2034,No,7,9,Yes,No,30.597191,0
25,2035,No,5,0,No,No,22.382141,0
12,2034,No,5,11,Yes,Yes,28.023554,0
27,2032,No,6,12,Yes,Yes,17.665127,0
32,2032,No,3,10,Yes,Yes,32.789474,2038
17,2039,No,6,10,No,Yes,22.020117,0
14,2039,No,5,9,No,Yes,15.860064,0
9,2038,No,3,9,No,No,32.809376,0
13,2035,No,3,9,No,No,29.196653,0
36,2036,Yes,3,7,No,No,33.182888,2036
36,2032,No,3,9,No,Yes,24.511082,2036
8,2036,No,4,9,Yes,Yes,28.44803,0
23,2036,No,2,9,Yes,Yes,32.248379,0
24,2040,No,5,9,Yes,Yes,25.76791,0
15,2036,No,5,11,No,No,31.811537,0
16,2039,No,3,9,Yes,Yes,24.266712,0
8,2032,No,4,18,No,No,30.233191,0
26,2037,No,4,9,No,No,29.871002,0
14,2037,No,5,9,Yes,Yes,30.252344,0
25,2032,No,5,10,No,Yes,13.610002,0
27,2037,No,6,9,No,Yes,28.266426,0
16,2034,No,3,11,No,Yes,24.772274,0
13,2032,No,3,9,Yes,Yes,20.369843,0
28,2035,No,3,9,Yes,Yes,34.025013,0
34,2035,No,3,13,Yes,Yes,20.856049,2038
16,2035,No,3,9,Yes,Yes,22.432133,0
27,2037,No,6,10,No,Yes,17.987055,0
36,2034,No,3,10,Yes,Yes,21.254545,2036
14,2035,No,5,9,Yes,No,27.150503,0
12,2036,No,5,14,No,Yes,18.490002,0
12,2037,No,5,10,No,No,18.082142,0
29,2032,No,3,9,Yes,Yes,24.348757,0
9,2039,No,3,14,No,No,27.68054,0
3,2032,No,5,11,No,Yes,18.717613,2034
4,2035,No,5,9,Yes,Yes,28.510801,0
4,2040,No,5,8,No,Yes,21.246286,0
18,2036,No,5,11,No,No,25.883049,0
9,2035,No,3,11,No,No,28.774862,0
34,2035,No,3,11,No,No,22.108828,2038
16,2035,No,3,9,Yes,Yes,26.914274,0
31,2037,No,3,8,No,No,24.144316,2038
34,2035,No,3,9,Yes,No,26.21221,2038
40,2032,No,4,8,Yes,Yes,30.147928,2036
30,2038,No,6,9,No,Yes,34.810009,0
20,2036,No,4,9,No,Yes,31.760317,0
27,2040,No,6,8,No,Yes,18.29216,0
9,2035,No,3,9,No,No,25.201672,0
6,2038,No,6,9,Yes,Yes,20.881025,0
11,2036,No,7,7,Yes,No,21.568439,0
7,2039,No,5,10,Yes,No,22.176102,0
11,2032,No,7,11,No,Yes,20.478516,0
5,2032,No,4,12,Yes,No,26.997881,0
19,2032,No,5,9,No,No,24.120056,0
37,2033,No,6,9,Yes,No,22.667835,2036
20,2038,No,4,7,No,Yes,21.945358,0
34,2034,No,3,8,Yes,Yes,15.605722,2038
23,2039,No,2,10,No,Yes,18.595411,0
23,2040,No,2,12,No,Yes,25.762585,0
8,2032,No,4,11,No,Yes,29.890406,0
27,2032,No,6,10,No,Yes,21.809961,0
12,2040,No,5,10,Yes,Yes,21.104733,0
24,2035,No,5,12,No,No,19.698725,0
20,2035,No,4,12,No,Yes,27.539268,0
24,2032,No,5,9,No,No,21.507286,0
23,2033,No,2,9,Yes,No,29.380957,0
35,2037,No,3,11,No,No,27.175209,2038
34,2032,No,3,10,Yes,No,30.306271,2038
17,2032,No,6,9,No,Yes,25.063988,0
12,2032,No,5,13,Yes,Yes,16.707121,0
27,2040,No,6,9,Yes,No,23.625055,0
12,2034,No,5,9,No,No,25.453848,0
23,2036,No,2,9,No,No,25.57201,0
31,2040,Yes,3,9,No,No,27.428967,2038
7,2032,No,5,8,Yes,Yes,33.673012,0
6,2039,No,6,0,Yes,No,20.139261,0
28,2036,No,3,7,No,Yes,32.39922,0
24,2038,No,5,9,Yes,Yes,31.772419,0
33,2033,No,3,9,Yes,Yes,31.173588,2038
17,2036,No,6,9,Yes,Yes,29.135529,0
27,2040,No,6,12,Yes,Yes,23.774679,0
15,2034,No,5,13,No,Yes,30.170652,0
22,2039,No,5,9,Yes,No,23.69673,0
1,2039,Yes,6,15,No,Yes,17.365503,2034
7,2035,No,5,9,No,No,30.79283,0
12,2032,No,5,9,No,No,28.860289,0
38,2038,Yes,7,9,No,No,27.050789,2036
1,2038,Yes,6,9,Yes,Yes,23.182529,2034
7,2032,No,5,7,Yes,Yes,22.472763,0
35,2038,Yes,3,11,No,Yes,28.134087,2038
20,2038,No,4,10,Yes,Yes,27.366198,0
14,2040,No,5,10,No,Yes,24.091835,0
2,2035,Yes,6,9,No,No,24.27816,2034
38,2038,Yes,7,12,Yes,Yes,23.842777,2036
32,2032,No,3,12,No,No,21.092604,2038
33,2033,No,3,11,No,Yes,28.658588,2038
40,2037,Yes,4,9,Yes,Yes,22.630487,2036
33,2036,No,3,9,Yes,Yes,35.240349,2038
24,2038,No,5,11,No,Yes,16.090403,0
39,2038,Yes,6,9,Yes,No,29.638012,2036
33,2035,No,3,9,No,No,24.523277,2038
35,2033,No,3,8,No,No,29.271729,2038
39,2038,Yes,6,8,No,No,21.306135,2036
30,2032,No,6,11,No,Yes,29.425976,0
33,2037,No,3,9,No,Yes,29.828773,2038
38,2036,Yes,7,8,Yes,No,31.568544,2036
13,2039,No,3,7,No,No,21.338778,0
6,2039,No,6,11,Yes,Yes,27.637388,0
14,2036,No,5,9,No,Yes,23.513361,0
32,2037,No,3,11,Yes,Yes,27.236115,2038
32,2034,No,3,18,Yes,Yes,32.925446,2038
33,2039,Yes,3,10,No,No,17.112972,2038
23,2035,No,2,11,Yes,No,23.714487,0
18,2035,No,5,11,No,No,26.007141,0
9,2039,No,3,8,No,Yes,29.488474,0
9,2032,No,3,13,No,Yes,21.253868,0
15,2034,No,5,9,No,Yes,31.082874,0
35,2032,No,3,10,No,Yes,23.812424,2038
6,2032,No,6,9,No,No,23.150963,0
11,2038,No,7,12,No,Yes,27.52639,0
16,2036,No,3,8,Yes,No,32.041706,0
14,2034,No,5,9,No,No,31.541462,0
8,2040,No,4,9,Yes,No,32.605553,0
13,2040,No,3,19,No,Yes,21.988445,0
19,2037,No,5,9,No,Yes,27.469994,0
13,2035,No,3,12,No,No,26.029327,0
7,2039,No,5,17,No,Yes,28.389118,0
34,2038,Yes,3,18,Yes,Yes,26.112076,2038
39,2040,Yes,6,10,No,Yes,19.44207,2036
7,2036,No,5,8,No,Yes,20.839621,0
11,2038,No,7,9,No,Yes,25.423954,0
25,2036,No,5,15,No,Yes,28.758728,0
31,2033,No,3,10,Yes,Yes,24.174496,2038
32,2038,Yes,3,9,No,Yes,17.069647,2038
35,2035,No,3,11,No,Yes,28.152649,2038
6,2034,No,6,10,Yes,Yes,22.657833,0
38,2032,No,7,13,No,Yes,29.882025,2036
7,2034,No,5,9,No,Yes,18.362598,0
15,2037,No,5,9,No,No,19.847254,0
1,2034,Yes,6,8,Yes,No,26.680862,2034
38,2032,No,7,9,No,Yes,26.418839,2036
26,2034,No,4,15,No,Yes,17.944639,0
14,2039,No,5,12,No,No,30.915951,0
22,2034,No,5,9,No,No,19.540054,0
1,2040,Yes,6,9,Yes,No,21.98912,2034
33,2034,No,3,13,No,No,27.26486,2038
9,2035,No,3,9,No,Yes,22.085941,0
10,2034,No,6,9,No,Yes,27.428802,0
31,2036,No,3,18,No,Yes,20.157644,2038
32,2035,No,3,12,Yes,No,22.953074,2038
8,2036,No,4,8,Yes,Yes,30.966158,0
40,2033,No,4,9,Yes,Yes,32.872314,2036
26,2036,No,4,9,Yes,Yes,16.62566,0
1,2037,Yes,6,9,No,Yes,28.025314,2034
23,2032,No,2,10,No,Yes,26.507769,0
40,2034,No,4,0,Yes,Yes,28.381821,2036
9,2038,No,3,9,Yes,Yes,22.958403,0
36,2039,Yes,3,8,No,Yes,22.252466,2036
24,2034,No,5,10,No,Yes,28.012321,0
8,2039,No,4,7,No,No,21.009596,0
31,2035,No,3,9,No,Yes,20.873718,2038
18,2039,No,5,14,No,Yes,22.069408,0
20,2033,No,4,15,No,Yes,31.574205,0
22,2032,No,5,11,No,Yes,33.475533,0
31,2038,Yes,3,9,Yes,Yes,21.703531,2038
8,2033,No,4,9,No,No,25.503809,0
26,2036,No,4,9,No,Yes,16.300556,0
33,2038,Yes,3,8,No,No,29.698689,2038
16,2040,No,3,19,Yes,Yes,23.087423,0
34,2040,Yes,3,9,No,Yes,30.104509,2038
17,2033,No,6,10,Yes,Yes,22.888706,0
26,2034,No,4,13,No,Yes,21.277048,0
7,2033,No,5,9,No,Yes,23.546206,0
16,2037,No,3,12,Yes,Yes,31.993574,0
10,2035,No,6,11,No,No,22.26368,0
16,2040,No,3,9,Yes,No,27.612265,0
23,2034,No,2,9,No,No,30.305901,0
15,2036,No,5,10,Yes,Yes,20.775852,0
29,2039,No,3,8,Yes,Yes,26.83498,0
22,2033,No,5,12,Yes,No,26.865358,0
1,2040,Yes,6,9,Yes,Yes,32.884102,2034
33,2040,Yes,3,13,Yes,Yes,24.40048,2038
33,2033,No,3,9,No,No,24.118063,2038
30,2034,No,6,11,Yes,No,20.851282,0
25,2037,No,5,9,Yes,No,30.752882,0
4,2038,No,5,13,No,No,29.631327,0
31,2038,Yes,3,13,Yes,No,24.636429,2038
31,2039,Yes,3,9,Yes,Yes,20.546028,2038
38,2036,Yes,7,8,No,Yes,27.844582,2036
29,2035,No,3,9,Yes,Yes,23.914469,0
37,2035,No,6,13,Yes,Yes,26.861816,2036
25,2040,No,5,10,No,No,26.418291,0
21,2033,No,4,11,No,Yes,26.54586,0
29,2036,No,3,15,Yes,Yes,20.654102,0
36,2035,No,3,10,No,Yes,22.257641,2036
33,2036,No,3,9,No,Yes,26.126673,2038
34,2037,No,3,13,No,Yes,28.471149,2038
17,2034,No,6,14,No,Yes,30.957092,0
20,2035,No,4,10,No,Yes,29.825464,0
8,2036,No,4,9,Yes,Yes,18.18709,0
12,2033,No,5,8,No,Yes,19.486641,0
9,2036,No,3,9,No,Yes,19.296663,0
32,2034,No,3,9,No,Yes,25.330879,2038
23,2034,No,2,12,Yes,Yes,23.297916,0
40,2034,No,4,8,Yes,Yes,27.252237,2036
35,2037,No,3,9,No,No,37.505276,2038
27,2035,No,6,9,Yes,Yes,31.39636,0
1,2035,Yes,6,9,Yes,No,22.273119,2034
31,2034,No,3,9,Yes,No,27.31669,2038
9,2037,No,3,8,No,Yes,20.16781,0
1,2033,No,6,13,Yes,No,29.175617,2034
11,2037,No,7,12,Yes,No,31.220732,0
38,2039,Yes,7,9,No,No,26.491285,2036
14,2039,No,5,8,Yes,No,28.285118,0
7,2035,No,5,10,Yes,Yes,26.103151,0
16,2040,No,3,9,No,Yes,29.937513,0
27,2036,No,6,10,Yes,Yes,28.800682,0
23,2037,No,2,10,No,Yes,28.109108,0
27,2033,No,6,9,No,Yes,23.671297,0
28,2036,No,3,8,Yes,Yes,32.385815,0
21,2034,No,4,9,No,Yes,19.350677,0
32,2040,Yes,3,9,Yes,No,18.740971,2038
21,2039,No,4,13,Yes,Yes,18.710003,0
19,2040,No,5,12,No,Yes,31.570082,0
27,2035,No,6,18,Yes,No,25.702322,0
10,2038,No,6,11,No,Yes,19.966866,0
39,2035,No,6,8,No,No,25.644222,2036
1,2034,Yes,6,9,No,No,22.921558,2034
38,2036,Yes,7,10,Yes,No,30.557022,2036
15,2040,No,5,10,Yes,No,25.165554,0
18,2037,No,5,11,No,Yes,24.872074,0
26,2034,No,4,9,No,Yes,28.101925,0
7,2034,No,5,10,No,Yes,22.648962,0
10,2037,No,6,9,No,Yes,30.31851,0
9,2036,No,3,8,Yes,Yes,28.498156,0
9,2038,No,3,9,Yes,Yes,22.640064,0
19,2040,No,5,8,Yes,Yes,18.599279,0
23,2033,No,2,9,Yes,No,34.245827,0
9,2036,No,3,5,No,No,26.144865,0
17,2036,No,6,11,Yes,No,25.195499,0
40,2036,Yes,4,17,Yes,No,24.136786,2036
30,2040,No,6,12,Yes,No,23.583633,0
2,2034,Yes,6,9,No,No,33.837761,2034
1,2040,Yes,6,9,No,Yes,25.178915,2034
38,2040,Yes,7,11,Yes,Yes,32.193817,2036
19,2037,No,5,12,No,Yes,22.826138,0
29,2037,No,3,9,No,No,28.593573,0
16,2040,No,3,10,No,Yes,22.004007,0
33,2038,Yes,3,9,No,Yes,18.494297,2038
3,2038,Yes,5,9,Yes,No,25.331553,2034
38,2035,No,7,11,Yes,Yes,31.076708,2036
22,2037,No,5,11,No,No,33.46286,0
19,2039,No,5,8,No,No,28.500271,0
2,2039,Yes,6,14,No,Yes,19.952774,2034
39,2037,Yes,6,13,No,No,21.753441,2036
4,2037,No,5,9,No,Yes,24.061619,0
33,2038,Yes,3,10,No,Yes,17.787752,2038
22,2033,No,5,9,No,Yes,29.323286,0
33,2032,No,3,9,No,Yes,23.603144,2038
27,2038,No,6,16,Yes,Yes,28.703287,0
38,2039,Yes,7,8,No,Yes,24.435274,2036
1,2035,Yes,6,9,No,Yes,16.155251,2034
7,2037,No,5,8,Yes,Yes,23.44282,0
33,2032,No,3,8,Yes,No,27.212446,2038
3,2037,Yes,5,7,Yes,No,20.819183,2034
39,2032,No,6,19,Yes,Yes,31.708427,2036
18,2040,No,5,9,No,Yes,26.32222,0
10,2033,No,6,10,Yes,Yes,28.02289,0
30,2034,No,6,9,No,Yes,21.375801,0
29,2037,No,3,9,Yes,No,28.696045,0
10,2032,No,6,9,Yes,Yes,20.418299,0
21,2035,No,4,9,Yes,No,26.637781,0
12,2040,No,5,9,Yes,No,28.289803,0
39,2037,Yes,6,11,Yes,Yes,24.147171,2036
31,2034,No,3,9,Yes,Yes,19.181431,2038
18,2033,No,5,12,No,Yes,21.209656,0
10,2040,No,6,9,No,No,36.72604,0
25,2034,No,5,11,No,Yes,23.48978,0
1,2032,No,6,10,Yes,Yes,26.935013,2034
7,2033,No,5,12,No,Yes,21.846096,0
10,2032,No,6,9,Yes,No,31.830446,0
13,2037,No,3,11,No,Yes,20.901527,0
29,2036,No,3,12,Yes,No,33.322647,0
18,2034,No,5,12,No,Yes,22.830423,0
11,2035,No,7,9,Yes,Yes,25.056028,0
13,2034,No,3,10,No,Yes,27.32011,0
3,2034,Yes,5,9,No,No,26.013371,2034
29,2037,No,3,9,No,No,28.143375,0
27,2037,No,6,18,Yes,Yes,27.207253,0
2,2034,Yes,6,9,Yes,No,34.29665,2034
28,2040,No,3,7,No,No,33.572487,0
38,2037,Yes,7,11,No,Yes,28.19912,2036
28,2035,No,3,9,No,Yes,20.445494,0
26,2034,No,4,13,No,No,22.191509,0
39,2036,Yes,6,7,No,Yes,25.063869,2036
16,2039,No,3,12,No,No,17.277273,0
33,2035,No,3,15,Yes,Yes,23.313477,2038
24,2032,No,5,7,No,Yes,27.567488,0
5,2033,No,4,9,No,No,18.645954,0
9,2038,No,3,9,Yes,No,36.12619,0
20,2038,No,4,19,Yes,Yes,32.134876,0
32,2033,No,3,11,No,Yes,23.963303,2038
14,2038,No,5,13,Yes,Yes,24.047659,0
4,2034,No,5,9,No,Yes,17.39319,0
31,2032,No,3,10,No,No,23.475473,2038
3,2037,Yes,5,11,Yes,Yes,26.192604,2034
20,2033,No,4,9,No,No,29.635872,0
9,2037,No,3,9,No,Yes,24.235649,0
36,2032,No,3,0,Yes,Yes,22.097563,2036
23,2037,No,2,9,No,No,21.483749,0
9,2036,No,3,19,Yes,Yes,26.636351,0
3,2032,No,5,9,No,No,23.87879,2034
37,2034,No,6,8,No,Yes,23.491884,2036
32,2034,No,3,9,No,Yes,30.064482,2038
11,2037,No,7,11,No,Yes,27.388248,0
31,2040,Yes,3,19,Yes,Yes,18.779421,2038
7,2037,No,5,17,No,Yes,26.973724,0
20,2033,No,4,9,No,Yes,22.122055,0
32,2035,No,3,10,No,No,23.300671,2038
18,2037,No,5,9,No,Yes,26.430464,0
8,2032,No,4,9,No,No,33.440182,0
31,2038,Yes,3,11,Yes,No,29.493061,2038
16,2033,No,3,8,No,No,26.204638,0
13,2033,No,3,8,Yes,Yes,34.095482,0
28,2034,No,3,9,No,No,27.714354,0
4,2037,No,5,9,Yes,Yes,21.281477,0
32,2037,No,3,9,Yes,Yes,23.909622,2038
33,2034,No,3,4,No,Yes,29.594164,2038
25,2036,No,5,7,Yes,Yes,32.501694,0
38,2035,No,7,12,No,Yes,17.233633,2036
19,2036,No,5,8,Yes,Yes,27.208128,0
26,2034,No,4,19,Yes,Yes,29.08786,0
18,2036,No,5,9,Yes,Yes,27.046646,0
3,2035,Yes,5,18,Yes,No,27.960207,2034
29,2033,No,3,7,No,Yes,17.867319,0
6,2035,No,6,15,No,Yes,21.51145,0
25,2039,No,5,9,No,Yes,27.476391,0
10,2035,No,6,7,Yes,Yes,30.142302,0
6,2038,No,6,9,No,Yes,22.752516,0
32,2032,No,3,9,No,Yes,28.242239,2038
38,2039,Yes,7,9,No,No,28.760387,2036
36,2036,Yes,3,9,Yes,Yes,20.862387,2036
27,2039,No,6,10,No,Yes,29.593468,0
26,2033,No,4,9,No,Yes,16.513733,0
2,2034,Yes,6,9,Yes,Yes,31.924381,2034
40,2032,No,4,14,No,Yes,26.935915,2036
7,2033,No,5,9,No,Yes,30.995462,0
28,2039,No,3,11,No,Yes,30.637403,0
15,2037,No,5,15,No,Yes,16.351772,0
23,2037,No,2,13,No,No,33.825718,0
5,2039,No,4,9,No,Yes,21.195847,0
30,2039,No,6,9,No,Yes,34.2164,0
37,2037,Yes,6,12,No,Yes,13.833068,2036
39,2040,Yes,6,15,Yes,No,32.67424,2036
19,2033,No,5,13,No,Yes,22.769457,0
5,2032,No,4,10,No,No,19.355129,0
35,2039,Yes,3,8,No,No,30.942879,2038
37,2037,Yes,6,11,No,No,26.659567,2036
32,2037,No,3,19,No,Yes,23.125092,2038
17,2040,No,6,8,Yes,No,27.142698,0
12,2033,No,5,8,No,Yes,30.392496,0
24,2038,No,5,19,No,No,23.940779,0
37,2040,Yes,6,14,Yes,Yes,19.180126,2036
3,2035,Yes,5,17,No,Yes,16.823524,2034
25,2035,No,5,8,No,Yes,17.20105,0
29,2032,No,3,9,No,No,30.160301,0
6,2037,No,6,9,No,Yes,24.271467,0
22,2035,No,5,10,No,Yes,29.349649,0
31,2039,Yes,3,8,No,Yes,22.537823,2038
6,2037,No,6,9,Yes,Yes,25.971706,0
16,2035,No,3,11,No,No,27.549276,0
3,2033,No,5,11,Yes,Yes,29.783192,2034
16,2036,No,3,8,No,Yes,23.946592,0
35,2032,No,3,11,Yes,Yes,32.817993,2038
3,2036,Yes,5,11,Yes,Yes,21.720129,2034
10,2034,No,6,11,No,No,36.5746,0
19,2033,No,5,10,No,Yes,18.83452,0
37,2033,No,6,13,Yes,Yes,22.326826,2036
22,2040,No,5,9,No,Yes,25.465958,0
17,2040,No,6,8,Yes,No,20.072758,0
25,2035,No,5,9,Yes,No,35.23761,0
34,2032,No,3,13,Yes,No,23.773241,2038
21,2034,No,4,9,Yes,No,29.067713,0
16,2037,No,3,13,Yes,Yes,31.613985,0
21,2033,No,4,10,Yes,Yes,31.218828,0
19,2035,No,5,9,No,Yes,26.541592,0
25,2032,No,5,19,Yes,Yes,29.766388,0
7,2033,No,5,8,No,No,25.525835,0
7,2036,No,5,12,No,No,18.683966,0
18,2040,No,5,9,Yes,Yes,25.60154,0
24,2034,No,5,19,No,Yes,29.588482,0
33,2035,No,3,15,Yes,Yes,27.377329,2038
17,2034,No,6,9,No,Yes,19.606316,0
6,2035,No,6,11,No,Yes,18.714176,0
17,2035,No,6,9,No,Yes,30.604818,0
3,2040,Yes,5,9,No,No,26.113806,2034
8,2035,No,4,8,No,Yes,21.648144,0
4,2040,No,5,9,No,No,34.558159,0
13,2036,No,3,9,Yes,No,26.055887,0
14,2036,No,5,9,No,Yes,24.261103,0
14,2033,No,5,14,Yes,Yes,31.336672,0
25,2036,No,5,15,No,Yes,21.739843,0
38,2036,Yes,7,9,No,No,26.417189,2036
34,2039,Yes,3,9,No,Yes,28.356119,2038
1,2033,No,6,10,No,No,30.577873,2034
35,2033,No,3,9,No,Yes,21.264141,2038
20,2037,No,4,9,Yes,No,24.220657,0
18,2039,No,5,18,Yes,Yes,18.364277,0
5,2035,No,4,9,No,No,35.640305,0
12,2039,No,5,9,Yes,Yes,28.314402,0
16,2032,No,3,10,No,No,22.105272,0
27,2033,No,6,9,No,No,19.165361,0
10,2037,No,6,9,Yes,No,31.776127,0
34,2033,No,3,9,Yes,Yes,27.946133,2038
26,2039,No,4,13,Yes,Yes,27.79999,0
11,2037,No,7,11,No,Yes,23.393639,0
15,2038,No,5,9,No,Yes,23.977724,0
4,2038,No,5,19,No,Yes,17.439888,0
25,2040,No,5,8,Yes,No,23.814953,0
12,2037,No,5,9,No,No,18.528809,0
33,2040,Yes,3,10,No,Yes,18.659901,2038
11,2040,No,7,10,Yes,Yes,23.264511,0
32,2033,No,3,11,Yes,Yes,21.859978,2038
26,2040,No,4,4,Yes,No,28.28451,0
29,2033,No,3,9,No,No,24.037468,0
31,2037,No,3,10,Yes,Yes,24.998903,2038
17,2040,No,6,8,No,Yes,22.74222,0
21,2036,No,4,12,Yes,Yes,23.874577,0
29,2033,No,3,9,Yes,Yes,24.108166,0
13,2038,No,3,11,No,No,32.076412,0
6,2033,No,6,9,No,Yes,26.548447,0
5,2032,No,4,13,Yes,No,21.655382,0
32,2038,Yes,3,9,Yes,Yes,16.493343,2038
35,2032,No,3,9,No,Yes,20.344152,2038
17,2032,No,6,7,No,No,34.123383,0
25,2033,No,5,9,Yes,Yes,19.34211,0
28,2032,No,3,9,No,No,24.733652,0
12,2033,No,5,9,No,No,31.187792,0
7,2035,No,5,9,Yes,Yes,21.73514,0
20,2040,No,4,10,Yes,Yes,33.882095,0
21,2037,No,4,9,Yes,Yes,32.027481,0
35,2035,No,3,8,No,No,18.582762,2038
27,2034,No,6,7,No,Yes,24.554972,0
29,2035,No,3,9,Yes,Yes,30.611334,0
11,2034,No,7,10,No,Yes,29.402277,0
9,2034,No,3,8,Yes,No,28.004835,0
2,2038,Yes,6,12,Yes,No,21.199511,2034
4,2038,No,5,13,Yes,No,30.800222,0
9,2034,No,3,17,Yes,Yes,24.062279,0
26,2040,No,4,9,No,Yes,26.662849,0
11,2035,No,7,9,Yes,Yes,19.844393,0
40,2035,No,4,9,No,Yes,19.494854,2036
31,2040,Yes,3,11,Yes,Yes,14.651648,2038
4,2037,No,5,12,Yes,Yes,31.326801,0
39,2038,Yes,6,14,No,Yes,14.614579,2036
6,2033,No,6,16,Yes,No,25.362158,0
4,2039,No,5,8,No,Yes,19.116226,0
40,2038,Yes,4,11,Yes,Yes,22.56559,2036
13,2037,No,3,16,Yes,Yes,24.688347,0
27,2038,No,6,9,Yes,Yes,26.279352,0
7,2037,No,5,9,No,Yes,22.303446,0
27,2038,No,6,7,Yes,Yes,16.01746,0
35,2034,No,3,8,No,No,20.20723,2038
13,2033,No,3,8,Yes,No,28.837578,0
24,2037,No,5,7,No,No,27.466614,0
39,2033,No,6,9,Yes,No,31.964993,2036
35,2032,No,3,13,No,No,22.934721,2038
9,2033,No,3,14,Yes,No,22.154703,0
38,2035,No,7,12,No,No,30.565105,2036
24,2034,No,5,9,Yes,No,27.053045,0
34,2039,Yes,3,9,Yes,No,29.518251,2038
40,2038,Yes,4,18,Yes,Yes,17.746454,2036
31,2035,No,3,18,No,Yes,15.563595,2038
2,2037,Yes,6,9,No,Yes,16.445095,2034
25,2038,No,5,11,Yes,No,26.935881,0
11,2039,No,7,9,No,No,22.285309,0
15,2039,No,5,13,No,Yes,19.14105,0
9,2032,No,3,10,Yes,Yes,28.69404,0
10,2035,No,6,13,Yes,Yes,33.447144,0
3,2034,Yes,5,9,No,Yes,21.92709,2034
36,2040,Yes,3,12,Yes,Yes,36.520626,2036
21,2035,No,4,0,Yes,Yes,23.240213,0
6,2032,No,6,9,No,Yes,27.661697,0
40,2039,Yes,4,9,No,Yes,21.453024,2036
29,2040,No,3,9,Yes,Yes,29.087347,0
24,2038,No,5,9,Yes,No,36.124447,0
6,2037,No,6,9,No,Yes,19.09021,0
15,2035,No,5,0,Yes,Yes,25.182989,0
22,2037,No,5,13,No,No,21.882429,0
19,2039,No,5,9,No,Yes,24.04562,0
7,2033,No,5,9,No,Yes,31.479204,0
23,2039,No,2,10,No,Yes,19.335075,0
23,2033,No,2,9,Yes,Yes,28.350012,0
33,2040,Yes,3,9,No,Yes,31.610214,2038
7,2037,No,5,7,Yes,No,25.832903,0
33,2038,Yes,3,7,No,Yes,23.830172,2038
3,2033,No,5,12,No,No,30.633446,2034
2,2038,Yes,6,12,Yes,Yes,30.349756,2034
22,2040,No,5,10,Yes,Yes,25.242388,0
24,2034,No,5,9,Yes,Yes,25.595493,0
6,2034,No,6,7,No,No,30.83507,0
20,2032,No,4,13,No,No,15.820958,0
31,2035,No,3,11,No,No,30.148588,2038
23,2037,No,2,8,No,Yes,30.292681,0
7,2035,No,5,7,Yes,Yes,27.350901,0
25,2032,No,5,12,Yes,Yes,24.805632,0
29,2035,No,3,9,No,Yes,32.602512,0
38,2037,Yes,7,7,Yes,Yes,30.969999,2036
13,2034,No,3,9,Yes,Yes,28.954945,0
7,2040,No,5,11,Yes,No,20.855448,0
7,2034,No,5,11,Yes,No,21.171167,0
35,2032,No,3,9,No,Yes,23.40313,2038
5,2035,No,4,8,Yes,No,33.997837,0
9,2034,No,3,9,Yes,No,28.128223,0
17,2039,No,6,9,Yes,Yes,28.36937,0
16,2040,No,3,9,Yes,No,27.167372,0
13,2033,No,3,12,No,Yes,29.748543,0
11,2040,No,7,9,Yes,Yes,29.068048,0
37,2032,No,6,9,No,No,28.950752,2036
4,2035,No,5,10,No,No,26.459833,0
8,2035,No,4,9,No,No,26.343645,0
29,2033,No,3,8,No,Yes,31.642548,0
2,2039,Yes,6,9,No,No,24.768776,2034
32,2034,No,3,9,Yes,Yes,19.488338,2038
16,2034,No,3,13,No,Yes,21.865833,0
16,2040,No,3,12,Yes,Yes,22.218622,0
15,2036,No,5,8,No,Yes,24.704781,0
18,2034,No,5,8,Yes,Yes,28.943602,0
33,2037,No,3,9,No,Yes,25.379648,2038
23,2034,No,2,12,Yes,Yes,25.100986,0
26,2038,No,4,10,Yes,Yes,28.459051,0
16,2034,No,3,11,No,Yes,18.925554,0
30,2032,No,6,9,No,Yes,30.416203,0
38,2033,No,7,9,No,Yes,22.091042,2036
14,2032,No,5,9,Yes,No,33.419594,0
24,2036,No,5,19,Yes,Yes,33.833614,0
3,2036,Yes,5,9,No,No,29.670097,2034
6,2032,No,6,10,Yes,Yes,30.504622,0
27,2033,No,6,11,Yes,No,32.58696,0
30,2032,No,6,8,Yes,Yes,23.562178,0
26,2039,No,4,9,No,Yes,25.55323,0
29,2039,No,3,9,No,No,18.809095,0
13,2040,No,3,9,Yes,Yes,18.495111,0
33,2033,No,3,10,No,No,22.768106,2038
39,2032,No,6,16,Yes,No,20.976593,2036
37,2040,Yes,6,9,No,Yes,24.063856,2036
31,2032,No,3,12,No,Yes,27.020264,2038
32,2038,Yes,3,9,No,Yes,24.66832,2038
9,2033,No,3,9,No,No,26.251461,0
26,2033,No,4,12,No,Yes,24.915958,0
14,2032,No,5,14,Yes,No,18.746458,0
2,2032,No,6,9,No,No,27.189444,2034
25,2032,No,5,12,No,Yes,28.549364,0
4,2034,No,5,9,No,No,23.924795,0
27,2033,No,6,8,Yes,Yes,24.198502,0
39,2035,No,6,13,Yes,Yes,29.186581,2036
29,2039,No,3,9,Yes,Yes,21.388771,0
29,2039,No,3,9,No,Yes,28.361246,0
33,2038,Yes,3,9,Yes,Yes,22.812485,2038
2,2038,Yes,6,9,No,Yes,24.466354,2034
4,2033,No,5,10,No,No,23.503969,0
9,2038,No,3,10,Yes,Yes,27.225012,0
35,2040,Yes,3,11,No,Yes,30.679806,2038
31,2035,No,3,10,Yes,No,26.121769,2038
19,2032,No,5,8,Yes,Yes,30.192574,0
23,2037,No,2,11,No,Yes,20.072298,0
33,2034,No,3,9,No,Yes,32.930653,2038
20,2038,No,4,9,Yes,No,22.561607,0
37,2032,No,6,9,No,No,17.089565,2036
36,2040,Yes,3,7,No,No,32.916973,2036
15,2039,No,5,9,Yes,Yes,35.351952,0
13,2040,No,3,9,Yes,No,23.43627,0
25,2032,No,5,9,No,Yes,27.507654,0
35,2032,No,3,7,Yes,No,26.216007,2038
29,2037,No,3,11,No,Yes,18.610394,0
8,2040,No,4,19,No,Yes,26.802105,0
36,2036,Yes,3,10,No,Yes,22.526983,2036
29,2034,No,3,9,No,Yes,21.534161,0
32,2037,No,3,10,Yes,No,28.767136,2038
6,2038,No,6,9,No,Yes,28.708729,0
10,2036,No,6,9,No,Yes,31.703316,0
2,2036,Yes,6,19,No,Yes,33.330845,2034
19,2034,No,5,11,No,Yes,24.462578,0
25,2033,No,5,19,No,Yes,21.593809,0
2,2034,Yes,6,9,No,No,24.648338,2034
32,2037,No,3,14,No,No,33.321228,2038
8,2034,No,4,10,Yes,Yes,26.181273,0
1,2034,Yes,6,9,Yes,Yes,23.004879,2034
15,2036,No,5,9,Yes,Yes,30.978384,0
23,2034,No,2,9,No,Yes,24.477493,0
2,2039,Yes,6,10,Yes,No,21.144957,2034
21,2033,No,4,11,No,Yes,22.594227,0
16,2037,No,3,10,Yes,Yes,35.920425,0
17,2037,No,6,9,Yes,No,30.765736,0
4,2040,No,5,9,Yes,Yes,16.352594,0
26,2040,No,4,9,Yes,No,24.236193,0
28,2036,No,3,11,Yes,Yes,29.988672,0
11,2036,No,7,9,Yes,Yes,29.882999,0
1,2040,Yes,6,10,No,Yes,25.980122,2034
25,2035,No,5,9,Yes,Yes,30.576685,0
24,2037,No,5,13,No,Yes,23.293875,0
19,2038,No,5,9,Yes,No,30.820162,0
34,2032,No,3,12,No,Yes,17.546396,2038
4,2037,No,5,9,No,Yes,17.575062,0
5,2035,No,4,9,Yes,No,29.058342,0
23,2033,No,2,9,No,No,32.001354,0
37,2035,No,6,9,No,No,30.962347,2036
19,2034,No,5,7,No,No,22.22691,0
12,2032,No,5,8,No,Yes,31.398832,0
14,2037,No,5,11,No,Yes,25.437325,0
2,2036,Yes,6,8,Yes,Yes,22.689137,2034
24,2032,No,5,9,Yes,Yes,25.986904,0
10,2039,No,6,12,No,Yes,27.695562,0
38,2035,No,7,9,No,No,28.384853,2036
25,2036,No,5,8,No,Yes,26.843513,0
21,2037,No,4,9,Yes,No,30.244568,0
38,2036,Yes,7,8,No,Yes,18.984144,2036
21,2036,No,4,9,No,Yes,17.979898,0
33,2036,No,3,9,No,No,17.838976,2038
16,2035,No,3,12,Yes,Yes,20.389769,0
21,2037,No,4,9,Yes,Yes,26.46361,0
3,2039,Yes,5,10,Yes,Yes,32.60844,2034
31,2035,No,3,13,No,Yes,27.980137,2038
17,2035,No,6,10,No,Yes,25.785347,0
4,2037,No,5,9,No,No,22.479076,0
30,2039,No,6,9,Yes,Yes,25.180927,0
22,2032,No,5,10,Yes,Yes,29.337336,0
15,2033,No,5,11,No,Yes,31.680197,0
26,2035,No,4,10,No,No,32.952705,0
34,2035,No,3,9,No,Yes,19.493851,2038
29,2040,No,3,9,Yes,No,23.411966,0
5,2036,No,4,10,Yes,Yes,20.801567,0
9,2039,No,3,9,No,Yes,32.245014,0
22,2040,No,5,11,No,Yes,29.79705,0
31,2032,No,3,16,No,Yes,29.362162,2038
8,2037,No,4,9,No,Yes,27.635519,0
23,2040,No,2,9,Yes,Yes,35.55238,0
8,2032,No,4,9,Yes,No,24.568361,0
30,2040,No,6,7,Yes,Yes,22.823156,0
9,2037,No,3,19,No,No,27.773052,0
18,2039,No,5,13,No,Yes,24.939991,0
5,2035,No,4,13,Yes,Yes,34.348244,0
35,2039,Yes,3,10,Yes,Yes,20.213549,2038
23,2036,No,2,11,Yes,Yes,23.567945,0
6,2034,No,6,7,No,Yes,22.174425,0
33,2032,No,3,10,Yes,No,30.218468,2038
30,2037,No,6,9,No,No,31.344612,0
5,2039,No,4,11,Yes,Yes,16.070894,0
38,2032,No,7,9,Yes,Yes,29.019552,2036
21,2038,No,4,9,No,Yes,22.867224,0
27,2032,No,6,9,No,Yes,25.886051,0
39,2033,No,6,12,No,Yes,29.357027,2036
27,2036,No,6,19,Yes,Yes,30.008171,0
27,2039,No,6,9,Yes,Yes,24.971605,0
20,2033,No,4,9,Yes,Yes,27.771383,0
13,2035,No,3,9,Yes,Yes,35.640446,0
2,2038,Yes,6,12,No,Yes,22.31889,2034
7,2035,No,5,9,No,Yes,29.289389,0
24,2034,No,5,11,No,Yes,24.637419,0
18,2037,No,5,7,No,No,26.206001,0
6,2040,No,6,8,No,No,25.364372,0
34,2035,No,3,9,No,Yes,23.215452,2038
40,2039,Yes,4,14,Yes,Yes,25.316694,2036
34,2039,Yes,3,8,Yes,Yes,31.95932,2038
8,2038,No,4,10,No,No,33.988281,0
4,2036,No,5,9,Yes,Yes,33.084114,0
2,2034,Yes,6,9,No,Yes,18.328026,2034
3,2036,Yes,5,9,Yes,No,30.570429,2034
29,2034,No,3,11,No,Yes,21.237495,0
14,2037,No,5,10,Yes,No,26.72423,0
2,2033,No,6,9,No,Yes,17.540398,2034
34,2040,Yes,3,10,No,No,16.19195,2038
33,2033,No,3,9,No,No,29.432228,2038
5,2032,No,4,16,No,Yes,21.209253,0
37,2032,No,6,9,No,No,16.525314,2036
17,2037,No,6,7,Yes,Yes,26.573557,0
34,2040,Yes,3,10,Yes,Yes,28.375748,2038
17,2037,No,6,7,Yes,Yes,19.710321,0
35,2033,No,3,9,Yes,Yes,27.162573,2038
16,2035,No,3,10,No,Yes,20.270767,0
35,2032,No,3,9,Yes,Yes,21.493015,2038
30,2034,No,6,11,Yes,No,24.118557,0
24,2037,No,5,10,Yes,Yes,24.56851,0
25,2038,No,5,9,No,No,28.740934,0
14,2040,No,5,9,Yes,Yes,30.065657,0
26,2037,No,4,7,Yes,No,30.028517,0
8,2033,No,4,9,No,Yes,19.729055,0
22,2032,No,5,10,Yes,No,28.848093,0
33,2032,No,3,9,Yes,Yes,23.65539,2038
37,2037,Yes,6,9,No,Yes,16.41707,2036
32,2038,Yes,3,11,Yes,Yes,16.726658,2038
16,2032,No,3,9,No,No,30.177742,0
40,2038,Yes,4,17,Yes,Yes,20.802042,2036
36,2032,No,3,12,Yes,Yes,31.156033,2036
19,2036,No,5,9,Yes,No,25.721241,0
10,2033,No,6,18,Yes,No,23.595612,0
15,2035,No,5,12,No,Yes,30.166737,0
3,2034,Yes,5,9,Yes,Yes,17.545834,2034
33,2034,No,3,12,No,No,23.92868,2038
24,2032,No,5,10,No,Yes,21.804344,0
22,2034,No,5,9,Yes,Yes,26.329765,0
13,2032,No,3,0,No,Yes,22.154755,0
14,2038,No,5,9,No,No,26.182018,0
24,2034,No,5,9,Yes,Yes,24.628868,0
38,2039,Yes,7,11,No,Yes,33.353497,2036
22,2039,No,5,9,Yes,Yes,26.158175,0
13,2034,No,3,10,Yes,No,25.859001,0
33,2036,No,3,7,No,Yes,21.489456,2038
31,2035,No,3,9,Yes,Yes,18.927685,2038
38,2038,Yes,7,7,No,Yes,23.877705,2036
29,2037,No,3,9,No,Yes,31.24592,0
2,2039,Yes,6,9,Yes,No,27.033552,2034
8,2037,No,4,7,Yes,No,29.304008,0
4,2038,No,5,10,Yes,No,26.948294,0
9,2037,No,3,9,No,No,21.385887,0
14,2034,No,5,12,Yes,Yes,19.700758,0
21,2036,No,4,8,Yes,Yes,28.290136,0
6,2038,No,6,11,Yes,Yes,30.813438,0
11,2038,No,7,9,Yes,Yes,34.226124,0
40,2034,No,4,9,Yes,Yes,27.909031,2036
9,2036,No,3,9,No,Yes,22.014856,0
39,2034,No,6,10,No,Yes,19.715471,2036
29,2036,No,3,9,Yes,Yes,30.173107,0
20,2037,No,4,9,Yes,No,34.890949,0
32,2035,No,3,8,No,Yes,24.309744,2038
26,2040,No,4,10,Yes,Yes,30.046713,0
21,2032,No,4,12,No,No,20.039217,0
8,2036,No,4,9,No,Yes,31.544939,0
16,2040,No,3,8,No,Yes,15.429593,0
12,2032,No,5,9,Yes,Yes,22.31601,0
11,2038,No,7,8,Yes,No,26.629612,0
14,2035,No,5,10,Yes,Yes,27.344893,0
9,2034,No,3,10,Yes,Yes,31.471643,0
11,2038,No,7,12,No,Yes,25.053604,0
39,2038,Yes,6,9,Yes,Yes,25.940857,2036
3,2036,Yes,5,13,No,Yes,23.959705,2034
30,2035,No,6,14,Yes,No,32.786366,0
8,2038,No,4,9,Yes,No,31.682316,0
39,2036,Yes,6,10,Yes,No,26.225712,2036
11,2038,No,7,17,Yes,Yes,21.993345,0
6,2032,No,6,9,No,No,20.284588,0
38,2037,Yes,7,9,Yes,No,14.221883,2036
39,2033,No,6,9,Yes,Yes,33.276852,2036
34,2033,No,3,12,No,Yes,33.829727,2038
28,2034,No,3,9,No,Yes,23.757895,0
7,2040,No,5,10,No,Yes,26.632235,0
8,2035,No,4,12,Yes,Yes,22.580481,0
9,2034,No,3,9,Yes,Yes,27.670544,0
12,2038,No,5,10,No,Yes,28.834618,0
3,2035,Yes,5,12,Yes,No,30.394865,2034
34,2039,Yes,3,10,No,No,18.893568,2038
24,2038,No,5,10,No,Yes,33.080013,0
37,2035,No,6,9,Yes,No,25.836321,2036
40,2040,Yes,4,10,No,No,27.656315,2036
39,2034,No,6,9,Yes,No,22.042828,2036
40,2036,Yes,4,9,Yes,No,22.463533,2036
2,2038,Yes,6,9,Yes,No,23.146326,2034
33,2038,Yes,3,10,Yes,Yes,20.478176,2038
22,2039,No,5,9,Yes,Yes,26.203243,0
29,2036,No,3,9,Yes,Yes,30.311821,0
10,2036,No,6,9,No,Yes,19.446062,0
40,2037,Yes,4,7,Yes,Yes,22.33326,2036
9,2039,No,3,9,Yes,No,22.16514,0
16,2038,No,3,11,Yes,Yes,23.152231,0
17,2039,No,6,9,No,Yes,21.481508,0
36,2036,Yes,3,9,No,No,27.578186,2036
10,2039,No,6,9,Yes,Yes,24.770439,0
6,2038,No,6,13,Yes,Yes,22.752556,0
23,2039,No,2,16,No,Yes,19.699753,0
22,2038,No,5,9,Yes,Yes,26.776442,0
20,2039,No,4,9,Yes,No,23.707558,0
10,2032,No,6,7,Yes,Yes,32.609375,0
22,2032,No,5,7,No,Yes,20.947874,0
25,2035,No,5,9,No,Yes,27.224419,0
32,2032,No,3,9,No,Yes,24.319168,2038
24,2036,No,5,11,Yes,Yes,32.751698,0
3,2035,Yes,5,9,No,Yes,14.363812,2034
27,2036,No,6,9,No,No,26.127161,0
10,2034,No,6,10,Yes,No,28.812578,0
19,2037,No,5,9,Yes,Yes,25.503569,0
33,2033,No,3,9,No,No,30.452938,2038
36,2037,Yes,3,10,Yes,No,28.320595,2036
23,2040,No,2,10,Yes,No,31.299608,0
3,2037,Yes,5,9,No,Yes,22.395922,2034
33,2039,Yes,3,9,Yes,Yes,20.716959,2038
33,2034,No,3,0,No,No,30.774397,2038
39,2037,Yes,6,9,No,Yes,22.159494,2036
29,2039,No,3,9,No,No,29.5261,0
8,2035,No,4,9,Yes,No,17.884874,0
15,2033,No,5,11,Yes,Yes,23.042194,0
36,2039,Yes,3,11,Yes,Yes,19.49869,2036
22,2037,No,5,10,No,No,30.299896,0
40,2033,No,4,15,Yes,No,26.729925,2036
11,2033,No,7,9,No,Yes,20.349871,0
21,2034,No,4,9,Yes,Yes,36.932999,0
8,2037,No,4,9,Yes,Yes,30.244205,0
36,2038,Yes,3,9,No,Yes,18.679132,2036
5,2040,No,4,10,Yes,No,23.603573,0
22,2039,No,5,18,No,No,18.337797,0
9,2034,No,3,17,No,Yes,23.703821,0
36,2038,Yes,3,9,Yes,Yes,26.813625,2036
16,2034,No,3,9,No,No,26.057928,0
19,2036,No,5,9,No,Yes,25.927607,0
36,2040,Yes,3,9,No,No,21.088951,2036
27,2037,No,6,9,Yes,Yes,32.095913,0
31,2040,Yes,3,19,No,Yes,23.200998,2038
30,2039,No,6,13,No,Yes,31.908627,0
31,2032,No,3,10,No,No,32.818031,2038
7,2032,No,5,9,No,No,30.632904,0
27,2039,No,6,11,Yes,Yes,22.519566,0
38,2033,No,7,12,No,Yes,27.788208,2036
2,2040,Yes,6,9,No,Yes,17.624624,2034
10,2039,No,6,9,Yes,Yes,28.441206,0
23,2038,No,2,9,Yes,Yes,33.790791,0
6,2040,No,6,10,No,No,25.973829,0
16,2032,No,3,8,Yes,No,20.964643,0
11,2033,No,7,15,No,No,27.236992,0
24,2032,No,5,9,No,Yes,32.007637,0
5,2034,No,4,11,No,Yes,26.81843,0
5,2033,No,4,9,No,Yes,25.295321,0
5,2034,No,4,7,No,No,20.629538,0
24,2035,No,5,14,Yes,Yes,22.163294,0
6,2038,No,6,9,Yes,Yes,31.498226,0
18,2036,No,5,9,Yes,No,26.901041,0
14,2035,No,5,8,No,No,29.808092,0
36,2032,No,3,8,No,No,26.915142,2036
21,2040,No,4,9,No,No,31.077505,0
33,2038,Yes,3,12,Yes,Yes,15.533188,2038
31,2033,No,3,10,No,Yes,29.795336,2038
36,2038,Yes,3,10,No,Yes,18.598751,2036
24,2039,No,5,10,Yes,No,31.922394,0
26,2032,No,4,7,Yes,Yes,32.571079,0
29,2036,No,3,9,No,No,28.418411,0
18,2039,No,5,0,Yes,No,25.644436,0
30,2035,No,6,9,Yes,Yes,15.012391,0
10,2036,No,6,9,No,No,26.602352,0
19,2033,No,5,9,No,Yes,24.498341,0
21,2040,No,4,9,No,Yes,29.003325,0
18,2035,No,5,9,Yes,Yes,25.308798,0
16,2035,No,3,9,No,Yes,23.346352,0
7,2033,No,5,16,Yes,No,35.227219,0
15,2040,No,5,7,Yes,Yes,27.388636,0
31,2040,Yes,3,9,Yes,Yes,26.986797,2038
25,2040,No,5,9,No,Yes,21.844919,0
34,2036,No,3,16,Yes,Yes,29.648466,2038
38,2040,Yes,7,12,Yes,Yes,18.836817,2036
23,2038,No,2,11,Yes,Yes,23.765072,0
34,2039,Yes,3,18,No,Yes,31.745453,2038
4,2039,No,5,11,No,Yes,20.08712,0
4,2035,No,5,9,No,Yes,20.355295,0
25,2037,No,5,11,Yes,Yes,30.778046,0
11,2036,No,7,9,Yes,Yes,27.914429,0
26,2039,No,4,14,No,Yes,22.09301,0
39,2037,Yes,6,10,Yes,Yes,33.905361,2036
21,2033,No,4,7,No,No,23.689228,0
6,2036,No,6,9,No,No,33.123852,0
19,2038,No,5,9,No,Yes,28.81761,0
8,2036,No,4,9,Yes,No,26.054705,0
11,2034,No,7,9,No,Yes,22.982018,0
35,2035,No,3,12,No,Yes,22.168358,2038
24,2036,No,5,8,No,Yes,19.766293,0
17,2038,No,6,8,No,Yes,18.635452,0
26,2034,No,4,9,Yes,Yes,22.875336,0
9,2035,No,3,9,Yes,Yes,20.848452,0
16,2037,No,3,16,Yes,Yes,25.978249,0
10,2034,No,6,9,Yes,Yes,23.139071,0
18,2032,No,5,9,No,Yes,28.580549,0
37,2036,Yes,6,9,No,Yes,16.512272,2036
22,2039,No,5,7,No,Yes,34.323326,0
10,2038,No,6,9,Yes,Yes,26.397713,0
24,2032,No,5,12,Yes,Yes,21.616823,0
39,2034,No,6,9,No,No,26.307926,2036
26,2035,No,4,9,Yes,Yes,28.628624,0
13,2033,No,3,9,No,Yes,23.133364,0
11,2038,No,7,13,No,Yes,29.831373,0
5,2036,No,4,8,No,No,33.976742,0
15,2035,No,5,9,Yes,Yes,24.386007,0
38,2035,No,7,9,Yes,Yes,30.399462,2036
9,2034,No,3,14,No,No,31.816668,0
39,2032,No,6,8,No,No,20.574867,2036
12,2034,No,5,9,No,Yes,22.635662,0
26,2036,No,4,9,No,Yes,23.86145,0
39,2038,Yes,6,9,No,Yes,29.012331,2036
27,2037,No,6,9,Yes,Yes,26.896112,0
24,2038,No,5,11,No,No,32.768467,0
35,2032,No,3,7,Yes,Yes,34.147064,2038
34,2035,No,3,10,Yes,Yes,20.565121,2038
1,2036,Yes,6,9,No,Yes,26.131016,2034
6,2034,No,6,9,No,No,23.619644,0
5,2037,No,4,10,No,Yes,18.837751,0
12,2035,No,5,9,No,No,24.103159,0
30,2035,No,6,9,Yes,No,29.531572,0
7,2036,No,5,8,No,No,24.98815,0
13,2033,No,3,13,Yes,No,25.875027,0
16,2037,No,3,11,No,Yes,18.916346,0
40,2032,No,4,14,No,No,30.002439,2036
23,2032,No,2,13,Yes,Yes,21.504398,0
18,2038,No,5,9,No,Yes,30.392536,0
27,2039,No,6,9,No,No,32.804081,0
27,2035,No,6,9,No,Yes,25.859655,0
38,2033,No,7,11,No,Yes,20.388988,2036
5,2040,No,4,16,No,Yes,17.405861,0
8,2035,No,4,9,Yes,Yes,18.213678,0
16,2032,No,3,11,Yes,Yes,18.940722,0
6,2033,No,6,13,Yes,Yes,36.104454,0
31,2032,No,3,9,Yes,No,20.690544,2038
7,2040,No,5,19,No,No,28.679399,0
31,2036,No,3,10,Yes,No,20.945044,2038
23,2034,No,2,9,No,Yes,26.861513,0
19,2036,No,5,14,Yes,Yes,36.687977,0
38,2040,Yes,7,10,No,Yes,31.973507,2036
34,2033,No,3,8,No,Yes,25.258118,2038
8,2032,No,4,19,Yes,Yes,22.157951,0
38,2036,Yes,7,11,No,No,24.422487,2036
29,2037,No,3,12,Yes,Yes,25.693176,0
39,2040,Yes,6,10,No,Yes,20.592718,2036
13,2032,No,3,9,No,Yes,24.746767,0
21,2032,No,4,9,No,Yes,34.209209,0
5,2039,No,4,10,No,Yes,29.996012,0
31,2038,Yes,3,11,No,No,20.510345,2038
35,2038,Yes,3,9,Yes,Yes,16.085632,2038
16,2037,No,3,8,No,Yes,26.697041,0
23,2034,No,2,10,No,Yes,31.997015,0
6,2037,No,6,9,Yes,Yes,22.979425,0
23,2039,No,2,12,No,Yes,17.823189,0
31,2034,No,3,10,Yes,Yes,21.338434,2038
1,2039,Yes,6,11,Yes,Yes,15.27396,2034
23,2033,No,2,9,No,No,22.140757,0
30,2040,No,6,8,No,Yes,28.229483,0
25,2036,No,5,10,Yes,Yes,25.46035,0
2,2038,Yes,6,8,Yes,Yes,20.760426,2034
17,2037,No,6,9,Yes,Yes,20.119989,0
22,2040,No,5,9,No,No,37.585106,0
23,2035,No,2,7,Yes,Yes,36.007339,0
18,2034,No,5,10,No,No,29.229321,0
24,2032,No,5,10,No,Yes,26.759211,0
8,2033,No,4,8,No,Yes,33.017681,0
40,2034,No,4,10,Yes,Yes,20.191669,2036
40,2036,Yes,4,7,No,Yes,27.512253,2036
12,2033,No,5,9,No,Yes,17.496328,0
23,2036,No,2,9,Yes,No,22.698162,0
7,2035,No,5,8,Yes,Yes,32.391865,0
36,2034,No,3,11,No,Yes,26.000471,2036
3,2037,Yes,5,9,No,Yes,24.82156,2034
6,2036,No,6,12,No,Yes,23.448515,0
18,2032,No,5,9,Yes,No,33.731491,0
30,2034,No,6,9,Yes,Yes,29.593525,0
28,2039,No,3,9,Yes,Yes,21.2383,0
2,2040,Yes,6,10,Yes,Yes,29.325113,2034
11,2036,No,7,11,Yes,Yes,23.145611,0
9,2033,No,3,9,Yes,Yes,23.551226,0
40,2033,No,4,8,Yes,Yes,27.250938,2036
8,2036,No,4,10,Yes,No,23.231712,0
36,2038,Yes,3,9,Yes,Yes,26.363945,2036
21,2036,No,4,7,No,No,28.366755,0
12,2035,No,5,9,Yes,No,28.626139,0
21,2038,No,4,11,Yes,No,32.543343,0
18,2037,No,5,9,Yes,No,28.862076,0
28,2036,No,3,9,Yes,Yes,22.796402,0
35,2039,Yes,3,10,No,No,30.428108,2038
29,2035,No,3,10,No,No,19.072989,0
23,2038,No,2,13,No,Yes,25.560854,0
1,2037,Yes,6,10,Yes,No,23.739363,2034
28,2034,No,3,10,Yes,Yes,17.236086,0
17,2037,No,6,11,No,Yes,28.6206,0
9,2039,No,3,9,No,Yes,32.559429,0
40,2034,No,4,9,Yes,No,19.550703,2036
5,2034,No,4,18,No,Yes,25.591017,0
24,2035,No,5,9,Yes,No,19.512472,0
16,2038,No,3,19,Yes,No,29.886869,0
34,2035,No,3,9,Yes,No,23.134108,2038
36,2037,Yes,3,14,Yes,Yes,24.545759,2036
22,2036,No,5,12,Yes,Yes,23.691788,0
25,2032,No,5,11,Yes,No,28.822651,0
4,2037,No,5,9,Yes,Yes,29.44099,0
5,2032,No,4,9,Yes,Yes,28.359978,0
22,2036,No,5,9,Yes,No,31.38825,0
25,2032,No,5,13,No,Yes,25.879007,0
11,2036,No,7,11,No,Yes,25.359406,0
21,2036,No,4,10,No,Yes,25.88036,0
7,2040,No,5,8,Yes,Yes,31.429008,0
17,2038,No,6,18,Yes,No,25.97245,0
11,2032,No,7,11,Yes,Yes,19.365416,0
1,2033,No,6,9,Yes,Yes,24.216938,2034
23,2036,No,2,9,Yes,No,27.095766,0
36,2034,No,3,8,Yes,Yes,27.567827,2036
1,2033,No,6,17,Yes,Yes,25.990486,2034
12,2037,No,5,18,No,No,18.663246,0
15,2033,No,5,11,No,Yes,29.373161,0
39,2034,No,6,9,No,Yes,25.694317,2036
20,2038,No,4,8,Yes,No,30.242371,0
6,2040,No,6,9,Yes,No,24.164118,0
22,2039,No,5,8,No,Yes,31.427025,0
16,2039,No,3,10,Yes,Yes,26.006918,0
24,2039,No,5,7,Yes,Yes,28.302702,0
3,2036,Yes,5,9,Yes,Yes,20.953514,2034
37,2035,No,6,9,No,Yes,24.754051,2036
7,2033,No,5,9,No,Yes,32.860981,0
32,2037,No,3,8,Yes,Yes,16.330814,2038
21,2032,No,4,9,Yes,Yes,30.18055,0
19,2039,No,5,11,No,No,27.872646,0
24,2038,No,5,10,Yes,Yes,19.488588,0
13,2036,No,3,7,Yes,Yes,28.442432,0
36,2033,No,3,11,Yes,Yes,23.588013,2036
39,2040,Yes,6,11,No,Yes,28.004358,2036
4,2035,No,5,13,Yes,Yes,29.472084,0
10,2032,No,6,15,No,Yes,21.946768,0
14,2038,No,5,10,Yes,Yes,21.521318,0
37,2035,No,6,7,Yes,Yes,34.463581,2036
17,2034,No,6,9,No,No,25.868341,0
3,2036,Yes,5,8,No,Yes,15.47658,2034
31,2038,Yes,3,8,Yes,No,19.047714,2038
1,2032,No,6,8,Yes,Yes,25.978598,2034
5,2036,No,4,9,Yes,No,29.382061,0
8,2037,No,4,11,Yes,Yes,26.221939,0
14,2034,No,5,9,No,No,28.746431,0
4,2034,No,5,8,Yes,No,25.967825,0
4,2036,No,5,9,No,Yes,14.965689,0
18,2035,No,5,9,No,Yes,22.905519,0
4,2033,No,5,9,Yes,Yes,19.823109,0
1,2033,No,6,8,Yes,Yes,26.925587,2034
13,2032,No,3,12,Yes,No,30.481762,0
29,2034,No,3,9,No,No,30.114761,0
36,2039,Yes,3,7,Yes,Yes,24.808361,2036
37,2038,Yes,6,10,No,Yes,23.685247,2036
5,2033,No,4,9,No,Yes,20.354176,0
31,2034,No,3,9,No,Yes,24.573332,2038
17,2037,No,6,12,Yes,No,29.912081,0
20,2038,No,4,11,No,Yes,33.715904,0
27,2032,No,6,9,No,No,31.482613,0
35,2038,Yes,3,8,No,Yes,17.622828,2038
28,2032,No,3,9,No,Yes,24.848419,0
29,2040,No,3,9,No,Yes,25.523224,0
18,2037,No,5,8,Yes,Yes,27.344963,0
23,2038,No,2,16,No,No,28.843227,0
14,2037,No,5,10,Yes,Yes,27.396986,0
39,2037,Yes,6,9,No,No,30.143114,2036
24,2038,No,5,9,No,No,26.525946,0
2,2033,No,6,13,No,Yes,21.198402,2034
29,2038,No,3,13,No,No,30.722483,0
8,2039,No,4,9,No,Yes,15.719014,0
8,2039,No,4,9,Yes,Yes,31.385729,0
34,2036,No,3,11,Yes,Yes,32.628807,2038
38,2036,Yes,7,11,No,Yes,17.235392,2036
23,2040,No,2,8,No,Yes,16.085844,0
16,2037,No,3,12,No,Yes,16.324934,0
11,2038,No,7,9,Yes,No,20.822624,0
38,2036,Yes,7,13,Yes,Yes,27.225248,2036
8,2037,No,4,9,No,Yes,22.041483,0
32,2040,Yes,3,9,Yes,No,26.763542,2038
24,2037,No,5,19,No,Yes,20.942673,0
40,2035,No,4,9,Yes,No,23.303446,2036
36,2038,Yes,3,10,No,Yes,23.695608,2036
15,2039,No,5,9,Yes,Yes,24.640728,0
26,2034,No,4,9,Yes,Yes,31.458729,0
5,2040,No,4,9,Yes,No,28.404451,0
40,2033,No,4,9,Yes,No,20.06456,2036
33,2036,No,3,9,Yes,Yes,25.027578,2038
20,2036,No,4,9,No,No,25.997547,0
10,2036,No,6,14,Yes,Yes,32.7733,0
33,2040,Yes,3,11,No,No,30.625257,2038
15,2039,No,5,9,Yes,Yes,19.521933,0
27,2040,No,6,8,Yes,Yes,22.868399,0
12,2033,No,5,9,Yes,Yes,23.48885,0
4,2037,No,5,9,Yes,Yes,30.465237,0
11,2035,No,7,10,Yes,Yes,35.314602,0
20,2039,No,4,8,Yes,Yes,31.227791,0
23,2039,No,2,10,Yes,Yes,26.717318,0
1,2036,Yes,6,9,No,Yes,19.192842,2034
1,2039,Yes,6,8,No,Yes,29.773027,2034
14,2034,No,5,9,Yes,Yes,18.709278,0
33,2035,No,3,9,Yes,Yes,30.915916,2038
19,2039,No,5,9,Yes,No,26.744785,0
5,2032,No,4,11,No,No,31.4935,0
24,2038,No,5,9,No,Yes,29.58231,0
40,2033,No,4,8,Yes,No,30.449535,2036
11,2039,No,7,9,Yes,No,26.593658,0
6,2040,No,6,0,Yes,No,25.609064,0
9,2035,No,3,11,No,Yes,25.771755,0
13,2034,No,3,15,Yes,Yes,21.803692,0
11,2034,No,7,17,Yes,Yes,34.078094,0
3,2036,Yes,5,19,No,Yes,27.977657,2034
28,2040,No,3,10,Yes,No,21.506813,0
21,2036,No,4,8,No,No,20.534939,0
3,2032,No,5,17,Yes,Yes,24.093243,2034
9,2034,No,3,11,No,Yes,24.029856,0
29,2033,No,3,11,Yes,Yes,35.493019,0
21,2033,No,4,12,Yes,No,24.319765,0
8,2032,No,4,9,No,Yes,31.302948,0
18,2033,No,5,9,Yes,Yes,22.594316,0
24,2034,No,5,9,No,Yes,25.665665,0
27,2035,No,6,10,Yes,Yes,27.882299,0
2,2039,Yes,6,15,Yes,No,22.227608,2034
23,2036,No,2,18,No,Yes,21.348419,0
23,2037,No,2,12,No,Yes,26.376492,0
7,2040,No,5,9,No,Yes,21.520212,0
13,2040,No,3,11,Yes,Yes,26.49814,0
3,2034,Yes,5,9,No,Yes,23.096695,2034
7,2040,No,5,9,Yes,Yes,24.716288,0
18,2036,No,5,9,No,Yes,32.590107,0
9,2040,No,3,8,Yes,Yes,25.028866,0
26,2035,No,4,14,Yes,Yes,23.277899,0
18,2039,No,5,11,No,No,32.06411,0
19,2040,No,5,11,No,Yes,28.793612,0
20,2039,No,4,18,Yes,No,29.291138,0
32,2033,No,3,17,Yes,No,27.920893,2038
10,2034,No,6,10,No,Yes,21.229748,0
34,2034,No,3,7,Yes,Yes,29.467955,2038
5,2040,No,4,9,Yes,No,35.449268,0
16,2033,No,3,10,Yes,Yes,30.803684,0
29,2034,No,3,9,No,Yes,27.89229,0
36,2038,Yes,3,12,Yes,Yes,29.82428,2036
1,2035,Yes,6,9,No,Yes,20.295582,2034
33,2038,Yes,3,9,Yes,Yes,24.000355,2038
8,2036,No,4,9,No,Yes,26.760269,0
26,2040,No,4,13,No,Yes,20.719278,0
30,2035,No,6,11,No,Yes,26.084255,0
3,2034,Yes,5,9,Yes,Yes,29.561195,2034
34,2040,Yes,3,9,Yes,No,27.294067,2038
20,2036,No,4,11,Yes,No,27.800768,0
36,2035,No,3,12,Yes,Yes,28.534452,2036
23,2039,No,2,9,No,Yes,29.20682,0
1,2033,No,6,9,No,No,32.497318,2034
21,2036,No,4,9,No,Yes,18.232533,0
7,2040,No,5,12,No,No,25.897573,0
31,2032,No,3,10,Yes,Yes,28.718163,2038
10,2035,No,6,8,No,No,30.094385,0
27,2034,No,6,10,No,Yes,29.081053,0
2,2039,Yes,6,9,No,No,28.431807,2034
19,2032,No,5,8,Yes,Yes,23.249537,0
20,2038,No,4,13,Yes,Yes,20.254641,0
13,2037,No,3,7,No,Yes,24.389885,0
25,2038,No,5,9,No,Yes,32.879799,0
22,2034,No,5,10,No,Yes,29.847921,0
30,2034,No,6,8,No,No,31.752625,0
20,2038,No,4,9,No,No,33.137882,0
10,2034,No,6,11,Yes,No,26.572971,0
8,2035,No,4,9,No,No,24.751842,0
13,2039,No,3,7,No,No,33.141491,0
28,2036,No,3,12,Yes,No,32.295898,0
21,2037,No,4,13,Yes,Yes,16.397116,0
12,2034,No,5,13,Yes,No,26.000162,0
3,2040,Yes,5,9,Yes,Yes,26.173216,2034
15,2033,No,5,11,Yes,No,28.592575,0
21,2033,No,4,8,No,No,31.516447,0
11,2033,No,7,16,No,Yes,25.903231,0
15,2039,No,5,9,No,Yes,32.962883,0
39,2034,No,6,10,Yes,Yes,17.167255,2036
2,2040,Yes,6,9,No,No,34.784645,2034
10,2036,No,6,7,Yes,Yes,27.321932,0
5,2040,No,4,12,No,No,24.166346,0
27,2032,No,6,10,No,Yes,33.226578,0
5,2034,No,4,10,No,No,27.208118,0
5,2037,No,4,9,Yes,Yes,19.641609,0
31,2037,No,3,9,No,Yes,30.10906,2038
14,2035,No,5,9,No,Yes,30.111969,0
27,2037,No,6,8,Yes,No,27.552242,0
18,2033,No,5,15,Yes,No,35.610394,0
6,2036,No,6,13,No,No,21.678202,0
37,2040,Yes,6,11,Yes,No,26.356985,2036
7,2037,No,5,9,No,No,23.017303,0
10,2036,No,6,10,Yes,Yes,31.612612,0
13,2040,No,3,10,Yes,Yes,28.080946,0
36,2037,Yes,3,9,No,No,27.573479,2036
25,2033,No,5,9,Yes,No,35.155651,0
29,2035,No,3,9,No,Yes,30.910276,0
16,2038,No,3,9,Yes,Yes,27.516899,0
40,2037,Yes,4,11,Yes,Yes,28.915579,2036
38,2039,Yes,7,11,No,No,25.674482,2036
31,2038,Yes,3,0,Yes,Yes,17.245636,2038
25,2033,No,5,9,No,Yes,24.167446,0
26,2034,No,4,11,No,Yes,30.840797,0
25,2037,No,5,9,Yes,Yes,26.219776,0
27,2036,No,6,18,Yes,No,24.645199,0
21,2034,No,4,9,No,Yes,16.704788,0
39,2040,Yes,6,11,No,Yes,32.43248,2036
11,2040,No,7,9,Yes,No,22.658224,0
22,2035,No,5,14,Yes,Yes,24.377911,0
38,2037,Yes,7,10,No,No,22.172009,2036
23,2035,No,2,19,Yes,Yes,17.53816,0
27,2039,No,6,13,No,No,32.838608,0
31,2034,No,3,9,No,No,21.683571,2038
11,2035,No,7,10,Yes,No,19.740187,0
7,2033,No,5,9,Yes,No,27.03043,0
1,2036,Yes,6,11,No,Yes,16.410862,2034
20,2040,No,4,13,No,Yes,24.075071,0
31,2033,No,3,13,No,No,18.603609,2038
40,2040,Yes,4,7,No,Yes,18.004667,2036
30,2034,No,6,7,Yes,Yes,19.289782,0
37,2037,Yes,6,9,No,Yes,21.179382,2036
40,2037,Yes,4,10,No,No,23.915915,2036
35,2037,No,3,9,No,Yes,28.443851,2038
7,2032,No,5,9,Yes,Yes,20.216507,0
24,2036,No,5,10,Yes,No,23.107487,0
25,2039,No,5,11,Yes,Yes,33.413445,0
6,2034,No,6,9,No,Yes,17.013323,0
38,2032,No,7,9,No,Yes,29.397387,2036
35,2036,No,3,9,No,No,30.351828,2038
7,2034,No,5,9,No,Yes,17.921062,0
14,2034,No,5,9,No,No,25.787796,0
36,2039,Yes,3,8,No,No,33.238064,2036
22,2038,No,5,17,No,Yes,20.719173,0
26,2040,No,4,9,No,Yes,23.329081,0
1,2037,Yes,6,12,No,Yes,33.67799,2034
22,2036,No,5,9,Yes,Yes,34.370121,0
31,2038,Yes,3,14,No,Yes,19.552164,2038
39,2035,No,6,9,No,Yes,22.857399,2036
37,2034,No,6,8,No,No,24.59466,2036
1,2040,Yes,6,10,Yes,No,35.946095,2034
9,2035,No,3,9,Yes,No,21.724487,0
31,2032,No,3,8,Yes,No,24.313726,2038
8,2040,No,4,9,No,Yes,24.914774,0
21,2040,No,4,9,No,Yes,19.221889,0
13,2039,No,3,11,Yes,Yes,21.986454,0
35,2034,No,3,11,No,No,24.191338,2038
22,2038,No,5,11,Yes,No,30.133978,0
25,2036,No,5,8,Yes,Yes,14.7669,0
6,2039,No,6,19,Yes,Yes,18.993652,0
26,2036,No,4,9,Yes,Yes,28.878057,0
31,2033,No,3,8,Yes,Yes,26.300415,2038
33,2037,No,3,9,No,Yes,20.522844,2038
37,2037,Yes,6,12,No,No,24.643305,2036
37,2037,Yes,6,15,Yes,Yes,16.0874,2036
29,2036,No,3,7,No,Yes,19.613354,0
11,2038,No,7,18,No,No,25.136553,0
9,2036,No,3,9,No,Yes,22.927036,0
17,2034,No,6,10,Yes,No,31.110113,0
31,2035,No,3,9,Yes,Yes,30.554438,2038
35,2040,Yes,3,13,No,Yes,28.900291,2038
20,2038,No,4,12,Yes,Yes,29.743446,0
23,2036,No,2,9,Yes,No,34.027237,0
4,2036,No,5,7,No,Yes,33.142193,0
36,2038,Yes,3,9,Yes,No,19.447357,2036
2,2033,No,6,9,No,No,30.058073,2034
14,2039,No,5,10,Yes,No,18.10334,0
38,2039,Yes,7,10,Yes,Yes,21.12578,2036
20,2037,No,4,8,Yes,No,33.612064,0
32,2036,No,3,10,No,Yes,27.504009,2038
25,2039,No,5,7,No,Yes,30.720797,0
30,2038,No,6,0,Yes,Yes,17.585842,0
12,2033,No,5,11,No,Yes,23.462448,0
38,2037,Yes,7,8,Yes,Yes,20.789726,2036
27,2039,No,6,9,Yes,Yes,26.842691,0
10,2037,No,6,9,No,Yes,19.054928,0
13,2034,No,3,10,No,No,26.777735,0
24,2034,No,5,9,No,Yes,18.048548,0
2,2033,No,6,9,Yes,Yes,24.840412,2034
7,2040,No,5,9,No,Yes,14.201148,0
17,2039,No,6,8,Yes,Yes,26.842762,0
12,2032,No,5,9,No,Yes,23.411161,0
13,2036,No,3,12,Yes,No,21.434578,0
27,2038,No,6,7,No,Yes,24.644686,0
5,2032,No,4,7,Yes,Yes,23.399147,0
11,2036,No,7,9,No,No,23.931072,0
12,2034,No,5,15,Yes,No,31.439568,0
38,2033,No,7,9,No,Yes,20.485847,2036
25,2039,No,5,9,Yes,Yes,22.546232,0
1,2035,Yes,6,9,No,Yes,20.22891,2034
12,2037,No,5,9,No,No,20.397089,0
38,2033,No,7,8,Yes,Yes,23.263178,2036
13,2038,No,3,7,Yes,No,29.522024,0
37,2037,Yes,6,9,Yes,Yes,26.395409,2036
21,2032,No,4,10,Yes,Yes,21.94367,0
20,2037,No,4,10,Yes,Yes,28.158291,0
5,2037,No,4,8,No,No,24.009411,0
37,2035,No,6,9,No,Yes,32.328228,2036
21,2034,No,4,9,No,No,30.506067,0
25,2032,No,5,12,No,Yes,26.877167,0
10,2038,No,6,8,No,Yes,25.250319,0
18,2033,No,5,9,No,Yes,24.769884,0
12,2038,No,5,9,Yes,Yes,26.019941,0
32,2037,No,3,13,No,Yes,18.616766,2038
7,2040,No,5,11,Yes,Yes,17.442726,0
29,2039,No,3,9,No,Yes,27.771223,0
16,2040,No,3,9,Yes,Yes,25.501255,0
19,2034,No,5,12,No,Yes,29.597383,0
2,2036,Yes,6,12,No,No,26.818724,2034
33,2037,No,3,14,No,Yes,27.577145,2038
14,2039,No,5,13,Yes,Yes,17.853777,0
23,2034,No,2,10,No,Yes,20.498255,0
1,2039,Yes,6,13,Yes,Yes,24.486738,2034
5,2035,No,4,9,Yes,Yes,28.064539,0
17,2037,No,6,8,Yes,No,29.341772,0
2,2038,Yes,6,10,Yes,Yes,23.080116,2034
2,2032,No,6,7,No,Yes,19.572548,2034
26,2036,No,4,10,No,No,31.515005,0
10,2040,No,6,10,No,No,24.50205,0
35,2035,No,3,18,Yes,No,26.053688,2038
7,2032,No,5,9,No,Yes,23.338537,0
29,2033,No,3,15,Yes,Yes,26.266867,0
25,2033,No,5,9,No,No,22.659554,0
3,2038,Yes,5,9,No,No,28.937935,2034
32,2034,No,3,9,Yes,Yes,26.803665,2038
20,2033,No,4,9,No,Yes,19.952806,0
22,2040,No,5,7,No,Yes,22.575815,0
33,2040,Yes,3,8,Yes,Yes,18.879532,2038
28,2038,No,3,9,No,No,24.903084,0
5,2040,No,4,9,No,No,24.509855,0
26,2033,No,4,11,No,No,19.022484,0
26,2035,No,4,10,No,Yes,29.400915,0
8,2037,No,4,9,No,Yes,27.15764,0
3,2039,Yes,5,10,No,Yes,28.561014,2034
40,2036,Yes,4,9,Yes,Yes,29.351292,2036
37,2037,Yes,6,17,No,No,26.354893,2036
17,2036,No,6,9,Yes,Yes,31.241095,0
37,2037,Yes,6,10,No,No,16.504522,2036
19,2032,No,5,15,No,Yes,15.599961,0
33,2035,No,3,0,No,No,20.667116,2038
16,2034,No,3,10,No,Yes,25.064516,0
17,2032,No,6,8,No,Yes,23.994379,0
29,2033,No,3,9,Yes,No,28.454269,0
13,2032,No,3,9,No,Yes,30.60783,0
26,2034,No,4,9,Yes,No,31.469799,0
38,2040,Yes,7,12,No,No,25.80855,2036
17,2037,No,6,9,No,No,27.357853,0
25,2032,No,5,9,Yes,No,34.500164,0
23,2034,No,2,9,No,Yes,14.917994,0
12,2032,No,5,10,Yes,No,20.970007,0
25,2036,No,5,8,No,Yes,19.072304,0
29,2033,No,3,11,Yes,No,36.198956,0
29,2033,No,3,8,No,Yes,23.334528,0
6,2039,No,6,11,Yes,No,34.378895,0
16,2036,No,3,9,Yes,Yes,29.469196,0
27,2035,No,6,10,No,Yes,22.947704,0
3,2034,Yes,5,9,Yes,Yes,27.277679,2034
40,2037,Yes,4,10,Yes,Yes,18.651617,2036
15,2033,No,5,10,Yes,Yes,29.572922,0
17,2035,No,6,19,No,Yes,30.912703,0
32,2038,Yes,3,11,No,No,17.342016,2038
33,2034,No,3,9,Yes,No,30.957773,2038
24,2039,No,5,7,No,No,26.67063,0
20,2039,No,4,9,No,Yes,29.856989,0
35,2040,Yes,3,7,No,Yes,29.396885,2038
32,2039,Yes,3,8,Yes,Yes,29.949757,2038
36,2037,Yes,3,10,No,Yes,13.209242,2036
9,2037,No,3,10,Yes,No,22.68618,0
6,2036,No,6,18,Yes,Yes,21.670242,0
28,2038,No,3,9,Yes,Yes,29.362505,0
33,2040,Yes,3,14,No,No,18.086657,2038
27,2035,No,6,7,No,Yes,26.423231,0
19,2032,No,5,9,Yes,No,17.780779,0
40,2034,No,4,9,Yes,No,19.865398,2036
6,2038,No,6,9,Yes,No,24.533573,0
23,2035,No,2,11,Yes,No,34.078079,0
26,2035,No,4,10,Yes,No,27.35033,0
16,2040,No,3,11,Yes,No,23.932829,0
37,2036,Yes,6,9,No,No,24.46104,2036
19,2033,No,5,11,No,Yes,29.81118,0
10,2038,No,6,11,No,Yes,23.279175,0
39,2037,Yes,6,9,Yes,Yes,23.838917,2036
32,2036,No,3,9,Yes,Yes,23.203144,2038
21,2040,No,4,8,No,No,19.254032,0
2,2036,Yes,6,10,Yes,No,32.965069,2034
15,2040,No,5,7,No,No,22.03574,0
9,2032,No,3,16,No,No,27.753216,0
12,2032,No,5,9,Yes,Yes,21.044041,0
2,2038,Yes,6,10,Yes,No,23.184282,2034
22,2039,No,5,9,Yes,Yes,35.826374,0
40,2034,No,4,10,Yes,Yes,25.777672,2036
14,2033,No,5,8,Yes,No,20.70393,0
4,2036,No,5,9,No,No,24.054544,0
40,2036,Yes,4,9,No,Yes,11.710267,2036
18,2033,No,5,9,Yes,Yes,24.842411,0
33,2037,No,3,12,Yes,No,22.305372,2038
14,2033,No,5,10,Yes,No,27.70315,0
18,2037,No,5,9,No,Yes,32.074581,0
21,2032,No,4,13,No,Yes,23.516588,0
16,2039,No,3,12,No,Yes,27.950674,0
11,2040,No,7,8,No,Yes,29.740332,0
23,2034,No,2,12,Yes,Yes,18.570066,0
27,2038,No,6,12,No,Yes,19.677109,0
23,2036,No,2,9,Yes,No,21.468033,0
37,2032,No,6,7,Yes,Yes,24.898506,2036
23,2034,No,2,9,No,Yes,23.21981,0
17,2035,No,6,10,No,No,23.31146,0
12,2038,No,5,11,No,Yes,17.314781,0
32,2039,Yes,3,14,No,Yes,29.472227,2038
24,2037,No,5,15,Yes,No,30.10013,0
27,2034,No,6,8,Yes,Yes,31.079388,0
19,2036,No,5,8,No,Yes,22.859562,0
38,2037,Yes,7,13,Yes,Yes,22.173647,2036
27,2033,No,6,9,Yes,Yes,29.853088,0
1,2035,Yes,6,9,Yes,Yes,24.629414,2034
30,2038,No,6,13,No,Yes,18.696115,0
9,2032,No,3,8,Yes,Yes,21.031376,0
37,2037,Yes,6,15,Yes,No,29.69442,2036
20,2039,No,4,7,Yes,Yes,33.56987,0
30,2035,No,6,9,No,Yes,31.115108,0
38,2032,No,7,9,No,Yes,24.540215,2036
30,2034,No,6,9,Yes,Yes,29.70639,0
39,2033,No,6,7,Yes,Yes,29.977345,2036
40,2032,No,4,10,No,Yes,30.257137,2036
34,2037,No,3,8,No,Yes,18.158558,2038
14,2033,No,5,7,No,No,18.151072,0
34,2040,Yes,3,8,No,Yes,21.484407,2038
23,2034,No,2,15,No,Yes,22.30254,0
37,2033,No,6,12,Yes,Yes,24.306047,2036
37,2038,Yes,6,7,No,No,29.425673,2036
8,2034,No,4,12,No,Yes,23.860899,0
21,2036,No,4,9,Yes,No,26.239435,0
20,2038,No,4,18,No,No,27.853376,0
32,2040,Yes,3,8,Yes,Yes,25.824787,2038
9,2038,No,3,9,Yes,Yes,19.817717,0
8,2035,No,4,9,Yes,No,29.816931,0
9,2040,No,3,9,Yes,Yes,33.793068,0
28,2035,No,3,13,Yes,No,36.076481,0
12,2033,No,5,9,No,No,20.121704,0
27,2032,No,6,9,No,Yes,22.018488,0
36,2032,No,3,9,No,Yes,16.587835,2036
7,2035,No,5,10,No,Yes,19.67173,0
4,2034,No,5,14,Yes,Yes,23.056076,0
37,2040,Yes,6,10,No,No,27.692186,2036
18,2037,No,5,9,No,Yes,23.800056,0
16,2035,No,3,9,No,Yes,36.522968,0
37,2036,Yes,6,17,Yes,No,32.831829,2036
16,2040,No,3,9,No,Yes,27.09808,0
22,2034,No,5,19,No,Yes,30.482262,0
7,2040,No,5,7,Yes,Yes,32.206627,0
24,2036,No,5,9,Yes,Yes,20.708628,0
37,2032,No,6,13,Yes,Yes,22.456533,2036
2,2037,Yes,6,10,Yes,Yes,18.760555,2034
30,2038,No,6,8,Yes,Yes,31.620979,0
9,2036,No,3,9,No,Yes,20.476089,0
11,2032,No,7,9,Yes,No,26.167387,0
22,2038,No,5,9,Yes,Yes,21.430794,0
14,2033,No,5,11,Yes,Yes,22.772179,0
20,2034,No,4,8,Yes,Yes,22.804028,0
30,2040,No,6,17,Yes,No,26.330538,0
15,2037,No,5,11,No,No,27.528082,0
24,2038,No,5,9,Yes,Yes,32.124748,0
18,2032,No,5,10,No,No,22.332605,0
20,2032,No,4,9,Yes,Yes,28.134554,0
1,2033,No,6,9,Yes,Yes,19.077543,2034
20,2035,No,4,10,No,Yes,24.996792,0
36,2033,No,3,11,No,Yes,19.801117,2036
11,2033,No,7,9,Yes,Yes,23.471865,0
9,2035,No,3,9,No,Yes,22.362556,0
1,2038,Yes,6,9,No,Yes,20.473436,2034
29,2035,No,3,13,Yes,Yes,32.697529,0
27,2035,No,6,10,No,No,17.308336,0
7,2035,No,5,10,Yes,Yes,33.575371,0
25,2036,No,5,9,No,Yes,20.705873,0
38,2036,Yes,7,11,No,Yes,19.394924,2036
11,2033,No,7,9,Yes,No,28.507627,0
30,2040,No,6,9,No,Yes,34.379707,0
29,2037,No,3,8,No,No,22.385042,0
5,2040,No,4,9,No,No,26.260563,0
40,2035,No,4,9,Yes,Yes,18.250168,2036
1,2035,Yes,6,19,No,Yes,21.109177,2034
18,2032,No,5,9,No,Yes,28.804934,0
20,2039,No,4,13,No,No,30.425217,0
26,2033,No,4,9,No,No,19.426901,0
3,2033,No,5,9,No,No,31.838856,2034
3,2034,Yes,5,9,Yes,Yes,22.748083,2034
30,2033,No,6,9,No,Yes,18.77141,0
27,2037,No,6,9,No,Yes,15.009427,0
16,2035,No,3,9,No,No,30.605633,0
21,2038,No,4,10,No,Yes,30.136143,0
17,2037,No,6,9,No,Yes,21.450319,0
19,2032,No,5,9,Yes,No,31.93964,0
15,2037,No,5,13,Yes,Yes,26.472027,0
37,2034,No,6,11,Yes,Yes,23.227392,2036
25,2035,No,5,14,No,Yes,20.952627,0
19,2033,No,5,9,Yes,No,31.175968,0
12,2039,No,5,12,Yes,Yes,31.127333,0
6,2032,No,6,9,No,Yes,21.993294,0
38,2036,Yes,7,13,Yes,No,25.755379,2036
23,2036,No,2,9,Yes,Yes,19.261162,0
1,2032,No,6,11,No,Yes,25.875004,2034
3,2040,Yes,5,15,No,No,20.327581,2034
35,2037,No,3,13,No,Yes,31.977011,2038
11,2032,No,7,9,No,Yes,23.49189,0
18,2039,No,5,13,Yes,No,17.849714,0
28,2038,No,3,9,No,Yes,28.744349,0
1,2034,Yes,6,10,No,Yes,23.643393,2034
37,2039,Yes,6,9,Yes,Yes,26.137033,2036
25,2037,No,5,9,No,Yes,20.893869,0
19,2038,No,5,9,Yes,Yes,28.731438,0
7,2037,No,5,12,No,No,25.668985,0
19,2038,No,5,9,Yes,Yes,28.232344,0
35,2032,No,3,12,Yes,Yes,34.425827,2038
16,2034,No,3,9,No,Yes,30.527044,0
24,2037,No,5,10,Yes,No,22.631983,0
35,2037,No,3,9,Yes,No,26.786171,2038
31,2037,No,3,10,Yes,Yes,29.38176,2038
5,2035,No,4,9,No,No,32.376278,0
5,2038,No,4,9,Yes,Yes,21.059925,0
2,2037,Yes,6,9,Yes,Yes,25.249876,2034
34,2036,No,3,9,Yes,No,25.451029,2038
39,2035,No,6,19,No,Yes,18.136797,2036
23,2035,No,2,13,Yes,Yes,27.469633,0
28,2039,No,3,10,Yes,Yes,23.345617,0
7,2036,No,5,9,No,Yes,28.052799,0
31,2035,No,3,11,Yes,No,30.051109,2038
26,2038,No,4,13,Yes,Yes,30.733528,0
4,2037,No,5,11,Yes,Yes,36.025352,0
3,2036,Yes,5,9,Yes,Yes,24.013596,2034
20,2036,No,4,9,Yes,Yes,25.852098,0
40,2037,Yes,4,11,No,Yes,23.341448,2036
10,2040,No,6,19,No,Yes,25.595911,0
23,2032,No,2,9,Yes,Yes,25.246527,0
6,2040,No,6,9,Yes,Yes,27.219379,0
1,2040,Yes,6,12,Yes,Yes,25.974766,2034
15,2037,No,5,10,No,Yes,19.863867,0
10,2040,No,6,12,Yes,Yes,32.303379,0
9,2032,No,3,11,Yes,Yes,24.482124,0
36,2037,Yes,3,12,No,No,24.213684,2036
8,2035,No,4,10,Yes,No,21.738394,0
17,2039,No,6,7,No,No,17.63505,0
1,2036,Yes,6,9,Yes,No,23.419014,2034
4,2038,No,5,9,Yes,Yes,19.584291,0
29,2034,No,3,12,No,Yes,22.709713,0
3,2032,No,5,12,No,Yes,28.915815,2034
8,2040,No,4,10,Yes,Yes,31.665855,0
28,2034,No,3,8,No,No,26.394398,0
23,2040,No,2,7,Yes,Yes,31.889076,0
20,2037,No,4,11,Yes,No,21.003185,0
38,2032,No,7,9,No,No,26.075174,2036
13,2038,No,3,9,Yes,Yes,22.694027,0
17,2040,No,6,9,Yes,Yes,22.866901,0
2,2032,No,6,9,Yes,Yes,26.430628,2034
35,2033,No,3,9,Yes,No,22.375137,2038
4,2040,No,5,15,Yes,Yes,22.96883,0
27,2037,No,6,13,No,No,25.485493,0
29,2032,No,3,10,Yes,Yes,30.27804,0
7,2037,No,5,9,No,No,30.060162,0
19,2039,No,5,7,No,Yes,22.263044,0
25,2033,No,5,12,No,No,29.409039,0
31,2036,No,3,12,Yes,Yes,27.383835,2038
34,2038,Yes,3,10,Yes,No,22.322233,2038
25,2037,No,5,9,No,Yes,18.059505,0
7,2035,No,5,8,Yes,Yes,31.629616,0
17,2035,No,6,9,Yes,No,30.552473,0
31,2039,Yes,3,12,Yes,No,33.096329,2038
29,2037,No,3,10,No,Yes,17.548248,0
40,2033,No,4,9,No,Yes,28.457188,2036
4,2034,No,5,8,No,Yes,32.30492,0
3,2039,Yes,5,8,No,Yes,16.356144,2034
22,2036,No,5,8,No,Yes,22.623539,0
18,2036,No,5,0,Yes,Yes,32.598,0
15,2034,No,5,10,Yes,Yes,35.271767,0
37,2033,No,6,8,Yes,Yes,32.478001,2036
37,2036,Yes,6,11,No,No,27.826454,2036
13,2040,No,3,8,No,No,26.881756,0
13,2036,No,3,14,No,Yes,22.095821,0
11,2034,No,7,9,Yes,Yes,33.417507,0
7,2035,No,5,9,No,Yes,23.602333,0
13,2038,No,3,11,Yes,Yes,19.404411,0
31,2035,No,3,9,Yes,Yes,29.445755,2038
2,2036,Yes,6,12,Yes,Yes,21.351074,2034
15,2035,No,5,9,Yes,No,28.427929,0
4,2036,No,5,9,No,Yes,24.259878,0
23,2040,No,2,10,No,No,31.390741,0
16,2036,No,3,9,Yes,No,37.435314,0
15,2039,No,5,7,Yes,Yes,19.330921,0
37,2037,Yes,6,14,Yes,Yes,30.359074,2036
13,2036,No,3,11,No,No,26.200815,0
27,2032,No,6,10,No,Yes,21.54549,0
17,2035,No,6,19,Yes,Yes,19.791428,0
29,2038,No,3,7,Yes,Yes,20.853539,0
40,2039,Yes,4,11,No,No,28.812567,2036
40,2033,No,4,9,No,Yes,17.204809,2036
16,2032,No,3,9,No,No,32.493496,0
21,2036,No,4,9,No,Yes,26.338182,0
20,2038,No,4,9,Yes,Yes,32.738483,0
40,2040,Yes,4,9,Yes,Yes,23.946623,2036
36,2037,Yes,3,9,No,Yes,30.478514,2036
26,2040,No,4,11,No,Yes,31.632669,0
31,2037,No,3,8,No,Yes,29.940825,2038
10,2036,No,6,11,No,Yes,26.212423,0
13,2034,No,3,12,No,Yes,30.211983,0
38,2038,Yes,7,10,Yes,Yes,27.893641,2036
3,2036,Yes,5,19,No,No,23.078058,2034
3,2040,Yes,5,9,No,Yes,35.671543,2034
7,2035,No,5,12,Yes,Yes,30.027958,0
25,2036,No,5,11,No,Yes,20.160959,0
31,2032,No,3,9,No,Yes,20.434288,2038
2,2032,No,6,10,Yes,Yes,29.04941,2034
17,2032,No,6,9,Yes,Yes,27.877897,0
38,2034,No,7,18,No,No,28.587624,2036
36,2037,Yes,3,11,No,Yes,24.652918,2036
12,2037,No,5,13,No,Yes,24.396461,0
17,2040,No,6,11,Yes,Yes,30.468899,0
7,2040,No,5,9,Yes,No,20.140068,0
36,2040,Yes,3,11,Yes,No,24.98543,2036
15,2033,No,5,8,No,No,18.7827,0
2,2033,No,6,9,No,Yes,17.730436,2034
10,2033,No,6,10,Yes,Yes,33.49596,0
1,2033,No,6,9,No,Yes,19.293024,2034
9,2032,No,3,12,No,No,28.063599,0
2,2038,Yes,6,9,Yes,No,21.732502,2034
10,2040,No,6,9,Yes,No,35.515182,0
22,2034,No,5,3,Yes,Yes,31.520714,0
18,2036,No,5,11,Yes,No,28.45573,0
26,2033,No,4,12,No,Yes,32.198654,0
18,2039,No,5,10,No,Yes,18.574932,0
19,2033,No,5,12,No,Yes,24.782501,0
33,2036,No,3,11,No,Yes,23.732681,2038
7,2040,No,5,8,No,Yes,29.345974,0
26,2033,No,4,9,No,Yes,25.326918,0
3,2036,Yes,5,11,No,Yes,14.231591,2034
3,2033,No,5,0,Yes,Yes,29.881863,2034
22,2033,No,5,16,No,Yes,29.420273,0
12,2033,No,5,12,No,No,26.149256,0
36,2032,No,3,9,No,No,32.122559,2036
40,2036,Yes,4,8,Yes,No,29.187304,2036
24,2038,No,5,10,No,No,23.762842,0
36,2036,Yes,3,9,No,No,28.013277,2036
14,2038,No,5,10,Yes,No,21.782469,0
5,2039,No,4,9,No,Yes,28.939285,0
17,2036,No,6,12,Yes,Yes,21.016464,0
11,2038,No,7,9,No,No,24.746901,0
19,2033,No,5,12,No,Yes,23.335901,0
30,2040,No,6,8,Yes,No,24.696018,0
10,2039,No,6,8,No,Yes,20.703817,0
14,2034,No,5,9,No,Yes,29.62524,0
7,2036,No,5,12,No,No,29.876497,0
31,2040,Yes,3,12,No,Yes,19.075127,2038
15,2035,No,5,11,No,No,19.707005,0
15,2033,No,5,9,No,No,26.702988,0
37,2039,Yes,6,9,Yes,Yes,29.38279,2036
10,2039,No,6,14,No,No,23.192633,0
10,2033,No,6,11,No,No,28.530554,0
35,2038,Yes,3,9,Yes,Yes,17.146843,2038
6,2032,No,6,9,Yes,No,21.922409,0
36,2038,Yes,3,11,No,Yes,17.13098,2036
12,2037,No,5,9,Yes,Yes,19.845943,0
19,2035,No,5,11,Yes,Yes,21.926903,0
6,2035,No,6,13,No,No,28.874363,0
33,2039,Yes,3,9,Yes,Yes,27.205828,2038
12,2033,No,5,9,Yes,Yes,29.8785,0
40,2035,No,4,8,No,No,28.671303,2036
1,2039,Yes,6,11,No,No,19.755779,2034
5,2035,No,4,8,No,No,32.509029,0
25,2034,No,5,14,Yes,Yes,22.297834,0
28,2034,No,3,11,No,No,23.133821,0
25,2034,No,5,9,No,No,30.614973,0
20,2040,No,4,7,Yes,Yes,34.006252,0
5,2036,No,4,9,No,No,20.247702,0
13,2038,No,3,9,Yes,No,26.382193,0
26,2040,No,4,9,No,No,19.669172,0
4,2039,No,5,9,No,No,25.081041,0
28,2033,No,3,13,Yes,Yes,19.742004,0
7,2037,No,5,13,Yes,Yes,25.055849,0
16,2032,No,3,9,No,Yes,17.406702,0
26,2039,No,4,0,No,Yes,25.211309,0
6,2032,No,6,8,No,No,24.052876,0
36,2033,No,3,12,Yes,No,30.45122,2036
5,2038,No,4,9,Yes,Yes,34.583912,0
24,2038,No,5,8,No,Yes,31.896572,0
36,2033,No,3,11,No,Yes,21.745321,2036
30,2034,No,6,9,Yes,Yes,31.501274,0
21,2037,No,4,7,No,Yes,21.67453,0
40,2032,No,4,9,Yes,Yes,22.127785,2036
26,2037,No,4,11,No,No,22.838211,0
29,2035,No,3,9,Yes,Yes,24.727196,0
22,2035,No,5,9,Yes,No,27.118404,0
17,2039,No,6,8,No,No,25.252352,0
31,2032,No,3,9,Yes,Yes,29.663204,2038
31,2035,No,3,9,No,No,27.488274,2038
1,2032,No,6,11,Yes,No,24.780828,2034
2,2032,No,6,9,Yes,Yes,29.170639,2034
7,2038,No,5,7,No,No,23.376221,0
5,2032,No,4,11,Yes,No,32.997299,0
14,2039,No,5,9,Yes,No,23.494194,0
39,2038,Yes,6,11,No,Yes,15.297667,2036
17,2033,No,6,9,Yes,No,28.163717,0
4,2033,No,5,10,Yes,No,25.044973,0
11,2040,No,7,9,No,Yes,20.53381,0
38,2035,No,7,9,Yes,Yes,18.913389,2036
28,2037,No,3,11,Yes,No,27.013538,0
33,2036,No,3,19,Yes,Yes,31.793221,2038
38,2040,Yes,7,9,No,No,18.93,2036
7,2032,No,5,12,No,Yes,28.830845,0
38,2032,No,7,9,Yes,Yes,19.04388,2036
22,2037,No,5,9,No,No,18.367262,0
33,2040,Yes,3,9,No,No,16.30612,2038
1,2034,Yes,6,6,Yes,Yes,26.363525,2034
34,2033,No,3,16,No,Yes,31.849766,2038
36,2038,Yes,3,11,No,No,22.911015,2036
9,2033,No,3,8,No,Yes,25.832405,0
22,2033,No,5,9,Yes,Yes,31.534462,0
2,2036,Yes,6,13,Yes,Yes,20.494732,2034
9,2037,No,3,9,No,Yes,25.234295,0
38,2037,Yes,7,11,Yes,Yes,28.532127,2036
37,2033,No,6,9,No,No,30.99869,2036
13,2035,No,3,17,Yes,No,36.529022,0
14,2036,No,5,9,Yes,Yes,36.479229,0
1,2032,No,6,13,No,No,31.904207,2034
26,2040,No,4,9,No,No,30.980192,0
9,2033,No,3,9,No,Yes,16.635786,0
32,2039,Yes,3,8,No,No,31.481964,2038
20,2036,No,4,7,No,Yes,33.228889,0
23,2037,No,2,11,No,Yes,21.760122,0
39,2035,No,6,9,Yes,Yes,19.753298,2036
25,2035,No,5,9,Yes,Yes,26.608715,0
35,2037,No,3,9,Yes,No,28.761789,2038
23,2038,No,2,9,Yes,No,23.247644,0
32,2034,No,3,9,Yes,Yes,24.91555,2038
3,2033,No,5,9,No,Yes,22.64992,2034
35,2035,No,3,9,Yes,No,21.508368,2038
36,2034,No,3,9,Yes,No,19.61743,2036
10,2040,No,6,11,Yes,Yes,30.041637,0
38,2038,Yes,7,9,No,Yes,18.38763,2036
5,2033,No,4,10,No,Yes,16.688217,0
22,2033,No,5,9,No,No,20.482655,0
2,2032,No,6,9,Yes,Yes,27.222963,2034
4,2038,No,5,9,Yes,Yes,20.67901,0
5,2034,No,4,11,No,No,23.636896,0
35,2039,Yes,3,15,Yes,Yes,17.066904,2038
31,2035,No,3,9,No,Yes,27.134304,2038
8,2037,No,4,8,Yes,Yes,18.033758,0
29,2035,No,3,9,Yes,Yes,21.03038,0
23,2037,No,2,10,Yes,Yes,25.24757,0
19,2037,No,5,13,No,Yes,25.687202,0
30,2038,No,6,9,No,Yes,19.828369,0
21,2036,No,4,3,No,No,23.698858,0
31,2038,Yes,3,11,Yes,Yes,23.023809,2038
15,2034,No,5,10,No,Yes,25.358582,0
5,2040,No,4,13,Yes,No,28.445091,0
3,2032,No,5,11,No,Yes,17.472282,2034
15,2036,No,5,9,No,Yes,20.278147,0
30,2033,No,6,9,No,No,25.528458,0
37,2033,No,6,13,No,Yes,24.102018,2036
22,2037,No,5,12,No,Yes,32.196384,0
7,2038,No,5,8,Yes,Yes,29.056419,0
35,2033,No,3,8,Yes,Yes,24.773746,2038
21,2036,No,4,15,Yes,Yes,24.600355,0
23,2036,No,2,7,Yes,Yes,28.144794,0
28,2039,No,3,10,Yes,Yes,18.630289,0
14,2032,No,5,9,Yes,Yes,22.620794,0
10,2032,No,6,8,Yes,No,21.584105,0
19,2037,No,5,10,No,No,21.750193,0
26,2037,No,4,15,No,Yes,27.797688,0
35,2038,Yes,3,10,Yes,Yes,21.153536,2038
30,2037,No,6,9,No,Yes,29.905554,0
40,2034,No,4,9,Yes,Yes,16.620314,2036
24,2039,No,5,8,No,Yes,24.405436,0
6,2033,No,6,8,Yes,Yes,26.446629,0
30,2035,No,6,12,Yes,Yes,29.169201,0
4,2036,No,5,9,Yes,No,33.36887,0
23,2033,No,2,13,Yes,Yes,24.635454,0
26,2037,No,4,7,No,No,20.894321,0
13,2036,No,3,9,No,No,27.191469,0
40,2037,Yes,4,9,Yes,No,18.487305,2036
22,2038,No,5,9,Yes,Yes,26.403997,0
32,2032,No,3,7,Yes,Yes,30.053656,2038
35,2036,No,3,7,No,Yes,24.622532,2038
19,2032,No,5,12,Yes,Yes,24.064457,0
15,2034,No,5,9,Yes,Yes,25.480183,0
3,2040,Yes,5,9,Yes,No,25.162813,2034
5,2033,No,4,9,Yes,No,28.646008,0
25,2036,No,5,9,Yes,No,32.538685,0
12,2034,No,5,9,Yes,No,31.159571,0
38,2032,No,7,8,Yes,Yes,22.197168,2036
10,2037,No,6,12,Yes,Yes,28.225719,0
4,2036,No,5,9,No,No,26.480581,0
22,2037,No,5,11,No,Yes,22.324997,0
24,2032,No,5,11,Yes,Yes,17.161812,0
19,2034,No,5,8,Yes,Yes,35.617336,0
19,2036,No,5,19,Yes,Yes,16.760521,0
39,2040,Yes,6,8,No,No,22.338644,2036
31,2039,Yes,3,9,Yes,No,16.824419,2038
4,2036,No,5,5,Yes,Yes,26.381973,0
5,2039,No,4,7,No,No,28.258347,0
35,2033,No,3,9,Yes,Yes,34.979275,2038
15,2032,No,5,10,No,Yes,31.372541,0
9,2040,No,3,10,No,Yes,22.38373,0
12,2037,No,5,9,No,No,28.596802,0
7,2039,No,5,14,No,Yes,21.899963,0
28,2035,No,3,9,Yes,Yes,23.09548,0
4,2035,No,5,9,No,Yes,31.012505,0
40,2039,Yes,4,7,No,Yes,21.473656,2036
28,2036,No,3,9,Yes,No,31.631208,0
17,2037,No,6,9,No,No,34.174194,0
28,2039,No,3,17,No,Yes,23.805998,0
19,2038,No,5,10,Yes,Yes,28.516075,0
6,2033,No,6,9,Yes,Yes,19.001303,0
30,2033,No,6,9,Yes,Yes,34.402908,0
38,2039,Yes,7,13,Yes,Yes,27.454775,2036
17,2036,No,6,9,No,No,28.964811,0
4,2040,No,5,7,No,Yes,21.691002,0
40,2037,Yes,4,11,No,No,31.132492,2036
3,2037,Yes,5,9,Yes,No,23.834579,2034
28,2033,No,3,12,No,Yes,27.826035,0
26,2038,No,4,9,No,Yes,32.208641,0
10,2034,No,6,11,No,Yes,31.146643,0
8,2035,No,4,9,No,Yes,18.337044,0
15,2032,No,5,10,No,Yes,24.023899,0
18,2037,No,5,10,No,No,29.530071,0
18,2036,No,5,9,No,Yes,30.212938,0
17,2040,No,6,9,Yes,Yes,19.347002,0
12,2036,No,5,8,No,No,20.967518,0
11,2033,No,7,9,No,Yes,21.81258,0
11,2033,No,7,9,No,Yes,20.478561,0
9,2032,No,3,9,No,No,31.187088,0
34,2035,No,3,10,Yes,Yes,35.750019,2038
35,2036,No,3,9,No,Yes,21.528185,2038
26,2037,No,4,8,Yes,No,29.22187,0
4,2032,No,5,9,Yes,No,27.745979,0
7,2034,No,5,11,No,Yes,29.111996,0
5,2038,No,4,13,No,No,29.690872,0
34,2037,No,3,9,Yes,Yes,21.039293,2038
11,2038,No,7,12,Yes,Yes,22.909281,0
24,2039,No,5,9,Yes,No,27.051702,0
12,2033,No,5,10,Yes,No,35.498283,0
32,2036,No,3,9,No,No,30.283852,2038
32,2037,No,3,9,Yes,Yes,19.279161,2038
20,2036,No,4,7,No,Yes,20.296423,0
7,2032,No,5,9,Yes,No,18.504436,0
39,2033,No,6,11,No,Yes,30.470446,2036
39,2036,Yes,6,11,No,Yes,31.325958,2036
31,2034,No,3,9,Yes,Yes,19.770508,2038
29,2037,No,3,12,Yes,No,28.274937,0
29,2038,No,3,10,No,Yes,28.496037,0
40,2032,No,4,7,Yes,No,22.758169,2036
25,2032,No,5,9,No,Yes,20.767237,0
37,2033,No,6,10,Yes,Yes,28.749786,2036
8,2036,No,4,7,No,Yes,21.950621,0
24,2038,No,5,9,Yes,Yes,22.392086,0
18,2035,No,5,16,No,Yes,31.157688,0
23,2038,No,2,10,No,Yes,26.026129,0
17,2038,No,6,0,Yes,Yes,20.514177,0
40,2035,No,4,9,No,Yes,32.000523,2036
8,2035,No,4,10,No,Yes,20.373159,0
30,2032,No,6,8,No,Yes,23.759136,0
25,2032,No,5,9,No,No,21.610155,0
28,2033,No,3,9,Yes,No,31.044971,0
37,2033,No,6,9,No,Yes,25.385096,2036
6,2035,No,6,8,No,Yes,22.053064,0
2,2035,Yes,6,9,No,No,31.627668,2034
28,2040,No,3,0,Yes,Yes,21.419947,0
33,2038,Yes,3,11,No,Yes,25.805922,2038
32,2036,No,3,7,Yes,Yes,32.734241,2038
3,2040,Yes,5,8,Yes,Yes,24.162779,2034
26,2034,No,4,9,No,Yes,26.551834,0
2,2034,Yes,6,8,Yes,Yes,23.187136,2034
30,2033,No,6,12,Yes,Yes,25.239918,0
16,2033,No,3,15,Yes,Yes,27.258163,0
16,2036,No,3,9,Yes,Yes,31.779564,0
22,2032,No,5,8,Yes,No,28.458113,0
40,2038,Yes,4,9,Yes,Yes,17.617544,2036
4,2034,No,5,10,Yes,No,27.787134,0
38,2037,Yes,7,12,Yes,Yes,20.901102,2036
10,2036,No,6,8,Yes,Yes,31.239361,0
7,2034,No,5,15,No,No,24.153543,0
6,2040,No,6,9,Yes,Yes,32.786961,0
29,2038,No,3,9,No,Yes,27.824659,0
27,2038,No,6,7,No,Yes,26.477718,0
17,2038,No,6,9,No,No,19.76506,0
17,2040,No,6,9,Yes,No,27.596004,0
40,2035,No,4,9,No,Yes,28.70192,2036
35,2037,No,3,9,No,No,28.278868,2038
18,2038,No,5,8,No,No,19.92971,0
11,2034,No,7,9,No,Yes,28.400475,0
3,2039,Yes,5,9,Yes,Yes,32.087978,2034
35,2036,No,3,15,No,Yes,17.902145,2038
3,2039,Yes,5,9,No,Yes,23.487085,2034
30,2034,No,6,9,No,Yes,23.359156,0
3,2032,No,5,10,Yes,Yes,18.728207,2034
20,2034,No,4,10,No,Yes,32.657722,0
1,2036,Yes,6,10,Yes,Yes,18.62966,2034
23,2035,No,2,10,Yes,Yes,22.522886,0
29,2037,No,3,12,Yes,Yes,31.086988,0
12,2034,No,5,12,Yes,No,22.519621,0
34,2035,No,3,12,No,No,31.145729,2038
27,2035,No,6,9,Yes,No,34.046551,0
13,2039,No,3,11,Yes,Yes,20.296398,0
36,2037,Yes,3,12,No,No,25.407869,2036
35,2034,No,3,9,Yes,No,28.92276,2038
24,2040,No,5,8,No,Yes,24.555727,0
27,2039,No,6,9,No,Yes,32.400692,0
28,2038,No,3,8,No,Yes,24.891708,0
20,2035,No,4,9,Yes,No,23.39225,0
6,2038,No,6,12,Yes,No,22.785873,0
19,2036,No,5,9,Yes,No,35.982426,0
36,2035,No,3,18,Yes,Yes,30.995415,2036
15,2036,No,5,11,No,Yes,22.370939,0
4,2040,No,5,11,Yes,No,19.141706,0
26,2040,No,4,12,No,No,30.09236,0
10,2039,No,6,8,Yes,No,28.719852,0
18,2033,No,5,9,No,Yes,24.220697,0
25,2035,No,5,9,Yes,Yes,33.343792,0
3,2032,No,5,14,Yes,No,17.675129,2034
31,2035,No,3,9,No,Yes,24.282198,2038
25,2033,No,5,9,Yes,No,25.6105,0
1,2038,Yes,6,19,No,Yes,18.807598,2034
20,2039,No,4,7,No,Yes,21.957298,0
29,2036,No,3,9,No,No,20.873528,0
12,2039,No,5,9,No,Yes,22.599255,0
2,2040,Yes,6,9,Yes,Yes,31.792805,2034
4,2033,No,5,9,Yes,Yes,29.268366,0
1,2040,Yes,6,9,No,Yes,21.267355,2034
7,2038,No,5,9,Yes,Yes,20.584057,0
9,2035,No,3,13,No,No,26.882174,0
17,2036,No,6,7,Yes,Yes,19.701696,0
35,2036,No,3,14,No,Yes,22.954189,2038
8,2035,No,4,9,No,No,30.383909,0
6,2034,No,6,12,No,No,26.721079,0
23,2039,No,2,8,No,No,30.954456,0
40,2037,Yes,4,7,Yes,Yes,17.569073,2036
11,2034,No,7,9,No,No,21.801334,0
20,2040,No,4,9,Yes,Yes,26.636889,0
18,2037,No,5,8,Yes,Yes,23.296379,0
30,2039,No,6,8,No,Yes,23.01668,0
20,2037,No,4,10,No,Yes,19.128456,0
39,2038,Yes,6,12,Yes,Yes,23.62322,2036
9,2039,No,3,8,No,No,26.59058,0
25,2035,No,5,10,Yes,Yes,31.213331,0
29,2033,No,3,7,No,No,22.338434,0
35,2040,Yes,3,7,No,Yes,28.940357,2038
24,2040,No,5,9,Yes,No,18.067453,0
6,2034,No,6,8,Yes,Yes,21.942364,0
34,2034,No,3,9,No,Yes,29.90663,2038
25,2032,No,5,17,Yes,Yes,27.013134,0
23,2038,No,2,9,Yes,Yes,21.874981,0
18,2040,No,5,9,Yes,Yes,22.023359,0
9,2038,No,3,9,Yes,No,20.74461,0
34,2034,No,3,18,Yes,Yes,22.442661,2038
36,2037,Yes,3,12,Yes,Yes,21.650286,2036
3,2038,Yes,5,9,No,Yes,27.075874,2034
22,2033,No,5,11,Yes,No,24.676922,0
12,2035,No,5,10,No,Yes,26.371426,0
25,2040,No,5,0,Yes,Yes,30.074503,0
18,2037,No,5,9,No,No,28.927738,0
36,2038,Yes,3,9,Yes,Yes,30.99354,2036
10,2039,No,6,9,No,Yes,20.29458,0
33,2039,Yes,3,9,No,Yes,23.293228,2038
19,2040,No,5,11,Yes,No,27.75157,0
21,2036,No,4,10,Yes,No,29.627472,0
12,2034,No,5,12,Yes,Yes,29.395708,0
28,2033,No,3,10,No,Yes,19.801144,0
4,2038,No,5,10,Yes,Yes,26.996101,0
4,2037,No,5,12,No,Yes,27.543039,0
36,2037,Yes,3,10,No,No,26.892893,2036
12,2035,No,5,13,Yes,Yes,25.651773,0
19,2033,No,5,11,No,Yes,23.477318,0
32,2034,No,3,7,No,No,30.730577,2038
6,2034,No,6,9,No,Yes,30.330713,0
33,2033,No,3,10,No,Yes,23.235233,2038
6,2033,No,6,9,Yes,Yes,29.013649,0
18,2032,No,5,9,No,Yes,22.580051,0
36,2036,Yes,3,9,Yes,Yes,19.537424,2036
18,2033,No,5,12,Yes,Yes,19.623344,0
19,2035,No,5,9,Yes,Yes,20.498878,0
37,2036,Yes,6,11,No,Yes,30.107616,2036
21,2032,No,4,12,No,No,19.483679,0
15,2040,No,5,12,Yes,Yes,33.300323,0
18,2040,No,5,9,No,Yes,21.893831,0
17,2035,No,6,17,Yes,Yes,26.414507,0
37,2032,No,6,13,No,No,18.481281,2036
6,2032,No,6,8,Yes,Yes,30.944382,0
27,2040,No,6,7,Yes,Yes,30.052584,0
33,2034,No,3,16,No,No,25.909384,2038
40,2037,Yes,4,8,Yes,Yes,21.423811,2036
34,2033,No,3,8,Yes,Yes,24.654343,2038
39,2033,No,6,9,No,No,30.583647,2036
10,2037,No,6,9,No,Yes,24.159769,0
3,2032,No,5,7,No,Yes,25.219791,2034
29,2038,No,3,13,Yes,Yes,19.374685,0
25,2035,No,5,7,No,No,27.616312,0
23,2033,No,2,10,Yes,Yes,25.597445,0
18,2035,No,5,9,No,No,28.853718,0
17,2033,No,6,12,No,No,31.907816,0
35,2037,No,3,9,Yes,No,32.111687,2038
12,2035,No,5,12,Yes,No,27.564096,0
25,2034,No,5,12,No,Yes,19.408083,0
2,2034,Yes,6,10,Yes,Yes,30.381874,2034
7,2036,No,5,10,No,No,26.767485,0
4,2037,No,5,9,Yes,Yes,23.027252,0
5,2038,No,4,9,Yes,No,24.131025,0
18,2032,No,5,14,No,Yes,22.103594,0
12,2034,No,5,2,No,Yes,21.250343,0
30,2035,No,6,11,Yes,No,22.742777,0
18,2036,No,5,8,No,No,25.962465,0
37,2040,Yes,6,7,No,Yes,28.79657,2036
34,2039,Yes,3,8,No,Yes,26.969069,2038
10,2033,No,6,7,No,No,32.969288,0
39,2038,Yes,6,8,Yes,Yes,16.409119,2036
37,2039,Yes,6,10,Yes,No,23.675468,2036
10,2035,No,6,13,No,Yes,24.105518,0
4,2032,No,5,10,No,Yes,31.583858,0
1,2039,Yes,6,9,Yes,No,21.032471,2034
36,2035,No,3,9,Yes,Yes,21.655375,2036
13,2032,No,3,9,No,Yes,22.989712,0
11,2040,No,7,12,No,No,31.183701,0
5,2037,No,4,9,Yes,Yes,31.218662,0
40,2034,No,4,8,Yes,Yes,22.765882,2036
9,2037,No,3,11,No,Yes,30.30158,0
9,2039,No,3,13,No,No,27.169052,0
30,2034,No,6,11,No,Yes,21.263716,0
31,2034,No,3,16,No,Yes,23.725735,2038
13,2036,No,3,10,Yes,Yes,32.365116,0
38,2037,Yes,7,0,No,No,14.373365,2036
33,2040,Yes,3,9,No,Yes,21.906805,2038
25,2037,No,5,9,No,Yes,23.496141,0
9,2039,No,3,12,Yes,No,33.350491,0
14,2033,No,5,13,No,Yes,26.38212,0
16,2032,No,3,12,Yes,Yes,27.898287,0
37,2036,Yes,6,8,Yes,No,24.312836,2036
23,2036,No,2,9,Yes,Yes,23.320053,0
32,2037,No,3,9,Yes,Yes,30.878391,2038
12,2033,No,5,9,No,Yes,28.724586,0
33,2036,No,3,11,Yes,Yes,24.159693,2038
34,2033,No,3,9,No,Yes,22.295225,2038
35,2036,No,3,13,Yes,Yes,25.880098,2038
34,2040,Yes,3,12,No,No,21.500345,2038
3,2038,Yes,5,8,No,No,22.639544,2034
36,2040,Yes,3,9,Yes,Yes,21.682148,2036
21,2037,No,4,10,Yes,Yes,33.169773,0
30,2034,No,6,8,No,Yes,30.57373,0
33,2038,Yes,3,9,Yes,Yes,17.335358,2038
23,2036,No,2,10,No,Yes,30.927736,0
30,2036,No,6,9,No,Yes,18.24473,0
8,2036,No,4,9,No,Yes,31.972311,0
19,2040,No,5,8,Yes,No,30.739344,0
1,2036,Yes,6,8,No,Yes,23.246727,2034
36,2038,Yes,3,9,Yes,No,24.091736,2036
16,2040,No,3,11,Yes,Yes,25.253111,0
14,2034,No,5,9,No,Yes,23.434317,0
15,2039,No,5,10,No,Yes,33.884239,0
34,2040,Yes,3,9,No,Yes,27.269838,2038
22,2038,No,5,11,No,Yes,19.468683,0
40,2038,Yes,4,12,Yes,No,27.796856,2036
3,2039,Yes,5,9,No,Yes,31.018324,2034
27,2039,No,6,9,No,No,32.476013,0
16,2038,No,3,10,Yes,Yes,33.655216,0
36,2035,No,3,11,Yes,No,31.523449,2036
13,2038,No,3,11,Yes,No,33.77636,0
33,2039,Yes,3,19,Yes,No,19.713175,2038
19,2040,No,5,7,Yes,No,25.845497,0
14,2033,No,5,11,Yes,Yes,18.664093,0
13,2034,No,3,9,No,Yes,26.134403,0
38,2039,Yes,7,18,No,No,19.040262,2036
35,2040,Yes,3,9,No,No,19.539997,2038
25,2034,No,5,9,No,No,30.852709,0
30,2032,No,6,16,Yes,Yes,29.429287,0
5,2032,No,4,9,No,Yes,23.391766,0
26,2032,No,4,9,No,No,34.973419,0
17,2034,No,6,13,No,Yes,29.551014,0
24,2036,No,5,9,Yes,Yes,25.974787,0
28,2032,No,3,8,Yes,No,33.073883,0
17,2037,No,6,12,No,No,22.429827,0
13,2035,No,3,9,Yes,Yes,29.777369,0
1,2040,Yes,6,11,Yes,Yes,23.266796,2034
4,2036,No,5,9,No,No,28.14456,0
26,2033,No,4,9,No,Yes,23.555338,0
2,2035,Yes,6,11,Yes,Yes,16.804741,2034
1,2038,Yes,6,9,No,Yes,28.282057,2034
5,2034,No,4,12,No,Yes,19.549406,0
39,2032,No,6,19,No,Yes,24.455769,2036
4,2036,No,5,13,Yes,No,34.333736,0
13,2039,No,3,11,Yes,Yes,29.426674,0
3,2040,Yes,5,9,No,Yes,25.467161,2034
10,2039,No,6,9,Yes,Yes,25.93717,0
11,2032,No,7,10,Yes,Yes,26.431723,0
3,2039,Yes,5,8,No,No,33.154903,2034
22,2040,No,5,7,No,Yes,18.260197,0
21,2034,No,4,9,No,Yes,26.644445,0
4,2039,No,5,9,Yes,No,35.190788,0
11,2039,No,7,9,Yes,Yes,25.789589,0
17,2033,No,6,13,No,Yes,17.923862,0
22,2038,No,5,9,Yes,Yes,23.533327,0
17,2037,No,6,12,No,Yes,24.177122,0
1,2040,Yes,6,9,No,Yes,20.604601,2034
5,2033,No,4,9,Yes,Yes,31.304802,0
7,2035,No,5,10,No,Yes,23.374281,0
12,2039,No,5,12,Yes,No,25.471901,0
7,2039,No,5,13,No,Yes,32.535969,0
37,2040,Yes,6,10,Yes,Yes,34.473354,2036
1,2036,Yes,6,12,No,Yes,22.757177,2034
4,2039,No,5,10,Yes,Yes,20.218943,0
14,2033,No,5,9,Yes,No,32.219845,0
7,2034,No,5,15,Yes,Yes,22.910219,0
39,2034,No,6,14,Yes,No,27.860294,2036
23,2039,No,2,11,Yes,Yes,22.811157,0
35,2033,No,3,8,No,Yes,27.34396,2038
6,2034,No,6,11,Yes,Yes,25.755051,0
20,2034,No,4,9,No,Yes,27.570724,0
25,2034,No,5,13,Yes,Yes,35.529346,0
30,2032,No,6,9,Yes,Yes,25.710373,0
20,2033,No,4,9,No,Yes,28.322968,0
5,2038,No,4,9,Yes,Yes,27.134991,0
10,2033,No,6,8,Yes,No,29.1015,0
33,2039,Yes,3,13,No,Yes,17.069859,2038
27,2040,No,6,9,No,Yes,28.298063,0
16,2040,No,3,9,No,No,27.532183,0
10,2038,No,6,7,Yes,Yes,27.363827,0
21,2036,No,4,11,No,Yes,26.096434,0
17,2034,No,6,11,Yes,No,25.912382,0
11,2040,No,7,8,Yes,No,25.489941,0
26,2040,No,4,11,No,Yes,24.616245,0
15,2039,No,5,16,Yes,Yes,29.914757,0
21,2034,No,4,11,No,Yes,20.221075,0
9,2032,No,3,9,No,Yes,27.468945,0
17,2037,No,6,9,Yes,No,25.907337,0
15,2040,No,5,9,No,Yes,17.764175,0
12,2035,No,5,9,No,Yes,25.136803,0
30,2039,No,6,9,No,Yes,28.452597,0
2,2037,Yes,6,9,No,Yes,24.431591,2034
8,2038,No,4,8,No,Yes,18.979364,0
25,2035,No,5,9,No,No,33.588833,0
30,2034,No,6,19,No,Yes,23.878664,0
22,2038,No,5,11,Yes,Yes,27.090162,0
32,2037,No,3,13,Yes,No,31.449572,2038
16,2033,No,3,9,Yes,No,20.035738,0
18,2033,No,5,14,Yes,No,23.924477,0
25,2039,No,5,11,Yes,Yes,27.658812,0
25,2033,No,5,12,No,Yes,30.935167,0
10,2032,No,6,9,No,Yes,28.676334,0
7,2033,No,5,9,No,Yes,23.890297,0
31,2032,No,3,8,No,Yes,35.763638,2038
36,2040,Yes,3,11,Yes,Yes,29.50783,2036
39,2040,Yes,6,8,Yes,Yes,20.253023,2036
11,2033,No,7,9,Yes,No,28.444715,0
39,2034,No,6,7,Yes,Yes,25.867739,2036
6,2037,No,6,0,Yes,Yes,26.906075,0
9,2034,No,3,8,Yes,Yes,25.051035,0
19,2037,No,5,12,Yes,No,36.808693,0
24,2032,No,5,9,No,Yes,28.829802,0
21,2036,No,4,9,Yes,Yes,18.676004,0
21,2040,No,4,9,Yes,No,29.986816,0
3,2035,Yes,5,11,No,No,28.540384,2034
30,2034,No,6,9,No,Yes,24.207701,0
26,2036,No,4,10,No,Yes,23.411036,0
18,2038,No,5,13,Yes,Yes,30.586327,0
35,2033,No,3,9,Yes,Yes,33.47134,2038
35,2034,No,3,11,No,Yes,33.732658,2038
25,2034,No,5,10,No,Yes,16.192865,0
3,2040,Yes,5,8,Yes,No,24.263294,2034
14,2038,No,5,9,No,No,29.257959,0
30,2032,No,6,9,No,No,31.371572,0
25,2035,No,5,11,No,No,26.917767,0
21,2033,No,4,19,Yes,No,29.422422,0
38,2039,Yes,7,11,No,Yes,32.398823,2036
9,2032,No,3,9,No,No,30.848066,0
10,2038,No,6,13,No,Yes,28.003986,0
25,2040,No,5,7,No,Yes,24.413031,0
29,2040,No,3,9,Yes,Yes,21.739115,0
10,2034,No,6,11,No,No,28.080669,0
7,2040,No,5,11,Yes,Yes,17.477598,0
15,2037,No,5,14,Yes,No,31.171114,0
16,2035,No,3,9,Yes,Yes,31.697514,0
6,2034,No,6,10,No,Yes,26.552488,0
18,2040,No,5,9,No,Yes,32.748604,0
28,2037,No,3,11,No,No,28.416012,0
26,2034,No,4,9,No,Yes,19.069321,0
17,2040,No,6,9,No,No,29.903608,0
21,2033,No,4,11,Yes,No,31.895582,0
38,2037,Yes,7,10,No,Yes,20.630339,2036
21,2039,No,4,9,No,Yes,22.564129,0
22,2036,No,5,9,No,No,34.78685,0
3,2032,No,5,11,Yes,Yes,21.832047,2034
36,2038,Yes,3,0,Yes,Yes,32.780933,2036
31,2036,No,3,11,Yes,Yes,20.470909,2038
4,2033,No,5,9,No,Yes,30.915089,0
5,2039,No,4,12,Yes,No,28.765493,0
35,2039,Yes,3,9,Yes,No,18.710531,2038
22,2040,No,5,9,Yes,Yes,31.455606,0
17,2034,No,6,9,Yes,Yes,27.384619,0
24,2036,No,5,8,Yes,No,23.784882,0
10,2038,No,6,11,Yes,Yes,24.332647,0
23,2040,No,2,11,Yes,Yes,22.374592,0
1,2035,Yes,6,9,No,No,15.723538,2034
31,2040,Yes,3,9,No,Yes,22.335072,2038
28,2040,No,3,7,Yes,Yes,24.251263,0
18,2033,No,5,8,Yes,No,24.700233,0
17,2037,No,6,8,No,No,26.616869,0
32,2035,No,3,9,Yes,No,25.66284,2038
9,2033,No,3,11,No,No,20.857756,0
17,2037,No,6,0,No,Yes,30.814529,0
30,2040,No,6,10,No,Yes,16.016741,0
26,2033,No,4,14,No,Yes,34.288261,0
39,2033,No,6,9,No,No,30.228189,2036
25,2039,No,5,9,Yes,No,21.486261,0
6,2039,No,6,9,Yes,Yes,32.303589,0
2,2036,Yes,6,8,Yes,No,28.942797,2034
34,2040,Yes,3,8,Yes,No,30.422838,2038
15,2038,No,5,9,Yes,Yes,32.972191,0
6,2037,No,6,9,Yes,Yes,30.988663,0
16,2034,No,3,11,No,Yes,29.998594,0
39,2034,No,6,9,No,Yes,21.456984,2036
38,2033,No,7,11,No,Yes,31.875315,2036
26,2040,No,4,10,No,No,24.816612,0
18,2033,No,5,9,No,Yes,19.501301,0
35,2038,Yes,3,9,Yes,No,22.75503,2038
8,2034,No,4,8,Yes,Yes,19.99715,0
39,2032,No,6,9,Yes,Yes,23.206532,2036
6,2040,No,6,9,Yes,Yes,31.459229,0
39,2033,No,6,8,No,No,33.417171,2036
12,2035,No,5,9,Yes,Yes,25.969852,0
19,2037,No,5,10,Yes,Yes,31.899437,0
29,2034,No,3,8,No,Yes,16.768206,0
22,2035,No,5,9,Yes,No,26.958401,0
15,2040,No,5,11,Yes,No,23.608086,0
31,2038,Yes,3,12,Yes,No,27.451166,2038
4,2033,No,5,9,No,Yes,23.008118,0
30,2037,No,6,9,No,Yes,32.017479,0
21,2038,No,4,9,Yes,Yes,26.885485,0
10,2039,No,6,9,No,Yes,28.11483,0
26,2032,No,4,8,No,No,31.974487,0
23,2033,No,2,11,Yes,No,35.053581,0
26,2036,No,4,18,Yes,Yes,19.09553,0
15,2040,No,5,7,Yes,Yes,31.442694,0
4,2040,No,5,8,Yes,No,17.875957,0
6,2040,No,6,9,No,No,22.249018,0
15,2039,No,5,9,Yes,Yes,29.02169,0
27,2033,No,6,7,Yes,Yes,30.921059,0
35,2034,No,3,9,Yes,Yes,20.717573,2038
8,2032,No,4,10,Yes,Yes,26.849649,0
7,2038,No,5,9,Yes,Yes,36.082066,0
32,2035,No,3,9,Yes,Yes,22.579689,2038
24,2036,No,5,9,Yes,Yes,34.118523,0
16,2038,No,3,9,Yes,Yes,23.35326,0
5,2034,No,4,10,Yes,Yes,23.183838,0
29,2033,No,3,16,No,Yes,30.409075,0
8,2033,No,4,9,No,Yes,25.462297,0
30,2036,No,6,16,No,No,18.24752,0
25,2032,No,5,7,No,Yes,27.382896,0
29,2036,No,3,9,No,No,20.881737,0
36,2039,Yes,3,11,No,Yes,19.411421,2036
10,2037,No,6,12,No,Yes,22.258066,0
22,2036,No,5,10,No,Yes,24.174124,0
15,2036,No,5,9,No,No,23.310335,0
4,2035,No,5,7,No,Yes,26.347935,0
23,2038,No,2,19,Yes,Yes,30.451977,0
26,2034,No,4,12,No,Yes,19.106991,0
38,2033,No,7,9,No,Yes,29.513685,2036
20,2040,No,4,19,Yes,Yes,26.601624,0
8,2038,No,4,16,Yes,Yes,30.686516,0
15,2032,No,5,9,Yes,Yes,22.538267,0
14,2036,No,5,12,Yes,Yes,27.704044,0
18,2040,No,5,11,No,Yes,20.10273,0
35,2038,Yes,3,8,Yes,Yes,27.137053,2038
19,2039,No,5,10,No,Yes,17.195326,0
11,2034,No,7,9,Yes,Yes,32.886391,0
33,2037,No,3,9,No,Yes,21.832033,2038
34,2038,Yes,3,7,Yes,Yes,18.976254,2038
21,2039,No,4,19,Yes,Yes,17.749365,0
11,2036,No,7,8,No,Yes,22.934772,0
13,2035,No,3,10,No,Yes,28.345161,0
23,2036,No,2,9,Yes,Yes,32.005077,0
14,2036,No,5,9,Yes,No,26.457693,0
3,2039,Yes,5,7,Yes,Yes,34.180168,2034
30,2040,No,6,13,No,Yes,31.393236,0
4,2032,No,5,9,No,No,30.342482,0
17,2035,No,6,9,No,No,21.338816,0
27,2035,No,6,10,Yes,No,31.468666,0
36,2032,No,3,11,Yes,Yes,20.297218,2036
14,2040,No,5,9,Yes,No,27.937729,0
24,2038,No,5,13,Yes,Yes,33.677685,0
38,2034,No,7,9,No,Yes,25.839417,2036
21,2039,No,4,11,Yes,Yes,19.670273,0
19,2038,No,5,12,No,Yes,29.292908,0
18,2034,No,5,9,Yes,Yes,25.994047,0
21,2035,No,4,7,No,Yes,24.910242,0
12,2039,No,5,18,Yes,Yes,25.290884,0
1,2034,Yes,6,18,Yes,No,30.753777,2034
9,2037,No,3,12,No,Yes,32.908298,0
38,2039,Yes,7,9,Yes,Yes,15.702477,2036
15,2035,No,5,9,No,Yes,19.868505,0
24,2033,No,5,0,No,No,31.238283,0
21,2039,No,4,9,Yes,Yes,31.024124,0
17,2039,No,6,14,Yes,Yes,20.599268,0
37,2032,No,6,9,Yes,Yes,22.302608,2036
23,2033,No,2,18,Yes,Yes,29.163076,0
16,2035,No,3,9,Yes,No,31.197697,0
2,2038,Yes,6,7,No,Yes,27.765558,2034
21,2035,No,4,10,Yes,Yes,27.757566,0
21,2039,No,4,9,Yes,Yes,19.343311,0
13,2037,No,3,12,No,No,30.010838,0
22,2040,No,5,9,Yes,Yes,29.239094,0
35,2032,No,3,0,Yes,No,25.570393,2038
31,2037,No,3,9,Yes,Yes,20.079029,2038
15,2038,No,5,8,No,Yes,20.019949,0
13,2038,No,3,12,No,No,17.90617,0
10,2035,No,6,8,No,Yes,19.138367,0
30,2032,No,6,14,No,Yes,24.724461,0
29,2032,No,3,0,No,Yes,32.401337,0
2,2036,Yes,6,8,Yes,Yes,29.491396,2034
7,2040,No,5,12,No,No,33.18243,0
32,2037,No,3,9,No,Yes,27.672287,2038
12,2033,No,5,12,Yes,Yes,24.266973,0
24,2033,No,5,11,Yes,Yes,16.725266,0
11,2038,No,7,9,No,No,21.950611,0
37,2036,Yes,6,10,No,No,22.459589,2036
17,2038,No,6,10,No,No,32.50383,0
5,2037,No,4,12,No,Yes,22.081898,0
39,2036,Yes,6,12,No,Yes,26.664282,2036
24,2039,No,5,9,Yes,Yes,30.585896,0
21,2037,No,4,8,No,Yes,19.900263,0
9,2034,No,3,12,No,No,27.151852,0
37,2034,No,6,9,Yes,Yes,19.149397,2036
39,2036,Yes,6,10,No,Yes,21.553164,2036
8,2035,No,4,9,Yes,No,33.677219,0
18,2036,No,5,12,No,No,29.720335,0
13,2036,No,3,9,Yes,Yes,21.861748,0
39,2035,No,6,13,No,Yes,24.916636,2036
35,2032,No,3,9,No,No,29.558352,2038
15,2034,No,5,10,Yes,Yes,24.931353,0
12,2034,No,5,12,No,Yes,30.941483,0
8,2032,No,4,11,No,Yes,29.826841,0
36,2038,Yes,3,9,No,Yes,20.068693,2036
8,2033,No,4,7,No,Yes,21.998257,0
13,2034,No,3,9,No,Yes,27.377146,0
10,2037,No,6,11,Yes,No,24.664024,0
4,2032,No,5,9,Yes,Yes,23.176733,0
30,2033,No,6,9,Yes,Yes,31.371178,0
35,2038,Yes,3,10,Yes,Yes,19.904377,2038
27,2038,No,6,19,Yes,Yes,33.8004,0
37,2036,Yes,6,8,No,No,30.770391,2036
28,2034,No,3,9,No,No,19.094524,0
14,2037,No,5,12,No,No,21.999735,0
35,2036,No,3,10,Yes,Yes,29.743389,2038
5,2032,No,4,12,No,No,24.01174,0
20,2035,No,4,11,Yes,No,28.733206,0
7,2040,No,5,18,Yes,No,31.345886,0
11,2033,No,7,11,Yes,No,27.605068,0
18,2037,No,5,10,No,Yes,23.397045,0
21,2040,No,4,9,No,Yes,19.676767,0
11,2033,No,7,9,No,No,24.921991,0
2,2034,Yes,6,9,Yes,Yes,28.594164,2034
31,2036,No,3,9,No,Yes,22.536947,2038
18,2033,No,5,13,No,No,28.836617,0
19,2038,No,5,19,Yes,Yes,30.090469,0
19,2033,No,5,9,Yes,No,24.000387,0
10,2040,No,6,8,Yes,Yes,31.452059,0
14,2040,No,5,19,No,Yes,23.569326,0
33,2040,Yes,3,12,No,No,28.626913,2038
9,2033,No,3,8,No,No,19.072615,0
1,2037,Yes,6,9,No,Yes,23.999216,2034
16,2035,No,3,8,Yes,Yes,26.961695,0
3,2035,Yes,5,9,Yes,No,34.79731,2034
37,2032,No,6,13,Yes,No,33.896801,2036
13,2040,No,3,10,Yes,Yes,25.261715,0
8,2032,No,4,7,No,Yes,29.943455,0
22,2034,No,5,9,Yes,No,28.595285,0
6,2034,No,6,16,Yes,Yes,18.90122,0
39,2035,No,6,9,Yes,Yes,24.641283,2036
3,2036,Yes,5,9,No,Yes,22.735106,2034
16,2040,No,3,9,No,Yes,21.182932,0
22,2032,No,5,9,Yes,Yes,24.252262,0
31,2037,No,3,11,Yes,No,23.936684,2038
38,2038,Yes,7,12,No,Yes,21.574659,2036
5,2035,No,4,9,Yes,Yes,29.973145,0
2,2036,Yes,6,15,Yes,No,25.893515,2034
10,2039,No,6,10,No,Yes,24.887053,0
36,2037,Yes,3,8,Yes,No,18.040737,2036
34,2032,No,3,9,No,Yes,29.245813,2038
5,2037,No,4,9,No,Yes,20.492317,0
1,2039,Yes,6,8,No,Yes,23.068186,2034
26,2039,No,4,11,Yes,No,20.755207,0
5,2036,No,4,9,Yes,Yes,19.535265,0
11,2039,No,7,10,Yes,Yes,25.277243,0
30,2034,No,6,9,No,Yes,27.423597,0
15,2034,No,5,8,No,No,32.324642,0
6,2036,No,6,9,Yes,No,30.573925,0
18,2036,No,5,11,Yes,Yes,23.204334,0
30,2033,No,6,13,No,Yes,23.13707,0
5,2033,No,4,9,Yes,No,23.281197,0
6,2036,No,6,10,Yes,Yes,31.270191,0
40,2040,Yes,4,8,Yes,Yes,32.206039,2036
24,2036,No,5,8,Yes,Yes,17.414444,0
4,2034,No,5,8,No,No,20.812639,0
5,2038,No,4,8,Yes,Yes,30.580494,0
15,2033,No,5,9,No,No,20.541149,0
40,2038,Yes,4,11,No,No,26.169413,2036
35,2033,No,3,12,No,No,25.05488,2038
21,2039,No,4,11,No,Yes,27.666714,0
27,2034,No,6,9,Yes,Yes,19.104303,0
15,2032,No,5,9,No,Yes,28.214275,0
5,2040,No,4,11,Yes,Yes,31.988258,0
35,2033,No,3,12,Yes,Yes,20.184372,2038
15,2040,No,5,9,No,Yes,30.700546,0
33,2035,No,3,11,No,Yes,20.237902,2038
16,2037,No,3,9,Yes,Yes,31.405233,0
2,2033,No,6,9,Yes,Yes,20.022276,2034
20,2035,No,4,12,No,Yes,25.745398,0
38,2036,Yes,7,9,Yes,Yes,25.048698,2036
39,2035,No,6,11,Yes,Yes,19.279562,2036
9,2040,No,3,0,Yes,Yes,20.185814,0
9,2040,No,3,7,No,Yes,30.793436,0
2,2032,No,6,19,Yes,No,21.832912,2034
26,2038,No,4,9,No,Yes,22.584188,0
29,2040,No,3,9,Yes,No,22.034092,0
40,2037,Yes,4,9,No,Yes,27.174189,2036
2,2036,Yes,6,9,No,No,31.422953,2034
30,2040,No,6,8,Yes,No,27.534483,0
3,2040,Yes,5,9,No,Yes,19.587679,2034
26,2034,No,4,11,No,Yes,27.752842,0
11,2035,No,7,12,Yes,Yes,30.241016,0
29,2039,No,3,19,Yes,Yes,28.215105,0
23,2040,No,2,9,Yes,Yes,22.419374,0
19,2034,No,5,10,Yes,Yes,29.794279,0
19,2040,No,5,8,No,Yes,17.927803,0
27,2038,No,6,11,No,No,31.570602,0
17,2036,No,6,9,Yes,Yes,34.040245,0
2,2035,Yes,6,9,No,Yes,29.956579,2034
25,2038,No,5,13,No,Yes,15.462339,0
5,2038,No,4,10,Yes,Yes,32.270294,0
8,2039,No,4,9,No,No,27.841038,0
8,2037,No,4,9,Yes,Yes,28.102196,0
20,2039,No,4,9,No,No,30.728367,0
22,2034,No,5,10,Yes,Yes,20.128223,0
2,2032,No,6,12,Yes,Yes,30.422577,2034
12,2040,No,5,9,Yes,No,22.034559,0
28,2040,No,3,10,No,Yes,30.324587,0
2,2033,No,6,12,Yes,Yes,24.588827,2034
25,2036,No,5,9,No,No,26.969978,0
30,2040,No,6,9,No,No,20.977482,0
6,2038,No,6,8,Yes,Yes,35.391788,0
14,2039,No,5,8,Yes,Yes,28.383379,0
35,2038,Yes,3,9,No,Yes,16.09004,2038
1,2037,Yes,6,9,No,Yes,9.9405832,2034
24,2034,No,5,11,No,Yes,20.770586,0
6,2040,No,6,9,Yes,Yes,32.886101,0
6,2038,No,6,9,Yes,Yes,21.514008,0
6,2035,No,6,9,No,Yes,18.731667,0
16,2033,No,3,8,No,Yes,16.369286,0
12,2037,No,5,7,Yes,Yes,21.152725,0
23,2034,No,2,12,Yes,Yes,29.662859,0
15,2039,No,5,10,Yes,Yes,21.971489,0
31,2034,No,3,9,No,Yes,24.864128,2038
24,2036,No,5,9,Yes,Yes,32.009846,0
2,2036,Yes,6,19,No,Yes,18.887653,2034
26,2032,No,4,8,No,Yes,26.468836,0
21,2033,No,4,10,Yes,No,29.33057,0
25,2033,No,5,9,Yes,No,31.34367,0
1,2039,Yes,6,7,No,Yes,25.983049,2034
34,2034,No,3,9,Yes,No,29.718573,2038
40,2035,No,4,10,No,Yes,28.340471,2036
39,2035,No,6,9,Yes,Yes,31.563948,2036
21,2032,No,4,15,No,Yes,24.988327,0
10,2036,No,6,12,Yes,Yes,31.771818,0
22,2034,No,5,9,No,Yes,24.871895,0
39,2037,Yes,6,8,Yes,Yes,29.44305,2036
31,2032,No,3,12,Yes,Yes,28.063551,2038
1,2032,No,6,9,No,Yes,24.231052,2034
28,2036,No,3,9,Yes,No,26.040947,0
29,2037,No,3,13,No,Yes,21.273432,0
21,2034,No,4,9,No,No,22.130955,0
8,2033,No,4,9,Yes,No,30.944153,0
7,2039,No,5,7,Yes,Yes,26.434427,0
12,2038,No,5,9,Yes,No,17.885054,0
32,2032,No,3,9,Yes,No,23.34827,2038
5,2035,No,4,9,No,Yes,30.416916,0
31,2036,No,3,9,No,Yes,35.187397,2038
40,2037,Yes,4,8,No,No,15.674385,2036
20,2032,No,4,9,Yes,Yes,17.175949,0
5,2034,No,4,10,No,Yes,19.501825,0
12,2039,No,5,8,No,Yes,16.38699,0
9,2039,No,3,9,No,Yes,18.644814,0
9,2039,No,3,14,Yes,Yes,24.962643,0
35,2039,Yes,3,10,No,Yes,19.689634,2038
14,2033,No,5,8,Yes,No,19.311714,0
13,2040,No,3,9,No,Yes,21.020359,0
14,2036,No,5,12,No,No,28.772009,0
20,2036,No,4,8,Yes,Yes,32.378376,0
21,2036,No,4,9,Yes,Yes,22.971823,0
36,2040,Yes,3,9,No,Yes,25.383705,2036
24,2034,No,5,9,Yes,No,25.041485,0
25,2040,No,5,10,Yes,No,32.923832,0
40,2032,No,4,9,No,Yes,22.304316,2036
2,2036,Yes,6,12,No,Yes,21.934107,2034
37,2037,Yes,6,9,Yes,Yes,20.519997,2036
21,2038,No,4,8,No,Yes,28.136545,0
32,2038,Yes,3,10,Yes,Yes,16.42272,2038
31,2040,Yes,3,10,Yes,Yes,22.270115,2038
2,2035,Yes,6,9,Yes,Yes,16.620417,2034
17,2039,No,6,9,No,Yes,23.465637,0
35,2039,Yes,3,8,No,Yes,19.533363,2038
39,2033,No,6,9,No,No,29.968321,2036
24,2037,No,5,9,No,Yes,18.077816,0
5,2040,No,4,11,No,Yes,33.047878,0
2,2040,Yes,6,11,Yes,No,29.5305,2034
30,2035,No,6,10,Yes,No,33.011524,0
11,2040,No,7,12,Yes,Yes,24.408638,0
11,2038,No,7,10,No,Yes,32.680298,0
34,2033,No,3,9,Yes,Yes,23.045839,2038
9,2037,No,3,9,No,No,19.433588,0
8,2032,No,4,10,Yes,No,22.97587,0
31,2040,Yes,3,9,No,Yes,20.081593,2038
5,2039,No,4,9,No,No,32.217773,0
1,2039,Yes,6,9,Yes,Yes,24.408663,2034
17,2038,No,6,12,Yes,No,22.366581,0
12,2037,No,5,10,No,No,23.841185,0
40,2032,No,4,9,Yes,No,23.181383,2036
25,2034,No,5,9,Yes,Yes,18.482822,0
20,2039,No,4,8,Yes,Yes,21.053656,0
10,2038,No,6,12,No,No,24.231218,0
31,2037,No,3,8,Yes,Yes,32.447338,2038
33,2035,No,3,9,Yes,Yes,18.344496,2038
12,2034,No,5,8,Yes,Yes,20.717802,0
34,2039,Yes,3,10,No,Yes,20.166447,2038
4,2040,No,5,9,No,No,22.047167,0
8,2040,No,4,9,No,No,24.657433,0
3,2036,Yes,5,9,No,No,20.90114,2034
39,2039,Yes,6,18,Yes,Yes,23.168079,2036
13,2039,No,3,13,No,Yes,19.245884,0
17,2035,No,6,8,No,No,22.845713,0
31,2037,No,3,12,Yes,No,30.326279,2038
37,2038,Yes,6,9,Yes,Yes,19.402716,2036
37,2032,No,6,9,Yes,Yes,33.071835,2036
38,2038,Yes,7,9,No,No,24.118719,2036
37,2038,Yes,6,9,No,No,24.673538,2036
12,2035,No,5,10,No,No,16.130928,0
40,2037,Yes,4,9,No,Yes,21.933128,2036
37,2039,Yes,6,13,No,Yes,26.511515,2036
5,2033,No,4,19,Yes,No,19.882086,0
2,2032,No,6,14,Yes,Yes,33.206779,2034
23,2033,No,2,9,No,Yes,31.567778,0
25,2039,No,5,9,No,Yes,28.784594,0
39,2034,No,6,12,Yes,Yes,27.546055,2036
13,2037,No,3,12,No,Yes,24.159828,0
3,2034,Yes,5,12,Yes,Yes,23.82951,2034
10,2038,No,6,9,Yes,Yes,32.217224,0
22,2035,No,5,13,No,No,25.599653,0
19,2032,No,5,9,Yes,Yes,29.029997,0
14,2034,No,5,9,Yes,No,19.118532,0
34,2035,No,3,9,No,No,29.498934,2038
6,2039,No,6,10,Yes,No,20.425913,0
39,2038,Yes,6,9,No,Yes,24.493055,2036
29,2033,No,3,9,No,Yes,24.031986,0
21,2036,No,4,9,No,Yes,25.781673,0
14,2038,No,5,9,No,Yes,32.380859,0
32,2035,No,3,10,No,No,24.988882,2038
39,2033,No,6,17,No,Yes,28.991028,2036
33,2037,No,3,8,Yes,Yes,22.964909,2038
34,2035,No,3,9,Yes,Yes,21.413128,2038
18,2036,No,5,9,No,Yes,18.317633,0
39,2036,Yes,6,8,Yes,Yes,19.674925,2036
10,2037,No,6,9,Yes,Yes,27.475918,0
15,2035,No,5,9,Yes,Yes,25.255016,0
27,2032,No,6,10,No,Yes,13.933424,0
24,2039,No,5,9,Yes,Yes,19.144157,0
16,2033,No,3,9,Yes,Yes,30.747026,0
8,2038,No,4,9,Yes,No,30.141125,0
23,2035,No,2,9,Yes,Yes,31.597919,0
31,2033,No,3,9,Yes,No,21.107203,2038
6,2037,No,6,9,Yes,Yes,23.944191,0
31,2040,Yes,3,9,Yes,Yes,16.949236,2038
7,2035,No,5,9,Yes,No,33.537357,0
36,2033,No,3,9,Yes,Yes,30.336617,2036
5,2038,No,4,13,Yes,Yes,18.105988,0
33,2033,No,3,11,No,Yes,29.467665,2038
9,2040,No,3,9,Yes,Yes,21.077597,0
8,2035,No,4,11,Yes,No,20.120026,0
36,2035,No,3,8,Yes,No,24.99139,2036
32,2032,No,3,9,Yes,No,31.362564,2038
14,2032,No,5,12,Yes,No,27.949453,0
37,2040,Yes,6,9,Yes,No,18.344738,2036
36,2038,Yes,3,9,Yes,No,23.485504,2036
26,2034,No,4,11,Yes,Yes,36.001808,0
4,2038,No,5,13,Yes,No,22.331385,0
8,2032,No,4,11,Yes,Yes,18.565828,0
18,2040,No,5,8,No,Yes,26.206501,0
31,2037,No,3,9,Yes,Yes,24.861746,2038
25,2034,No,5,9,Yes,Yes,25.059046,0
33,2034,No,3,8,No,Yes,32.828842,2038
15,2040,No,5,9,No,No,30.199095,0
24,2039,No,5,11,No,Yes,27.277475,0
40,2036,Yes,4,10,Yes,Yes,23.200066,2036
35,2034,No,3,8,Yes,No,23.684401,2038
11,2036,No,7,0,No,Yes,19.266012,0
15,2036,No,5,9,No,No,25.144541,0
9,2039,No,3,11,Yes,Yes,25.341248,0
37,2040,Yes,6,13,Yes,Yes,19.761351,2036
21,2035,No,4,13,No,No,25.027143,0
32,2034,No,3,19,Yes,No,22.295513,2038
8,2032,No,4,11,No,Yes,24.970297,0
25,2032,No,5,10,No,No,19.162977,0
4,2035,No,5,10,Yes,Yes,25.14852,0
8,2036,No,4,11,No,Yes,23.028589,0
40,2039,Yes,4,9,Yes,Yes,28.379313,2036
27,2039,No,6,19,Yes,Yes,27.28764,0
27,2034,No,6,9,Yes,No,29.25359,0
14,2037,No,5,10,Yes,Yes,19.676376,0
4,2038,No,5,9,Yes,No,24.335489,0
11,2040,No,7,12,No,Yes,23.228559,0
12,2040,No,5,9,No,Yes,21.616386,0
1,2033,No,6,11,No,No,28.4093,2034
20,2036,No,4,12,No,Yes,17.225948,0
4,2039,No,5,8,No,Yes,22.43437,0
35,2032,No,3,19,No,Yes,16.641537,2038
35,2033,No,3,12,Yes,No,23.026665,2038
27,2037,No,6,9,No,Yes,20.202267,0
26,2035,No,4,17,Yes,No,32.618378,0
18,2039,No,5,9,Yes,Yes,32.858185,0
17,2035,No,6,10,Yes,Yes,30.088251,0
15,2039,No,5,9,Yes,No,24.3713,0
28,2034,No,3,9,Yes,Yes,15.072835,0
27,2033,No,6,19,Yes,No,29.591515,0
3,2034,Yes,5,9,No,Yes,20.001007,2034
14,2037,No,5,10,Yes,Yes,27.279259,0
39,2036,Yes,6,18,No,Yes,16.519741,2036
13,2039,No,3,9,No,Yes,32.260204,0
26,2037,No,4,9,No,No,32.535049,0
34,2033,No,3,9,No,Yes,32.44059,2038
14,2040,No,5,9,No,Yes,24.974508,0
7,2033,No,5,10,No,Yes,32.048107,0
28,2032,No,3,9,No,Yes,24.865141,0
7,2033,No,5,12,Yes,No,33.84417,0
21,2035,No,4,9,Yes,Yes,29.373652,0
16,2037,No,3,12,Yes,Yes,25.208189,0
40,2037,Yes,4,7,Yes,Yes,18.034262,2036
36,2033,No,3,13,Yes,No,29.992395,2036
38,2036,Yes,7,9,Yes,Yes,26.362745,2036
30,2040,No,6,11,No,No,18.417507,0
33,2039,Yes,3,9,No,No,19.915487,2038
30,2038,No,6,9,Yes,Yes,29.972443,0
3,2038,Yes,5,10,No,Yes,29.96854,2034
28,2036,No,3,12,No,Yes,25.27265,0
31,2035,No,3,9,Yes,No,29.165304,2038
15,2038,No,5,7,No,No,30.451427,0
15,2038,No,5,5,No,No,25.856739,0
1,2035,Yes,6,9,No,No,22.353897,2034
17,2039,No,6,11,Yes,No,25.591829,0
22,2034,No,5,19,Yes,No,32.984409,0
13,2036,No,3,9,Yes,Yes,27.736404,0
39,2035,No,6,9,Yes,No,29.81786,2036
27,2036,No,6,9,Yes,No,28.228159,0
8,2035,No,4,10,No,No,19.916368,0
31,2039,Yes,3,9,No,Yes,27.442398,2038
13,2038,No,3,8,Yes,Yes,28.449348,0
39,2040,Yes,6,10,Yes,Yes,20.634691,2036
17,2033,No,6,10,No,No,20.134676,0
4,2033,No,5,9,No,Yes,15.046969,0
34,2034,No,3,0,Yes,Yes,27.870405,2038
2,2033,No,6,10,Yes,Yes,19.665142,2034
2,2032,No,6,18,No,Yes,24.030787,2034
19,2033,No,5,9,Yes,Yes,35.878979,0
39,2036,Yes,6,9,No,Yes,16.94014,2036
22,2032,No,5,13,Yes,No,31.193365,0
28,2036,No,3,9,No,Yes,23.567959,0
2,2040,Yes,6,8,No,Yes,19.653532,2034
19,2036,No,5,9,Yes,Yes,24.561106,0
22,2040,No,5,10,No,Yes,22.086784,0
9,2036,No,3,11,Yes,Yes,19.618364,0
14,2037,No,5,10,No,Yes,28.348986,0
4,2036,No,5,9,No,No,36.009678,0
20,2037,No,4,13,Yes,No,21.642313,0
1,2034,Yes,6,11,No,No,25.472857,2034
27,2034,No,6,10,No,Yes,26.961786,0
13,2040,No,3,9,No,No,33.880035,0
11,2039,No,7,7,No,Yes,20.450251,0
32,2038,Yes,3,9,No,Yes,22.571276,2038
38,2039,Yes,7,9,No,No,20.900709,2036
1,2036,Yes,6,8,No,Yes,27.55061,2034
25,2039,No,5,7,No,Yes,22.890554,0
34,2033,No,3,9,No,Yes,30.195013,2038
6,2040,No,6,12,No,Yes,16.875412,0
34,2035,No,3,13,No,Yes,24.91341,2038
23,2034,No,2,9,Yes,No,22.409655,0
36,2034,No,3,8,No,Yes,25.781023,2036
34,2038,Yes,3,10,Yes,No,23.77441,2038
18,2035,No,5,11,Yes,Yes,32.702526,0
10,2036,No,6,9,No,Yes,19.532881,0
20,2035,No,4,13,Yes,Yes,27.064224,0
28,2040,No,3,9,No,Yes,22.195755,0
6,2034,No,6,8,Yes,Yes,29.2831,0
7,2038,No,5,12,Yes,Yes,21.775684,0
13,2035,No,3,9,No,Yes,30.680119,0
17,2039,No,6,11,No,No,33.037159,0
13,2039,No,3,9,No,No,23.366888,0
31,2038,Yes,3,9,Yes,No,24.734726,2038
38,2033,No,7,5,No,Yes,21.385349,2036
23,2034,No,2,9,No,No,28.907192,0
34,2036,No,3,9,Yes,Yes,25.8897,2038
36,2039,Yes,3,8,No,No,22.304754,2036
14,2033,No,5,7,No,Yes,25.076332,0
28,2033,No,3,11,No,Yes,30.02574,0
19,2039,No,5,12,No,No,21.801271,0
17,2033,No,6,9,Yes,No,29.685835,0
39,2035,No,6,7,No,Yes,20.360422,2036
26,2039,No,4,9,Yes,No,24.511049,0
38,2034,No,7,9,Yes,No,23.327225,2036
30,2036,No,6,9,Yes,No,33.286762,0
27,2038,No,6,9,Yes,No,20.94388,0
19,2037,No,5,9,No,No,25.631563,0
34,2035,No,3,12,Yes,No,25.221521,2038
13,2040,No,3,9,Yes,No,22.934559,0
24,2037,No,5,11,Yes,No,33.022446,0
2,2037,Yes,6,9,No,Yes,21.352329,2034
7,2036,No,5,18,Yes,No,30.281977,0
1,2034,Yes,6,11,No,Yes,33.131355,2034
8,2038,No,4,9,Yes,Yes,32.41238,0
35,2038,Yes,3,10,No,Yes,28.868095,2038
36,2032,No,3,11,No,Yes,27.52368,2036
16,2035,No,3,19,No,Yes,28.095768,0
27,2035,No,6,7,No,Yes,15.542336,0
40,2033,No,4,19,No,Yes,26.685612,2036
30,2038,No,6,8,Yes,No,24.977524,0
25,2037,No,5,9,No,No,28.668726,0
13,2035,No,3,9,No,Yes,22.521873,0
32,2039,Yes,3,9,No,Yes,32.10714,2038
35,2033,No,3,9,No,Yes,20.9942,2038
30,2040,No,6,10,No,Yes,17.597198,0
26,2035,No,4,9,Yes,Yes,28.382729,0
12,2039,No,5,7,No,Yes,29.320423,0
7,2038,No,5,7,Yes,Yes,21.419054,0
19,2039,No,5,9,Yes,Yes,24.635195,0
38,2035,No,7,11,No,Yes,18.412397,2036
34,2038,Yes,3,9,Yes,No,30.634624,2038
2,2033,No,6,10,No,Yes,21.941502,2034
32,2033,No,3,11,Yes,Yes,26.009268,2038
19,2037,No,5,9,Yes,No,23.251657,0
17,2039,No,6,9,No,No,20.192316,0
22,2035,No,5,9,Yes,No,19.776815,0
1,2039,Yes,6,13,No,Yes,21.049263,2034
29,2037,No,3,11,No,Yes,27.428787,0
34,2035,No,3,9,No,Yes,23.388603,2038
21,2037,No,4,10,No,No,25.881464,0
15,2032,No,5,12,Yes,No,25.761692,0
8,2035,No,4,12,Yes,Yes,30.956339,0
4,2037,No,5,12,No,Yes,19.319111,0
11,2036,No,7,9,Yes,Yes,18.281981,0
27,2038,No,6,10,No,Yes,29.327982,0
25,2039,No,5,10,No,Yes,18.701065,0
26,2033,No,4,10,No,Yes,24.032637,0
10,2040,No,6,7,No,No,22.305256,0
18,2034,No,5,7,No,No,26.914402,0
24,2032,No,5,7,No,No,29.797535,0
40,2038,Yes,4,9,No,No,24.905085,2036
26,2040,No,4,9,No,No,33.805405,0
31,2033,No,3,10,Yes,Yes,26.044535,2038
24,2038,No,5,15,No,Yes,22.180964,0
40,2038,Yes,4,8,Yes,Yes,19.448597,2036
11,2032,No,7,12,No,Yes,34.993999,0
23,2039,No,2,10,No,No,31.192076,0
32,2035,No,3,8,Yes,Yes,32.364513,2038
3,2037,Yes,5,9,Yes,Yes,31.723099,2034
20,2038,No,4,9,Yes,Yes,27.519121,0
32,2033,No,3,12,Yes,Yes,23.755966,2038
3,2037,Yes,5,9,Yes,Yes,28.355799,2034
5,2037,No,4,8,Yes,Yes,23.743147,0
14,2040,No,5,18,Yes,No,22.779772,0
1,2034,Yes,6,9,No,No,28.931145,2034
19,2036,No,5,11,Yes,Yes,32.289238,0
29,2034,No,3,11,Yes,Yes,25.640203,0
12,2035,No,5,9,No,Yes,29.849604,0
6,2033,No,6,14,No,Yes,34.859028,0
33,2032,No,3,14,Yes,Yes,31.974613,2038
17,2040,No,6,9,No,No,28.376858,0
7,2036,No,5,8,Yes,Yes,22.451794,0
38,2039,Yes,7,11,No,Yes,28.233156,2036
3,2032,No,5,9,Yes,Yes,24.953472,2034
25,2038,No,5,10,Yes,Yes,24.739521,0
25,2034,No,5,9,Yes,Yes,18.324236,0
23,2040,No,2,9,Yes,Yes,29.071144,0
33,2038,Yes,3,12,No,No,22.178764,2038
16,2037,No,3,10,Yes,No,31.529276,0
27,2036,No,6,9,No,Yes,29.359793,0
40,2032,No,4,9,Yes,Yes,25.021816,2036
26,2037,No,4,9,Yes,Yes,30.600046,0
23,2040,No,2,10,Yes,No,31.878748,0
4,2036,No,5,11,No,No,26.794771,0
9,2040,No,3,9,Yes,No,27.667164,0
11,2032,No,7,11,Yes,No,28.594421,0
7,2038,No,5,10,No,Yes,21.791534,0
4,2040,No,5,8,No,No,25.482029,0
39,2035,No,6,9,No,No,22.153078,2036
39,2039,Yes,6,10,No,Yes,21.038517,2036
21,2035,No,4,9,Yes,Yes,31.190254,0
13,2033,No,3,8,Yes,No,31.32612,0
34,2036,No,3,8,No,Yes,21.284052,2038
12,2034,No,5,7,No,No,29.287344,0
16,2039,No,3,9,No,Yes,19.382282,0
21,2035,No,4,9,No,No,29.719526,0
3,2032,No,5,9,Yes,Yes,16.175329,2034
14,2038,No,5,12,Yes,Yes,35.121136,0
15,2040,No,5,8,No,Yes,30.495459,0
24,2033,No,5,9,Yes,Yes,31.012163,0
25,2033,No,5,9,No,No,21.554413,0
34,2032,No,3,9,Yes,No,32.650444,2038
14,2033,No,5,7,No,Yes,30.857637,0
32,2034,No,3,10,Yes,No,25.179543,2038
14,2032,No,5,12,Yes,Yes,25.306253,0
20,2033,No,4,12,Yes,No,22.995199,0
29,2033,No,3,9,No,No,32.801052,0
30,2036,No,6,17,No,Yes,28.425409,0
22,2033,No,5,14,No,Yes,27.431973,0
36,2032,No,3,18,No,Yes,23.451679,2036
21,2032,No,4,11,No,Yes,18.125793,0
16,2037,No,3,9,Yes,No,23.586124,0
6,2033,No,6,9,Yes,No,26.549093,0
31,2033,No,3,9,Yes,Yes,26.920267,2038
31,2038,Yes,3,10,No,Yes,19.935114,2038
29,2034,No,3,9,Yes,No,36.38361,0
17,2040,No,6,9,No,No,26.679134,0
29,2037,No,3,7,Yes,Yes,15.135105,0
12,2039,No,5,14,No,Yes,33.039177,0
14,2037,No,5,10,No,Yes,29.559595,0
33,2034,No,3,4,No,Yes,31.475521,2038
10,2035,No,6,9,Yes,Yes,29.183039,0
37,2038,Yes,6,11,No,Yes,17.058634,2036
37,2037,Yes,6,10,No,No,23.731665,2036
20,2033,No,4,9,Yes,No,32.781128,0
11,2038,No,7,9,No,Yes,21.973322,0
2,2038,Yes,6,10,Yes,Yes,23.420696,2034
37,2039,Yes,6,7,Yes,No,29.946022,2036
5,2037,No,4,11,No,Yes,19.513514,0
5,2034,No,4,10,Yes,Yes,29.108242,0
27,2036,No,6,8,No,Yes,21.063095,0
21,2039,No,4,0,No,Yes,24.419497,0
10,2035,No,6,12,No,No,27.505266,0
3,2037,Yes,5,11,Yes,Yes,18.928297,2034
23,2039,No,2,9,Yes,No,31.949739,0
18,2032,No,5,10,Yes,Yes,21.235077,0
6,2036,No,6,7,Yes,No,25.787354,0
11,2035,No,7,13,Yes,No,32.367889,0
11,2033,No,7,11,No,Yes,22.550526,0
26,2037,No,4,11,Yes,Yes,33.886341,0
22,2037,No,5,13,Yes,No,25.210272,0
1,2038,Yes,6,8,Yes,Yes,21.596388,2034
12,2034,No,5,17,No,No,17.882048,0
21,2035,No,4,11,No,Yes,34.899319,0
26,2039,No,4,10,No,No,27.76281,0
9,2037,No,3,9,No,No,28.454931,0
4,2032,No,5,9,Yes,No,19.803228,0
36,2040,Yes,3,7,Yes,No,33.907215,2036
39,2038,Yes,6,10,No,Yes,24.611103,2036
29,2032,No,3,9,Yes,Yes,25.612076,0
29,2033,No,3,9,Yes,Yes,18.934134,0
17,2035,No,6,9,No,Yes,30.598278,0
3,2034,Yes,5,12,No,Yes,17.458208,2034
39,2033,No,6,9,Yes,No,33.151817,2036
24,2037,No,5,9,Yes,Yes,25.233206,0
22,2037,No,5,8,No,Yes,22.391827,0
2,2037,Yes,6,12,Yes,Yes,20.874636,2034
28,2040,No,3,11,No,Yes,31.030661,0
20,2037,No,4,9,Yes,Yes,25.494631,0
28,2038,No,3,9,Yes,Yes,25.34284,0
32,2036,No,3,9,Yes,Yes,21.197943,2038
3,2034,Yes,5,8,No,No,22.992775,2034
11,2036,No,7,10,Yes,No,16.554682,0
30,2040,No,6,9,Yes,No,23.968523,0
34,2040,Yes,3,7,Yes,No,32.231331,2038
12,2033,No,5,9,No,Yes,23.292154,0
21,2034,No,4,9,Yes,No,27.832096,0
14,2037,No,5,9,Yes,No,25.467873,0
1,2036,Yes,6,11,Yes,No,23.985235,2034
26,2036,No,4,9,Yes,No,19.105524,0
13,2036,No,3,9,No,Yes,18.775627,0
21,2039,No,4,11,Yes,Yes,25.900213,0
21,2039,No,4,9,Yes,No,25.718073,0
29,2032,No,3,9,No,No,22.406786,0
16,2037,No,3,11,Yes,No,37.856724,0
22,2039,No,5,9,No,Yes,19.83445,0
13,2038,No,3,11,Yes,Yes,21.733133,0
31,2034,No,3,13,No,No,19.720106,2038
18,2035,No,5,9,Yes,Yes,20.318085,0
15,2033,No,5,9,No,No,27.731222,0
29,2033,No,3,11,No,Yes,16.745237,0
16,2040,No,3,1,No,Yes,24.52754,0
6,2040,No,6,12,No,No,35.241192,0
1,2036,Yes,6,15,Yes,Yes,29.062368,2034
35,2039,Yes,3,9,Yes,No,19.011862,2038
10,2032,No,6,8,Yes,No,25.954119,0
8,2039,No,4,9,No,Yes,25.485535,0
19,2032,No,5,12,Yes,No,27.080141,0
24,2035,No,5,11,No,No,19.940193,0
5,2034,No,4,17,No,Yes,26.412077,0
3,2040,Yes,5,10,No,Yes,30.477425,2034
7,2036,No,5,9,Yes,No,26.166462,0
6,2036,No,6,11,No,Yes,34.876316,0
22,2035,No,5,14,Yes,Yes,28.400585,0
5,2033,No,4,7,Yes,Yes,24.348574,0
33,2038,Yes,3,9,No,Yes,18.009964,2038
2,2033,No,6,8,Yes,Yes,27.848265,2034
20,2038,No,4,17,No,Yes,22.355263,0
20,2037,No,4,19,No,No,26.136705,0
21,2034,No,4,11,No,No,32.21365,0
12,2033,No,5,8,Yes,Yes,31.419952,0
22,2032,No,5,9,No,Yes,22.528412,0
10,2038,No,6,9,Yes,Yes,28.05035,0
36,2033,No,3,10,Yes,Yes,20.446581,2036
29,2038,No,3,9,Yes,No,30.095943,0
5,2033,No,4,9,No,Yes,27.497044,0
7,2033,No,5,9,No,No,29.03583,0
18,2032,No,5,8,Yes,Yes,33.772049,0
29,2034,No,3,9,Yes,Yes,25.812857,0
38,2035,No,7,7,Yes,No,26.033998,2036
22,2039,No,5,11,No,Yes,27.919062,0
21,2039,No,4,12,No,No,29.114574,0
13,2033,No,3,10,No,Yes,29.345987,0
27,2040,No,6,9,Yes,Yes,30.692997,0
16,2038,No,3,9,No,No,27.251911,0
15,2038,No,5,8,No,Yes,28.112301,0
27,2038,No,6,11,No,No,21.106642,0
10,2038,No,6,10,Yes,No,24.054523,0
25,2038,No,5,9,No,Yes,29.842173,0
17,2037,No,6,16,Yes,Yes,22.343252,0
10,2033,No,6,9,No,No,29.580376,0
29,2037,No,3,8,Yes,Yes,24.135071,0
28,2032,No,3,8,No,Yes,26.592409,0
26,2039,No,4,9,No,Yes,19.032782,0
26,2040,No,4,9,Yes,No,29.953901,0
30,2036,No,6,9,No,No,18.366127,0
22,2039,No,5,11,No,No,34.251137,0
40,2038,Yes,4,9,Yes,No,30.130468,2036
27,2037,No,6,10,No,Yes,27.066414,0
19,2039,No,5,9,Yes,Yes,26.897202,0
15,2036,No,5,12,Yes,No,32.408627,0
16,2037,No,3,9,No,Yes,24.639904,0
29,2036,No,3,12,No,No,31.239422,0
16,2036,No,3,9,Yes,Yes,25.655638,0
40,2036,Yes,4,9,Yes,Yes,25.857901,2036
24,2035,No,5,11,No,No,25.824509,0
5,2034,No,4,8,No,No,23.108788,0
4,2040,No,5,9,Yes,No,33.024509,0
29,2032,No,3,7,No,Yes,18.545965,0
15,2039,No,5,15,Yes,Yes,28.033222,0
15,2036,No,5,10,No,Yes,15.800382,0
19,2039,No,5,10,Yes,Yes,22.53508,0
6,2032,No,6,9,No,Yes,22.753323,0
34,2040,Yes,3,9,No,Yes,32.520466,2038
3,2038,Yes,5,9,No,Yes,18.112411,2034
35,2034,No,3,9,Yes,Yes,21.381819,2038
32,2037,No,3,9,Yes,No,32.270458,2038
20,2033,No,4,11,Yes,Yes,21.281895,0
24,2037,No,5,10,No,No,22.37747,0
33,2034,No,3,9,No,Yes,25.807627,2038
26,2036,No,4,7,No,Yes,23.892982,0
5,2040,No,4,9,Yes,Yes,23.062794,0
1,2033,No,6,9,Yes,Yes,31.205151,2034
11,2033,No,7,11,No,No,23.264126,0
3,2032,No,5,9,No,No,31.528831,2034
21,2035,No,4,15,Yes,Yes,34.236515,0
11,2036,No,7,8,No,Yes,19.15243,0
20,2033,No,4,7,No,Yes,28.212456,0
2,2033,No,6,10,No,No,16.973047,2034
6,2034,No,6,9,Yes,Yes,33.352448,0
5,2038,No,4,7,Yes,Yes,27.847342,0
18,2035,No,5,8,No,No,27.749487,0
22,2033,No,5,9,No,No,27.651609,0
35,2038,Yes,3,11,No,Yes,18.963947,2038
13,2035,No,3,9,Yes,Yes,20.021852,0
17,2033,No,6,10,No,No,26.380991,0
19,2036,No,5,9,Yes,No,20.474874,0
38,2038,Yes,7,13,No,Yes,24.637224,2036
4,2037,No,5,9,Yes,Yes,24.261278,0
29,2032,No,3,11,No,No,31.844429,0
23,2035,No,2,9,Yes,Yes,19.548519,0
39,2040,Yes,6,9,Yes,Yes,26.903772,2036
33,2039,Yes,3,8,Yes,Yes,24.641172,2038
26,2035,No,4,9,No,No,24.975693,0
8,2039,No,4,11,No,No,27.006359,0
17,2039,No,6,9,No,Yes,24.80554,0
40,2033,No,4,9,Yes,Yes,24.847191,2036
24,2033,No,5,17,No,Yes,33.450554,0
17,2038,No,6,9,No,Yes,18.876266,0
12,2034,No,5,9,No,No,25.927021,0
33,2040,Yes,3,9,Yes,No,30.915426,2038
1,2032,No,6,9,Yes,Yes,21.586269,2034
28,2037,No,3,19,Yes,No,30.611879,0
31,2035,No,3,10,No,No,23.755911,2038
15,2032,No,5,15,Yes,Yes,22.231806,0
7,2033,No,5,9,No,Yes,17.998751,0
2,2036,Yes,6,8,Yes,Yes,17.026909,2034
17,2038,No,6,7,Yes,Yes,29.344395,0
22,2035,No,5,13,Yes,Yes,32.6777,0
15,2034,No,5,9,Yes,No,30.336672,0
8,2039,No,4,9,No,No,19.560875,0
20,2035,No,4,19,No,Yes,31.472343,0
15,2039,No,5,8,Yes,Yes,33.209236,0
30,2032,No,6,11,No,No,18.27199,0
21,2036,No,4,9,Yes,No,34.512356,0
30,2040,No,6,15,No,Yes,33.313797,0
35,2032,No,3,10,No,No,30.849628,2038
29,2037,No,3,7,No,Yes,30.380783,0
24,2033,No,5,12,Yes,Yes,19.631062,0
4,2038,No,5,7,No,No,30.886446,0
22,2032,No,5,9,Yes,No,33.301628,0
31,2036,No,3,9,Yes,Yes,17.77179,2038
40,2033,No,4,9,No,Yes,29.970892,2036
24,2039,No,5,9,No,Yes,23.176598,0
40,2033,No,4,9,No,No,33.479355,2036
10,2033,No,6,9,Yes,Yes,27.189781,0
23,2034,No,2,11,Yes,No,34.798313,0
16,2040,No,3,11,No,Yes,27.190397,0
37,2035,No,6,12,Yes,Yes,25.621527,2036
9,2032,No,3,7,No,No,26.674641,0
12,2034,No,5,8,Yes,Yes,31.749401,0
19,2034,No,5,9,No,Yes,22.759981,0
2,2035,Yes,6,12,No,No,30.634628,2034
30,2035,No,6,11,No,No,30.22632,0
15,2035,No,5,8,Yes,Yes,27.63636,0
34,2034,No,3,8,No,Yes,18.171852,2038
27,2033,No,6,13,Yes,Yes,21.732183,0
16,2037,No,3,18,No,Yes,24.062643,0
8,2039,No,4,10,No,No,34.422028,0
13,2032,No,3,9,Yes,No,35.515854,0
32,2035,No,3,10,No,No,31.975338,2038
31,2038,Yes,3,9,No,Yes,27.615957,2038
16,2038,No,3,8,Yes,Yes,24.532101,0
17,2034,No,6,8,Yes,Yes,32.347374,0
37,2033,No,6,11,No,No,27.562826,2036
23,2040,No,2,9,Yes,No,21.316357,0
14,2037,No,5,9,Yes,Yes,19.418083,0
31,2038,Yes,3,7,No,No,21.093782,2038
31,2037,No,3,19,Yes,Yes,31.806473,2038
28,2040,No,3,9,Yes,Yes,30.88097,0
37,2034,No,6,9,Yes,No,27.137602,2036
26,2034,No,4,14,Yes,Yes,24.114187,0
12,2034,No,5,11,Yes,No,27.744127,0
10,2040,No,6,9,Yes,Yes,28.15934,0
20,2040,No,4,7,No,No,30.302416,0
39,2034,No,6,9,Yes,Yes,23.453394,2036
22,2040,No,5,0,Yes,Yes,21.678638,0
8,2033,No,4,7,No,Yes,20.112465,0
33,2036,No,3,9,No,Yes,24.929203,2038
3,2037,Yes,5,10,Yes,Yes,25.536726,2034
19,2035,No,5,12,Yes,No,29.770012,0
31,2035,No,3,10,No,Yes,32.211914,2038
36,2036,Yes,3,14,Yes,Yes,26.34156,2036
32,2035,No,3,9,Yes,Yes,19.91806,2038
4,2040,No,5,14,No,Yes,25.504869,0
35,2035,No,3,10,Yes,No,25.915781,2038
39,2032,No,6,7,Yes,Yes,29.374603,2036
36,2037,Yes,3,10,No,No,15.45348,2036
18,2036,No,5,11,No,Yes,29.672699,0
7,2033,No,5,0,No,No,17.482784,0
10,2036,No,6,16,Yes,Yes,23.382425,0
7,2034,No,5,8,Yes,Yes,30.520477,0
33,2032,No,3,7,Yes,Yes,33.934677,2038
15,2033,No,5,10,Yes,Yes,25.194407,0
10,2036,No,6,9,No,Yes,19.4799,0
1,2039,Yes,6,8,Yes,Yes,17.04044,2034
19,2033,No,5,9,No,Yes,29.791899,0
18,2040,No,5,9,Yes,No,20.578999,0
29,2036,No,3,8,No,No,25.429316,0
22,2040,No,5,9,Yes,Yes,25.838932,0
28,2036,No,3,8,No,Yes,13.761441,0
26,2035,No,4,13,Yes,Yes,22.82966,0
24,2034,No,5,9,Yes,Yes,33.453579,0
13,2038,No,3,16,Yes,No,21.962433,0
12,2038,No,5,8,No,No,26.674314,0
1,2036,Yes,6,11,No,No,23.67522,2034
23,2035,No,2,9,No,Yes,19.105537,0
24,2035,No,5,9,No,Yes,24.388706,0
21,2038,No,4,9,No,No,30.460947,0
36,2033,No,3,11,No,No,26.197878,2036
16,2035,No,3,9,Yes,No,28.595476,0
9,2032,No,3,12,Yes,Yes,33.886345,0
37,2034,No,6,9,Yes,Yes,33.513058,2036
33,2036,No,3,14,No,No,31.964115,2038
33,2035,No,3,8,No,Yes,31.609346,2038
5,2032,No,4,11,No,Yes,26.381769,0
40,2038,Yes,4,8,No,Yes,22.557573,2036
17,2033,No,6,11,No,Yes,21.079004,0
30,2034,No,6,7,Yes,No,30.209023,0
16,2034,No,3,19,No,Yes,16.896585,0
1,2032,No,6,10,Yes,Yes,21.606806,2034
27,2035,No,6,11,No,Yes,28.041288,0
11,2032,No,7,8,Yes,Yes,22.471754,0
11,2035,No,7,9,Yes,No,27.56111,0
35,2040,Yes,3,10,Yes,Yes,26.133537,2038
31,2038,Yes,3,9,Yes,No,22.195877,2038
16,2039,No,3,9,Yes,No,29.446531,0
39,2034,No,6,9,Yes,Yes,32.065853,2036
9,2040,No,3,11,Yes,No,20.217194,0
14,2040,No,5,10,Yes,Yes,31.132454,0
24,2035,No,5,9,No,Yes,26.071617,0
22,2037,No,5,9,Yes,No,31.81217,0
13,2037,No,3,7,Yes,Yes,28.683681,0
23,2037,No,2,9,No,No,28.85951,0
34,2038,Yes,3,11,No,Yes,27.20232,2038
25,2035,No,5,15,No,Yes,21.501488,0
10,2033,No,6,9,No,Yes,21.492229,0
28,2037,No,3,0,No,No,28.342016,0
26,2035,No,4,11,No,Yes,19.575369,0
11,2037,No,7,8,Yes,Yes,27.46034,0
36,2039,Yes,3,7,Yes,Yes,20.95104,2036
15,2038,No,5,10,Yes,Yes,25.266153,0
4,2037,No,5,9,Yes,No,22.87726,0
26,2032,No,4,12,Yes,No,28.909794,0
33,2035,No,3,9,Yes,No,26.423046,2038
38,2038,Yes,7,10,Yes,Yes,25.470877,2036
29,2033,No,3,10,No,No,27.826744,0
34,2032,No,3,9,Yes,Yes,18.533581,2038
34,2033,No,3,9,Yes,No,33.629318,2038
33,2035,No,3,9,No,No,28.445496,2038
11,2039,No,7,12,Yes,Yes,28.927095,0
1,2037,Yes,6,10,Yes,No,21.077862,2034
5,2040,No,4,9,Yes,No,33.894165,0
10,2040,No,6,9,No,No,29.855745,0
29,2036,No,3,13,Yes,No,27.560795,0
29,2039,No,3,9,Yes,Yes,20.060127,0
4,2039,No,5,10,No,Yes,23.833933,0
27,2036,No,6,8,Yes,No,31.619019,0
23,2040,No,2,8,Yes,Yes,23.998457,0
14,2037,No,5,8,No,No,25.084162,0
11,2039,No,7,12,No,Yes,20.304928,0
2,2040,Yes,6,3,Yes,Yes,22.934893,2034
13,2036,No,3,12,No,Yes,27.133804,0
37,2038,Yes,6,10,No,No,26.00106,2036
17,2038,No,6,12,No,Yes,24.765421,0
25,2040,No,5,9,Yes,Yes,33.193195,0
16,2040,No,3,9,No,Yes,18.822344,0
37,2033,No,6,9,Yes,Yes,30.617222,2036
37,2036,Yes,6,9,No,Yes,15.460363,2036
29,2032,No,3,14,Yes,No,19.888571,0
33,2035,No,3,10,Yes,Yes,22.042727,2038
34,2032,No,3,11,Yes,Yes,24.700165,2038
38,2034,No,7,18,No,Yes,18.485943,2036
12,2037,No,5,12,No,Yes,24.569231,0
37,2040,Yes,6,12,No,Yes,28.020185,2036
31,2038,Yes,3,12,Yes,Yes,15.199951,2038
4,2036,No,5,9,Yes,Yes,26.280672,0
11,2036,No,7,9,Yes,Yes,25.081276,0
14,2040,No,5,18,No,Yes,34.047478,0
9,2036,No,3,9,No,Yes,29.225157,0
34,2033,No,3,14,Yes,Yes,18.997356,2038
8,2038,No,4,12,No,Yes,21.346806,0
19,2032,No,5,11,No,No,26.313858,0
13,2039,No,3,9,Yes,Yes,30.306549,0
26,2039,No,4,9,No,Yes,20.740456,0
30,2040,No,6,12,Yes,No,15.553043,0
11,2038,No,7,8,Yes,No,33.672516,0
19,2039,No,5,9,Yes,No,24.24861,0
31,2035,No,3,9,No,No,32.376991,2038
11,2038,No,7,9,Yes,No,29.571783,0
32,2033,No,3,10,No,No,27.448439,2038
17,2032,No,6,9,Yes,No,28.943258,0
7,2032,No,5,12,Yes,Yes,27.360317,0
26,2037,No,4,10,No,Yes,20.075642,0
3,2034,Yes,5,9,Yes,Yes,26.486807,2034
36,2038,Yes,3,10,Yes,Yes,24.06962,2036
10,2037,No,6,7,Yes,No,31.286798,0
40,2039,Yes,4,15,No,Yes,29.435108,2036
15,2035,No,5,9,No,Yes,30.184181,0
7,2034,No,5,9,Yes,Yes,26.070063,0
16,2039,No,3,10,No,No,25.187071,0
5,2037,No,4,11,No,No,31.790363,0
26,2039,No,4,10,Yes,Yes,16.21937,0
19,2033,No,5,9,No,Yes,28.234705,0
6,2039,No,6,9,No,No,20.273809,0
13,2037,No,3,9,Yes,No,31.231873,0
1,2039,Yes,6,8,No,Yes,16.113163,2034
22,2039,No,5,19,No,No,19.358315,0
28,2040,No,3,19,No,No,29.680716,0
21,2033,No,4,9,Yes,Yes,27.426762,0
25,2036,No,5,9,Yes,Yes,20.042627,0
15,2032,No,5,12,Yes,Yes,24.390968,0
8,2039,No,4,9,Yes,Yes,31.413424,0
11,2040,No,7,9,No,Yes,23.902222,0
18,2038,No,5,9,Yes,Yes,25.467453,0
5,2040,No,4,10,Yes,No,25.427362,0
8,2038,No,4,8,No,Yes,29.858221,0
21,2035,No,4,14,No,No,24.147711,0
21,2037,No,4,9,Yes,Yes,29.558846,0
12,2038,No,5,9,No,Yes,23.747675,0
4,2037,No,5,9,No,Yes,34.380898,0
18,2039,No,5,9,No,No,22.147453,0
1,2039,Yes,6,9,No,Yes,29.897436,2034
18,2033,No,5,7,Yes,No,28.629129,0
23,2033,No,2,9,No,No,25.175655,0
4,2037,No,5,10,No,No,28.090208,0
26,2040,No,4,12,No,No,30.36779,0
12,2039,No,5,8,Yes,No,24.142496,0
1,2039,Yes,6,9,No,Yes,25.707674,2034
26,2035,No,4,9,No,No,32.04705,0
33,2038,Yes,3,9,Yes,No,31.519138,2038
24,2038,No,5,10,No,No,31.844503,0
14,2040,No,5,9,Yes,Yes,31.010757,0
7,2032,No,5,10,Yes,Yes,27.37339,0
19,2035,No,5,9,Yes,No,18.511778,0
34,2033,No,3,9,No,Yes,23.340092,2038
4,2036,No,5,13,Yes,Yes,31.209349,0
39,2036,Yes,6,9,No,Yes,23.891058,2036
15,2033,No,5,11,Yes,Yes,25.64904,0
20,2037,No,4,9,Yes,Yes,22.262875,0
15,2040,No,5,9,No,Yes,25.642574,0
14,2035,No,5,12,Yes,Yes,34.446983,0
13,2034,No,3,7,No,Yes,27.741974,0
38,2035,No,7,9,No,No,23.820507,2036
2,2036,Yes,6,9,No,No,30.407045,2034
15,2037,No,5,9,No,Yes,27.781216,0
38,2039,Yes,7,9,No,Yes,31.825117,2036
9,2039,No,3,9,Yes,No,34.467747,0
7,2037,No,5,10,Yes,Yes,28.061487,0
31,2039,Yes,3,9,No,Yes,23.668282,2038
16,2032,No,3,9,Yes,Yes,25.261772,0
32,2038,Yes,3,9,No,Yes,20.3351,2038
9,2035,No,3,8,Yes,Yes,31.60096,0
34,2038,Yes,3,10,No,Yes,19.342999,2038
5,2032,No,4,8,No,Yes,29.224501,0
33,2036,No,3,12,Yes,No,21.626663,2038
33,2034,No,3,9,No,Yes,30.089211,2038
4,2038,No,5,10,Yes,Yes,31.304222,0
29,2039,No,3,9,No,Yes,27.55747,0
7,2032,No,5,7,No,Yes,28.818411,0
39,2039,Yes,6,9,Yes,Yes,29.281704,2036
33,2032,No,3,11,Yes,Yes,24.879135,2038
29,2034,No,3,13,No,Yes,19.740822,0
34,2034,No,3,8,No,Yes,21.841579,2038
39,2038,Yes,6,9,No,Yes,22.652412,2036
18,2035,No,5,7,Yes,Yes,27.361431,0
21,2039,No,4,10,No,No,32.30983,0
14,2032,No,5,9,Yes,Yes,24.70458,0
17,2040,No,6,9,Yes,No,31.270058,0
21,2035,No,4,9,Yes,No,33.529518,0
11,2032,No,7,11,No,Yes,21.628632,0
18,2037,No,5,9,Yes,Yes,34.974117,0
25,2040,No,5,9,Yes,No,31.268364,0
23,2033,No,2,11,Yes,Yes,15.978718,0
6,2035,No,6,9,Yes,Yes,19.790154,0
3,2036,Yes,5,9,No,No,20.543602,2034
6,2040,No,6,17,Yes,Yes,27.818384,0
8,2039,No,4,8,Yes,Yes,25.732395,0
13,2039,No,3,12,Yes,Yes,33.239513,0
23,2034,No,2,8,No,Yes,18.422277,0
5,2034,No,4,9,Yes,Yes,22.352743,0
38,2040,Yes,7,11,Yes,Yes,25.194616,2036
35,2039,Yes,3,12,Yes,Yes,32.528751,2038
21,2035,No,4,9,No,No,27.911205,0
13,2034,No,3,9,No,Yes,24.591097,0
7,2032,No,5,9,Yes,Yes,20.392878,0
20,2035,No,4,11,Yes,No,22.264799,0
16,2040,No,3,10,No,Yes,26.962463,0
36,2038,Yes,3,12,Yes,Yes,28.708036,2036
40,2039,Yes,4,10,Yes,Yes,25.501093,2036
24,2033,No,5,9,Yes,Yes,24.243725,0
36,2039,Yes,3,11,Yes,No,20.039043,2036
24,2034,No,5,9,Yes,Yes,36.272602,0
22,2032,No,5,9,Yes,Yes,31.844631,0
21,2032,No,4,9,Yes,No,18.984238,0
25,2036,No,5,11,Yes,No,30.771835,0
30,2032,No,6,9,No,No,30.602793,0
6,2037,No,6,8,No,Yes,33.459148,0
21,2040,No,4,11,No,Yes,26.571856,0
8,2033,No,4,12,No,Yes,21.251936,0
22,2035,No,5,9,No,No,23.801695,0
27,2036,No,6,11,No,No,28.020313,0
8,2033,No,4,9,Yes,No,26.115664,0
30,2035,No,6,9,Yes,Yes,33.477783,0
18,2035,No,5,18,Yes,Yes,25.186819,0
16,2037,No,3,9,No,Yes,29.044727,0
30,2033,No,6,9,No,Yes,23.741453,0
13,2032,No,3,9,No,Yes,24.135281,0
13,2038,No,3,13,No,No,27.172501,0
35,2037,No,3,9,Yes,Yes,31.58264,2038
38,2034,No,7,9,No,No,22.243647,2036
29,2037,No,3,9,No,Yes,24.976889,0
15,2032,No,5,8,No,Yes,25.472473,0
13,2036,No,3,9,No,Yes,18.424673,0
12,2037,No,5,11,No,Yes,31.652739,0
16,2039,No,3,0,Yes,No,19.811483,0
18,2037,No,5,9,Yes,No,31.763172,0
26,2033,No,4,10,No,Yes,29.525454,0
13,2037,No,3,9,No,Yes,18.586895,0
28,2036,No,3,8,Yes,Yes,22.216295,0
4,2040,No,5,12,No,Yes,19.633951,0
36,2032,No,3,9,Yes,Yes,18.177095,2036
26,2033,No,4,0,No,No,32.057529,0
6,2038,No,6,12,Yes,No,23.404707,0
11,2040,No,7,11,Yes,Yes,20.144291,0
34,2032,No,3,9,No,No,31.575741,2038
13,2035,No,3,19,No,No,22.296921,0
5,2037,No,4,9,Yes,No,25.772198,0
2,2036,Yes,6,7,Yes,Yes,18.044689,2034
26,2032,No,4,9,No,Yes,20.478579,0
20,2036,No,4,8,Yes,Yes,25.758322,0
19,2037,No,5,9,Yes,No,32.984966,0
22,2040,No,5,11,Yes,Yes,26.396057,0
30,2039,No,6,11,No,Yes,32.018208,0
26,2037,No,4,17,No,No,21.896215,0
36,2036,Yes,3,9,Yes,Yes,22.101421,2036
5,2036,No,4,11,Yes,Yes,26.807856,0
12,2036,No,5,9,No,No,25.908817,0
29,2033,No,3,12,Yes,Yes,32.861233,0
26,2033,No,4,9,Yes,Yes,24.898645,0
5,2035,No,4,9,No,No,28.195915,0
9,2040,No,3,9,Yes,Yes,25.292967,0
29,2035,No,3,12,Yes,Yes,35.505634,0
22,2032,No,5,9,Yes,Yes,30.559288,0
10,2032,No,6,9,Yes,Yes,26.109846,0
16,2032,No,3,10,No,Yes,29.04591,0
4,2040,No,5,11,No,Yes,20.166735,0
35,2032,No,3,10,Yes,No,25.177624,2038
26,2035,No,4,13,Yes,Yes,20.372087,0
15,2034,No,5,10,Yes,No,22.756374,0
38,2033,No,7,16,Yes,Yes,32.784428,2036
25,2036,No,5,11,No,Yes,23.565441,0
30,2036,No,6,19,No,Yes,27.53933,0
23,2036,No,2,10,No,Yes,32.942497,0
18,2037,No,5,10,No,Yes,31.131956,0
28,2039,No,3,8,Yes,Yes,28.7451,0
24,2036,No,5,9,Yes,Yes,21.141409,0
33,2040,Yes,3,10,Yes,Yes,21.588274,2038
40,2040,Yes,4,12,Yes,Yes,25.371836,2036
18,2038,No,5,11,No,No,26.951515,0
17,2038,No,6,9,No,No,23.749031,0
32,2039,Yes,3,9,No,Yes,27.845518,2038
37,2039,Yes,6,10,Yes,No,23.954695,2036
19,2036,No,5,8,Yes,Yes,18.59803,0
26,2037,No,4,9,Yes,Yes,31.612371,0
24,2035,No,5,9,Yes,No,23.567053,0
39,2039,Yes,6,10,No,Yes,30.539133,2036
37,2032,No,6,12,Yes,No,18.204388,2036
28,2036,No,3,9,No,No,17.621552,0
23,2040,No,2,9,Yes,Yes,19.338211,0
37,2032,No,6,10,Yes,No,35.106937,2036
29,2039,No,3,11,Yes,Yes,17.390488,0
32,2038,Yes,3,11,No,Yes,28.602541,2038
37,2036,Yes,6,9,Yes,No,24.07168,2036
34,2034,No,3,9,Yes,Yes,23.10976,2038
35,2033,No,3,9,Yes,Yes,35.267532,2038
28,2035,No,3,14,Yes,Yes,22.2691,0
5,2036,No,4,9,Yes,Yes,33.352287,0
30,2033,No,6,9,Yes,No,22.608166,0
2,2038,Yes,6,9,Yes,No,27.07971,2034
18,2037,No,5,10,Yes,Yes,35.047504,0
16,2036,No,3,11,Yes,Yes,30.347355,0
14,2034,No,5,9,Yes,No,26.131536,0
34,2037,No,3,12,Yes,Yes,31.743931,2038
25,2034,No,5,9,Yes,No,26.75388,0
1,2036,Yes,6,9,No,Yes,25.172634,2034
15,2037,No,5,11,No,Yes,26.262207,0
30,2039,No,6,13,Yes,No,29.84671,0
39,2032,No,6,12,Yes,Yes,18.806896,2036
25,2040,No,5,14,No,Yes,27.204311,0
32,2040,Yes,3,15,Yes,No,27.522537,2038
25,2032,No,5,9,Yes,Yes,30.367382,0
10,2037,No,6,10,Yes,Yes,31.820488,0
36,2036,Yes,3,8,Yes,No,28.801483,2036
23,2037,No,2,15,Yes,No,29.860428,0
11,2035,No,7,9,No,Yes,19.962368,0
14,2037,No,5,11,Yes,No,22.094759,0
36,2036,Yes,3,9,Yes,Yes,26.190525,2036
5,2037,No,4,10,Yes,Yes,25.111483,0
31,2036,No,3,11,No,No,27.74658,2038
37,2040,Yes,6,8,Yes,No,30.810408,2036
36,2034,No,3,9,No,Yes,31.587231,2036
9,2033,No,3,12,Yes,No,31.909817,0
30,2033,No,6,9,No,Yes,19.161873,0
33,2034,No,3,9,Yes,Yes,27.935028,2038
27,2034,No,6,8,No,Yes,19.798431,0
33,2033,No,3,10,No,Yes,16.688965,2038
13,2040,No,3,13,Yes,No,30.218924,0
24,2034,No,5,9,No,No,24.870882,0
27,2037,No,6,9,No,No,18.112913,0
23,2033,No,2,10,No,Yes,22.460567,0
25,2036,No,5,9,Yes,No,26.549219,0
3,2035,Yes,5,13,No,Yes,21.678335,2034
10,2036,No,6,19,No,Yes,26.765795,0
27,2036,No,6,9,Yes,No,22.852089,0
12,2033,No,5,12,No,Yes,24.811455,0
15,2037,No,5,9,No,No,34.476177,0
25,2032,No,5,9,No,Yes,25.429676,0
26,2032,No,4,10,Yes,No,30.178671,0
23,2033,No,2,13,Yes,Yes,29.87533,0
14,2036,No,5,9,Yes,No,23.037928,0
5,2037,No,4,12,No,Yes,29.867973,0
32,2032,No,3,10,No,Yes,35.154037,2038
25,2035,No,5,9,No,No,21.846447,0
12,2038,No,5,9,Yes,No,20.323755,0
32,2038,Yes,3,9,Yes,Yes,23.642233,2038
31,2032,No,3,9,No,No,26.125,2038
39,2032,No,6,9,Yes,No,18.86758,2036
13,2040,No,3,10,No,Yes,21.710505,0
12,2040,No,5,7,Yes,Yes,29.913652,0
25,2033,No,5,14,No,No,30.106314,0
24,2039,No,5,9,No,Yes,20.016773,0
2,2033,No,6,14,No,Yes,32.847187,2034
8,2036,No,4,11,No,Yes,16.110682,0
6,2034,No,6,11,No,No,28.243628,0
38,2035,No,7,9,No,No,28.738686,2036
14,2032,No,5,8,No,Yes,25.322107,0
14,2033,No,5,10,No,Yes,30.446093,0
6,2036,No,6,9,No,Yes,24.654282,0
4,2039,No,5,9,No,No,19.022442,0
7,2032,No,5,10,Yes,Yes,31.207495,0
7,2040,No,5,13,Yes,No,35.991966,0
13,2034,No,3,9,Yes,Yes,19.739126,0
30,2035,No,6,13,No,No,30.034592,0
40,2037,Yes,4,15,Yes,No,24.584993,2036
29,2036,No,3,0,No,Yes,21.959793,0
23,2034,No,2,9,Yes,Yes,33.112202,0
10,2036,No,6,9,No,No,17.069822,0
21,2036,No,4,8,No,Yes,16.945841,0
28,2036,No,3,9,Yes,Yes,31.706036,0
5,2033,No,4,9,No,No,25.975365,0
3,2032,No,5,17,No,Yes,31.742559,2034
38,2036,Yes,7,9,Yes,No,19.379532,2036
37,2036,Yes,6,11,No,Yes,19.812504,2036
18,2039,No,5,19,No,Yes,27.090353,0
16,2032,No,3,9,No,Yes,23.841944,0
12,2035,No,5,10,No,Yes,21.764923,0
4,2034,No,5,11,Yes,Yes,20.915342,0
40,2039,Yes,4,9,Yes,No,21.248425,2036
34,2036,No,3,9,No,Yes,19.00057,2038
23,2034,No,2,10,Yes,Yes,27.327265,0
30,2032,No,6,13,No,Yes,27.480228,0
12,2035,No,5,8,Yes,No,24.03471,0
13,2039,No,3,9,Yes,Yes,24.846344,0
30,2034,No,6,18,Yes,No,25.728376,0
18,2039,No,5,9,Yes,Yes,20.256975,0
8,2035,No,4,10,Yes,No,28.785461,0
39,2035,No,6,9,No,Yes,23.166817,2036
1,2032,No,6,8,No,No,32.772987,2034
33,2040,Yes,3,9,Yes,Yes,23.057018,2038
9,2036,No,3,8,No,Yes,19.117859,0
16,2032,No,3,13,Yes,Yes,20.728252,0
16,2035,No,3,9,Yes,No,28.336979,0
38,2040,Yes,7,9,No,Yes,16.331366,2036
24,2035,No,5,9,Yes,Yes,25.977451,0
13,2037,No,3,9,No,Yes,30.459789,0
33,2038,Yes,3,8,No,Yes,16.476236,2038
31,2039,Yes,3,9,Yes,Yes,25.499769,2038
29,2039,No,3,13,Yes,Yes,23.080669,0
40,2035,No,4,9,Yes,No,28.477001,2036
21,2039,No,4,8,No,No,32.434109,0
1,2039,Yes,6,14,Yes,Yes,22.919947,2034
27,2040,No,6,8,No,Yes,27.898874,0
32,2033,No,3,7,No,Yes,29.584198,2038
5,2036,No,4,9,No,Yes,22.712568,0
16,2034,No,3,11,Yes,Yes,27.420549,0
39,2037,Yes,6,17,No,No,31.199913,2036
28,2034,No,3,9,Yes,Yes,22.130939,0
39,2033,No,6,9,No,Yes,26.626024,2036
38,2035,No,7,9,No,Yes,29.677023,2036
11,2035,No,7,9,Yes,Yes,21.84878,0
22,2033,No,5,10,Yes,Yes,21.404093,0
14,2034,No,5,13,Yes,Yes,30.908234,0
8,2032,No,4,9,Yes,Yes,28.636143,0
22,2032,No,5,17,Yes,No,25.748606,0
10,2039,No,6,9,No,No,17.947607,0
16,2038,No,3,9,No,Yes,24.202261,0
3,2032,No,5,8,No,Yes,28.234657,2034
34,2036,No,3,9,No,Yes,32.197083,2038
22,2032,No,5,11,Yes,Yes,23.90818,0
32,2040,Yes,3,9,No,Yes,30.398348,2038
32,2034,No,3,8,Yes,No,25.99839,2038
28,2037,No,3,0,Yes,Yes,30.774342,0
37,2038,Yes,6,7,Yes,No,28.415192,2036
22,2036,No,5,12,No,No,17.565123,0
23,2039,No,2,14,Yes,No,28.707891,0
33,2036,No,3,0,Yes,Yes,18.101273,2038
40,2035,No,4,16,No,Yes,15.099833,2036
21,2039,No,4,9,Yes,No,32.274654,0
40,2039,Yes,4,9,No,No,28.681543,2036
3,2036,Yes,5,9,Yes,Yes,23.553064,2034
1,2037,Yes,6,9,Yes,Yes,29.3867,2034
35,2032,No,3,10,No,Yes,24.759148,2038
26,2035,No,4,17,Yes,Yes,27.13126,0
18,2038,No,5,7,No,Yes,24.751347,0
19,2035,No,5,13,No,Yes,21.617428,0
37,2033,No,6,13,Yes,Yes,37.333782,2036
13,2032,No,3,9,Yes,No,16.525032,0
5,2035,No,4,10,No,No,22.099934,0
6,2034,No,6,11,Yes,No,19.474173,0
22,2036,No,5,16,Yes,No,29.693817,0
37,2034,No,6,0,No,Yes,25.230286,2036
32,2034,No,3,11,No,Yes,24.807814,2038
33,2032,No,3,9,Yes,Yes,23.955498,2038
18,2038,No,5,10,No,Yes,24.137377,0
3,2033,No,5,17,Yes,Yes,28.624847,2034
4,2035,No,5,10,No,Yes,29.462997,0
36,2032,No,3,9,Yes,Yes,21.144066,2036
20,2035,No,4,9,No,Yes,34.902782,0
7,2039,No,5,11,No,Yes,28.166918,0
5,2038,No,4,8,No,Yes,23.7579,0
9,2037,No,3,11,No,Yes,25.466574,0
28,2032,No,3,9,Yes,Yes,31.55172,0
29,2035,No,3,9,No,No,33.21743,0
2,2033,No,6,10,No,Yes,29.48402,2034
10,2039,No,6,9,No,No,29.775038,0
12,2036,No,5,9,No,Yes,23.322033,0
19,2032,No,5,10,Yes,Yes,24.264627,0
17,2032,No,6,13,No,Yes,22.002563,0
5,2033,No,4,11,Yes,Yes,27.873079,0
23,2039,No,2,10,No,Yes,22.370462,0
35,2038,Yes,3,10,No,No,24.792852,2038
37,2038,Yes,6,9,Yes,Yes,29.175905,2036
21,2040,No,4,9,No,Yes,19.61944,0
2,2032,No,6,12,No,Yes,27.763321,2034
20,2035,No,4,9,No,Yes,31.823462,0
37,2040,Yes,6,9,Yes,No,29.176542,2036
39,2039,Yes,6,11,No,Yes,27.66502,2036
34,2038,Yes,3,9,Yes,Yes,22.069662,2038
17,2037,No,6,9,Yes,Yes,31.43173,0
37,2032,No,6,11,Yes,Yes,24.78874,2036
19,2039,No,5,9,Yes,Yes,30.099499,0
34,2037,No,3,10,Yes,No,25.106714,2038
29,2038,No,3,10,No,Yes,28.648548,0
26,2039,No,4,12,No,No,25.711292,0
3,2040,Yes,5,9,No,Yes,28.523428,2034
21,2035,No,4,12,Yes,Yes,26.600382,0
12,2034,No,5,13,Yes,Yes,20.190908,0
34,2036,No,3,8,Yes,Yes,36.467316,2038
7,2034,No,5,9,No,Yes,24.059956,0
3,2034,Yes,5,11,Yes,No,23.496416,2034
31,2032,No,3,0,No,Yes,26.129379,2038
3,2038,Yes,5,12,No,Yes,28.673315,2034
19,2033,No,5,9,No,No,21.45866,0
30,2039,No,6,8,Yes,No,21.967438,0
28,2035,No,3,9,No,Yes,28.563059,0
25,2034,No,5,9,No,Yes,31.178278,0
1,2032,No,6,10,No,Yes,22.507494,2034
7,2035,No,5,9,No,Yes,24.460876,0
39,2032,No,6,14,Yes,Yes,24.677208,2036
36,2032,No,3,9,Yes,Yes,23.265358,2036
23,2033,No,2,8,No,No,35.028645,0
39,2038,Yes,6,10,Yes,No,29.070866,2036
33,2036,No,3,14,Yes,Yes,23.898664,2038
31,2038,Yes,3,9,No,Yes,21.751251,2038
32,2040,Yes,3,9,Yes,No,29.853241,2038
11,2037,No,7,11,No,Yes,26.476189,0
5,2040,No,4,9,Yes,Yes,30.37232,0
21,2032,No,4,9,No,Yes,25.221382,0
14,2034,No,5,9,Yes,No,24.684204,0
36,2032,No,3,11,No,Yes,17.369692,2036
36,2034,No,3,8,No,Yes,19.167442,2036
19,2035,No,5,11,No,Yes,30.225157,0
5,2037,No,4,9,Yes,Yes,27.115776,0
12,2039,No,5,8,No,Yes,29.514597,0
34,2040,Yes,3,9,Yes,Yes,24.46368,2038
25,2036,No,5,13,Yes,Yes,21.741905,0
9,2033,No,3,18,Yes,Yes,23.968819,0
34,2038,Yes,3,9,No,No,23.211885,2038
3,2037,Yes,5,10,No,Yes,23.547974,2034
4,2040,No,5,11,Yes,No,25.219566,0
28,2034,No,3,9,Yes,No,27.579449,0
26,2037,No,4,12,No,No,30.905262,0
36,2034,No,3,12,No,No,20.359333,2036
37,2038,Yes,6,13,Yes,Yes,15.408484,2036
22,2033,No,5,7,No,No,22.816561,0
5,2037,No,4,8,Yes,Yes,35.279007,0
38,2032,No,7,0,No,Yes,29.250498,2036
9,2038,No,3,9,No,Yes,17.28973,0
28,2038,No,3,7,Yes,No,34.12957,0
10,2034,No,6,9,No,Yes,21.930058,0
16,2039,No,3,12,No,No,28.972519,0
25,2035,No,5,11,Yes,Yes,26.668434,0
25,2034,No,5,19,No,No,30.460785,0
34,2038,Yes,3,11,No,Yes,18.855833,2038
26,2033,No,4,9,Yes,Yes,23.852667,0
17,2037,No,6,9,No,Yes,28.163624,0
24,2040,No,5,7,Yes,No,29.920212,0
40,2033,No,4,8,Yes,Yes,27.625198,2036
15,2034,No,5,14,No,Yes,22.116936,0
21,2033,No,4,0,No,Yes,18.20566,0
11,2036,No,7,12,Yes,Yes,32.123878,0
14,2037,No,5,9,No,Yes,16.466003,0
29,2039,No,3,8,Yes,Yes,30.08536,0
25,2034,No,5,7,No,No,27.547277,0
7,2032,No,5,9,No,Yes,24.207136,0
27,2034,No,6,9,No,Yes,26.398798,0
11,2032,No,7,9,No,Yes,31.435541,0
27,2037,No,6,8,No,Yes,26.028563,0
15,2037,No,5,10,Yes,No,16.887306,0
21,2040,No,4,10,No,Yes,30.843775,0
17,2034,No,6,8,No,Yes,32.42688,0
34,2039,Yes,3,9,Yes,No,28.576248,2038
6,2032,No,6,9,Yes,Yes,19.402576,0
17,2034,No,6,9,No,Yes,24.946451,0
13,2040,No,3,12,Yes,Yes,28.165499,0
13,2037,No,3,10,No,Yes,23.731499,0
5,2036,No,4,10,No,Yes,18.733175,0
25,2039,No,5,15,No,Yes,23.813326,0
28,2033,No,3,9,No,Yes,19.022041,0
23,2032,No,2,9,Yes,Yes,23.256557,0
1,2034,Yes,6,12,Yes,No,29.745914,2034
17,2038,No,6,11,No,No,28.763266,0
30,2038,No,6,11,No,Yes,30.357477,0
4,2038,No,5,11,No,Yes,18.3286,0
29,2032,No,3,13,Yes,Yes,22.788288,0
9,2035,No,3,11,No,Yes,25.526903,0
7,2033,No,5,9,No,Yes,21.562803,0
6,2033,No,6,9,Yes,No,26.549509,0
16,2038,No,3,8,Yes,Yes,22.917305,0
34,2035,No,3,9,No,Yes,29.58049,2038
24,2039,No,5,8,No,Yes,30.864265,0
22,2033,No,5,7,Yes,No,32.081104,0
19,2037,No,5,13,Yes,Yes,27.99699,0
39,2036,Yes,6,13,Yes,No,31.012827,2036
30,2040,No,6,9,Yes,No,21.639107,0
37,2033,No,6,0,No,Yes,24.398798,2036
15,2034,No,5,12,Yes,Yes,29.132074,0
26,2035,No,4,8,Yes,Yes,26.794529,0
8,2040,No,4,12,Yes,No,30.985783,0
9,2037,No,3,11,Yes,Yes,22.123245,0
13,2035,No,3,10,Yes,Yes,22.963211,0
24,2033,No,5,9,Yes,Yes,26.947201,0
32,2034,No,3,0,Yes,Yes,30.026011,2038
33,2040,Yes,3,7,No,Yes,29.519648,2038
40,2036,Yes,4,10,No,Yes,20.776838,2036
22,2033,No,5,9,No,Yes,23.446196,0
15,2035,No,5,0,No,Yes,21.94417,0
39,2038,Yes,6,9,No,Yes,28.17977,2036
36,2040,Yes,3,16,No,No,30.848484,2036
39,2032,No,6,9,No,Yes,17.709463,2036
10,2034,No,6,9,Yes,Yes,19.991102,0
32,2039,Yes,3,9,Yes,Yes,33.838043,2038
26,2038,No,4,9,No,Yes,32.427197,0
30,2037,No,6,12,Yes,Yes,28.751438,0
19,2037,No,5,11,Yes,No,22.435396,0
17,2034,No,6,12,No,Yes,25.029526,0
9,2039,No,3,13,No,No,30.654751,0
3,2034,Yes,5,9,Yes,Yes,29.257896,2034
27,2034,No,6,10,Yes,Yes,29.669382,0
21,2038,No,4,18,No,No,25.467674,0
27,2037,No,6,12,Yes,Yes,21.656393,0
30,2040,No,6,12,No,Yes,19.967991,0
2,2040,Yes,6,11,No,Yes,24.822285,2034
12,2035,No,5,9,Yes,Yes,32.674915,0
5,2032,No,4,11,No,Yes,21.473772,0
8,2034,No,4,14,No,Yes,23.504488,0
27,2040,No,6,9,Yes,No,25.409208,0
19,2037,No,5,9,No,No,20.578909,0
31,2034,No,3,14,Yes,Yes,32.148117,2038
1,2036,Yes,6,11,Yes,Yes,15.950314,2034
7,2039,No,5,10,No,Yes,26.767626,0
21,2039,No,4,9,Yes,Yes,18.006092,0
6,2039,No,6,10,Yes,Yes,30.924662,0
33,2040,Yes,3,9,No,Yes,20.900204,2038
33,2033,No,3,8,Yes,Yes,30.850239,2038
4,2038,No,5,10,No,Yes,29.555809,0
36,2037,Yes,3,9,No,No,18.214123,2036
10,2035,No,6,10,Yes,No,20.522964,0
19,2037,No,5,12,No,No,25.371765,0
34,2032,No,3,10,Yes,Yes,34.172646,2038
37,2032,No,6,8,Yes,No,30.790884,2036
36,2032,No,3,9,No,Yes,26.629692,2036
36,2039,Yes,3,10,Yes,Yes,23.421644,2036
29,2040,No,3,19,No,Yes,24.199926,0
14,2035,No,5,9,Yes,No,32.627045,0
28,2036,No,3,9,Yes,Yes,29.079422,0
33,2038,Yes,3,9,No,No,24.366238,2038
3,2036,Yes,5,7,Yes,Yes,28.945038,2034
26,2039,No,4,9,Yes,No,26.980387,0
10,2038,No,6,9,Yes,No,21.521797,0
17,2033,No,6,11,No,Yes,29.289877,0
22,2037,No,5,9,No,Yes,27.123819,0
36,2040,Yes,3,9,Yes,No,20.650257,2036
8,2037,No,4,19,No,Yes,25.024776,0
37,2033,No,6,9,Yes,Yes,28.119118,2036
2,2039,Yes,6,9,No,Yes,25.025005,2034
7,2034,No,5,8,Yes,No,32.261215,0
38,2033,No,7,13,Yes,No,28.50489,2036
20,2034,No,4,12,Yes,No,24.014868,0
19,2032,No,5,19,No,Yes,17.528067,0
16,2038,No,3,11,Yes,Yes,24.397522,0
4,2040,No,5,9,No,Yes,20.404299,0
39,2038,Yes,6,9,No,Yes,17.581841,2036
27,2034,No,6,14,No,Yes,27.12574,0
40,2036,Yes,4,9,Yes,Yes,25.446911,2036
31,2032,No,3,13,Yes,Yes,28.827423,2038
11,2032,No,7,9,No,No,26.237684,0
15,2039,No,5,9,Yes,Yes,18.126762,0
11,2039,No,7,9,No,Yes,33.372341,0
2,2036,Yes,6,19,No,Yes,28.020769,2034
13,2036,No,3,8,No,Yes,20.423248,0
26,2035,No,4,12,Yes,Yes,30.284689,0
6,2039,No,6,8,No,Yes,31.441965,0
12,2036,No,5,9,Yes,Yes,25.260508,0
4,2036,No,5,9,No,Yes,19.277399,0
27,2040,No,6,9,Yes,Yes,33.302284,0
39,2033,No,6,11,No,Yes,16.838726,2036
8,2034,No,4,9,No,No,33.919262,0
1,2040,Yes,6,11,No,No,21.284687,2034
33,2032,No,3,9,Yes,Yes,32.683315,2038
17,2038,No,6,13,Yes,Yes,19.070536,0
16,2033,No,3,9,Yes,No,25.049269,0
2,2035,Yes,6,10,No,Yes,18.668461,2034
31,2039,Yes,3,11,No,No,21.501255,2038
10,2038,No,6,11,Yes,Yes,32.831017,0
11,2040,No,7,2,Yes,No,32.639545,0
15,2038,No,5,11,No,No,35.394867,0
34,2040,Yes,3,7,No,Yes,21.871664,2038
11,2040,No,7,8,Yes,No,29.781303,0
23,2032,No,2,9,No,Yes,21.695936,0
21,2032,No,4,7,No,No,18.907768,0
29,2039,No,3,11,No,No,32.944366,0
40,2039,Yes,4,10,No,Yes,23.63805,2036
4,2036,No,5,8,Yes,Yes,23.729069,0
14,2039,No,5,9,Yes,Yes,20.441916,0
8,2037,No,4,11,Yes,No,33.274574,0
24,2037,No,5,11,No,Yes,19.960131,0
4,2035,No,5,19,No,No,22.673223,0
38,2037,Yes,7,8,No,No,25.052828,2036
16,2035,No,3,11,No,Yes,27.329996,0
33,2039,Yes,3,10,Yes,Yes,25.239902,2038
3,2038,Yes,5,9,Yes,No,21.93318,2034
2,2040,Yes,6,10,No,Yes,19.39954,2034
13,2032,No,3,9,No,No,19.473429,0
27,2040,No,6,7,No,Yes,30.239483,0
24,2040,No,5,9,Yes,Yes,30.886227,0
27,2035,No,6,10,Yes,No,18.867422,0
17,2036,No,6,9,Yes,No,33.457417,0
37,2038,Yes,6,11,No,Yes,20.426788,2036
26,2035,No,4,9,No,Yes,28.165136,0
21,2037,No,4,8,Yes,Yes,27.749018,0
40,2039,Yes,4,9,Yes,No,34.035595,2036
3,2037,Yes,5,9,No,Yes,19.89138,2034
9,2038,No,3,8,Yes,Yes,22.470457,0
28,2036,No,3,11,Yes,Yes,25.474415,0
8,2036,No,4,9,No,No,19.531124,0
26,2040,No,4,13,No,No,27.336618,0
24,2037,No,5,9,No,No,33.005806,0
26,2036,No,4,9,No,Yes,20.662071,0
23,2035,No,2,9,Yes,Yes,32.123901,0
14,2037,No,5,10,Yes,Yes,36.078674,0
2,2039,Yes,6,8,No,Yes,32.449219,2034
10,2038,No,6,11,Yes,No,27.70467,0
22,2040,No,5,14,No,Yes,18.763861,0
16,2032,No,3,10,Yes,No,28.92729,0
5,2040,No,4,10,No,Yes,21.592993,0
26,2032,No,4,9,No,Yes,29.21402,0
13,2036,No,3,11,No,No,24.242872,0
16,2037,No,3,11,No,Yes,30.465261,0
27,2036,No,6,8,No,No,33.507195,0
24,2040,No,5,8,No,Yes,24.477398,0
36,2035,No,3,9,Yes,Yes,28.441296,2036
34,2032,No,3,11,Yes,Yes,22.440563,2038
33,2034,No,3,9,No,Yes,18.975578,2038
32,2035,No,3,9,No,Yes,16.633165,2038
35,2039,Yes,3,13,No,Yes,25.058176,2038
38,2039,Yes,7,16,Yes,No,27.311134,2036
33,2037,No,3,11,No,Yes,29.115112,2038
9,2033,No,3,9,No,Yes,30.262228,0
15,2039,No,5,11,Yes,Yes,27.644039,0
40,2040,Yes,4,9,Yes,Yes,18.842287,2036
40,2034,No,4,8,Yes,Yes,30.989874,2036
38,2040,Yes,7,9,Yes,Yes,26.695524,2036
30,2033,No,6,9,Yes,Yes,27.565187,0
40,2036,Yes,4,9,No,Yes,22.374121,2036
10,2036,No,6,8,Yes,Yes,20.43681,0
15,2037,No,5,11,Yes,Yes,18.95373,0
11,2033,No,7,8,Yes,Yes,26.147163,0
33,2034,No,3,9,No,No,20.79785,2038
40,2039,Yes,4,11,Yes,No,31.180775,2036
37,2039,Yes,6,11,Yes,Yes,27.951452,2036
30,2040,No,6,9,Yes,No,29.022985,0
7,2040,No,5,8,Yes,No,33.41209,0
26,2036,No,4,12,No,Yes,21.41256,0
21,2034,No,4,15,Yes,No,28.800735,0
10,2036,No,6,11,Yes,Yes,24.578159,0
33,2036,No,3,12,No,No,27.174397,2038
30,2038,No,6,9,No,No,21.495499,0
32,2036,No,3,13,No,Yes,19.824339,2038
20,2034,No,4,9,No,Yes,24.273529,0
39,2040,Yes,6,10,No,Yes,20.125805,2036
8,2036,No,4,11,Yes,No,18.960155,0
16,2035,No,3,11,Yes,No,25.596209,0
27,2033,No,6,16,Yes,Yes,29.416162,0
34,2037,No,3,9,No,No,33.288803,2038
37,2033,No,6,9,No,No,27.532459,2036
6,2040,No,6,9,No,Yes,24.741474,0
10,2038,No,6,9,No,Yes,20.441305,0
29,2034,No,3,14,Yes,Yes,21.489658,0
12,2038,No,5,9,No,Yes,18.409773,0
35,2036,No,3,9,Yes,No,31.080536,2038
17,2032,No,6,12,No,No,16.404522,0
20,2034,No,4,14,Yes,No,28.002094,0
2,2040,Yes,6,11,No,Yes,20.696424,2034
11,2033,No,7,9,No,No,28.306093,0
27,2038,No,6,14,Yes,Yes,28.963631,0
25,2035,No,5,9,No,Yes,24.627747,0
12,2036,No,5,11,Yes,Yes,34.493855,0
14,2034,No,5,9,Yes,Yes,29.363548,0
29,2040,No,3,14,Yes,Yes,24.326818,0
15,2038,No,5,9,No,Yes,31.758877,0
23,2035,No,2,10,No,No,24.742577,0
22,2039,No,5,9,No,No,25.40741,0
40,2038,Yes,4,9,Yes,Yes,16.841328,2036
21,2039,No,4,9,No,Yes,27.616497,0
3,2036,Yes,5,9,No,Yes,12.0376,2034
14,2039,No,5,12,Yes,Yes,24.456596,0
30,2038,No,6,8,No,Yes,20.914104,0
29,2040,No,3,9,No,Yes,19.203564,0
27,2032,No,6,12,No,Yes,29.344891,0
8,2032,No,4,8,Yes,Yes,27.418358,0
39,2032,No,6,9,No,No,27.38179,2036
8,2034,No,4,9,No,Yes,29.178677,0
22,2033,No,5,9,Yes,No,21.14683,0
23,2033,No,2,11,Yes,Yes,22.768456,0
18,2033,No,5,9,Yes,Yes,30.27701,0
17,2036,No,6,9,No,No,18.172188,0
38,2034,No,7,16,No,No,24.813757,2036
26,2040,No,4,9,No,Yes,25.846323,0
22,2034,No,5,9,Yes,Yes,25.443211,0
14,2036,No,5,13,Yes,Yes,23.3585,0
34,2035,No,3,8,No,No,28.821562,2038
23,2033,No,2,8,Yes,Yes,19.953783,0
29,2038,No,3,8,Yes,No,31.037161,0
11,2035,No,7,10,No,Yes,25.964663,0
31,2036,No,3,9,Yes,No,26.019142,2038
6,2038,No,6,9,No,No,26.805744,0
7,2037,No,5,9,No,No,17.717768,0
16,2032,No,3,10,Yes,No,28.860113,0
11,2035,No,7,10,No,No,20.465439,0
8,2040,No,4,9,Yes,Yes,25.888771,0
24,2037,No,5,9,No,No,29.553385,0
26,2032,No,4,11,Yes,No,24.224503,0
4,2032,No,5,9,No,Yes,21.746159,0
11,2033,No,7,9,Yes,Yes,29.581873,0
19,2032,No,5,9,No,Yes,25.995298,0
33,2037,No,3,19,No,No,28.845249,2038
7,2035,No,5,7,No,Yes,21.260172,0
10,2040,No,6,14,Yes,Yes,21.583397,0
1,2032,No,6,9,Yes,No,21.815432,2034
10,2040,No,6,11,No,Yes,30.033083,0
26,2034,No,4,9,No,No,27.853956,0
21,2032,No,4,13,Yes,Yes,21.415621,0
18,2039,No,5,13,Yes,No,34.269997,0
36,2034,No,3,9,No,No,21.327578,2036
13,2032,No,3,13,No,No,19.477617,0
15,2037,No,5,7,Yes,Yes,28.024424,0
7,2037,No,5,8,Yes,Yes,29.695351,0
3,2036,Yes,5,7,No,Yes,22.761915,2034
23,2039,No,2,13,No,Yes,24.08032,0
39,2039,Yes,6,10,Yes,No,27.508808,2036
32,2035,No,3,7,Yes,Yes,26.658018,2038
25,2038,No,5,9,Yes,No,23.539186,0
34,2036,No,3,9,Yes,No,27.761461,2038
8,2037,No,4,7,No,Yes,22.034725,0
23,2039,No,2,11,No,Yes,29.629379,0
7,2037,No,5,9,No,No,20.19116,0
22,2033,No,5,8,Yes,No,23.930256,0
16,2033,No,3,13,No,Yes,33.736832,0
9,2038,No,3,9,Yes,Yes,18.82807,0
10,2035,No,6,11,No,Yes,28.073328,0
34,2040,Yes,3,9,Yes,Yes,26.078703,2038
8,2034,No,4,9,No,No,32.492767,0
27,2034,No,6,16,Yes,Yes,26.480423,0
37,2034,No,6,12,No,Yes,18.515228,2036
3,2034,Yes,5,9,Yes,No,28.960045,2034
38,2038,Yes,7,12,No,No,27.933449,2036
21,2032,No,4,9,No,No,13.615817,0
13,2034,No,3,0,No,Yes,20.653198,0
29,2032,No,3,9,No,No,27.558952,0
11,2032,No,7,9,No,No,31.596725,0
17,2035,No,6,9,No,No,34.554836,0
13,2032,No,3,8,No,No,34.457649,0
26,2039,No,4,9,Yes,Yes,25.218527,0
26,2037,No,4,8,Yes,Yes,25.839239,0
32,2039,Yes,3,11,Yes,Yes,23.787607,2038
14,2038,No,5,9,No,Yes,23.932537,0
23,2032,No,2,9,Yes,Yes,19.990265,0
6,2038,No,6,13,Yes,Yes,16.26022,0
10,2039,No,6,9,No,Yes,28.528105,0
31,2039,Yes,3,9,No,Yes,17.168011,2038
20,2039,No,4,13,Yes,Yes,35.481007,0
29,2033,No,3,9,No,Yes,26.937042,0
7,2040,No,5,9,No,Yes,24.333637,0
23,2036,No,2,11,Yes,No,29.705744,0
22,2038,No,5,9,No,Yes,28.364716,0
13,2033,No,3,10,Yes,No,29.472282,0
7,2034,No,5,11,No,Yes,20.000025,0
16,2037,No,3,10,Yes,Yes,19.834145,0
40,2034,No,4,8,No,No,15.833859,2036
7,2035,No,5,12,No,Yes,20.062891,0
11,2036,No,7,9,Yes,Yes,19.874264,0
33,2040,Yes,3,9,No,No,27.093786,2038
34,2035,No,3,9,No,No,31.962606,2038
34,2038,Yes,3,10,No,Yes,13.443087,2038
10,2037,No,6,10,Yes,No,28.679903,0
13,2038,No,3,9,Yes,Yes,26.402208,0
29,2039,No,3,11,No,No,33.719692,0
5,2032,No,4,17,Yes,Yes,24.840954,0
32,2038,Yes,3,9,No,No,26.018394,2038
38,2036,Yes,7,10,Yes,Yes,32.066708,2036
35,2039,Yes,3,9,Yes,No,26.497969,2038
4,2033,No,5,19,Yes,Yes,25.617962,0
39,2037,Yes,6,10,Yes,Yes,28.444593,2036
29,2040,No,3,9,Yes,Yes,33.967319,0
10,2039,No,6,9,Yes,No,22.686401,0
13,2035,No,3,0,No,Yes,17.897337,0
31,2039,Yes,3,8,No,No,25.922068,2038
40,2040,Yes,4,9,No,Yes,18.848085,2036
13,2036,No,3,0,Yes,Yes,27.655033,0
11,2036,No,7,12,No,No,26.923378,0
2,2036,Yes,6,10,Yes,No,27.612066,2034
9,2039,No,3,8,No,No,21.108852,0
38,2037,Yes,7,9,No,Yes,22.375299,2036
12,2033,No,5,10,Yes,Yes,19.112961,0
2,2038,Yes,6,11,No,Yes,20.641878,2034
14,2040,No,5,14,Yes,No,25.515446,0
10,2034,No,6,8,No,Yes,22.340042,0
23,2039,No,2,7,Yes,Yes,29.716513,0
21,2036,No,4,10,No,No,29.662714,0
11,2037,No,7,11,Yes,No,37.189327,0
31,2034,No,3,9,No,Yes,30.762396,2038
5,2035,No,4,10,Yes,Yes,23.242737,0
15,2038,No,5,10,No,Yes,24.444658,0
10,2033,No,6,9,Yes,Yes,17.411245,0
36,2040,Yes,3,16,No,Yes,18.525482,2036
34,2033,No,3,19,Yes,No,22.915274,2038
14,2034,No,5,0,Yes,Yes,30.859118,0
34,2032,No,3,9,Yes,Yes,24.657434,2038
9,2040,No,3,19,No,No,20.575691,0
21,2036,No,4,9,Yes,Yes,34.826794,0
22,2038,No,5,9,Yes,Yes,21.52968,0
30,2035,No,6,9,No,Yes,28.626404,0
28,2033,No,3,9,Yes,No,27.88073,0
19,2032,No,5,8,No,Yes,23.991898,0
21,2038,No,4,7,No,No,18.253841,0
33,2033,No,3,11,No,Yes,25.781622,2038
12,2038,No,5,11,Yes,Yes,26.800684,0
31,2037,No,3,9,Yes,Yes,27.316822,2038
13,2037,No,3,11,No,Yes,30.496475,0
10,2033,No,6,9,No,Yes,23.103855,0
22,2035,No,5,13,Yes,Yes,29.045532,0
19,2032,No,5,14,No,Yes,23.771997,0
32,2038,Yes,3,10,No,Yes,20.271395,2038
32,2038,Yes,3,10,Yes,Yes,17.19384,2038
21,2032,No,4,8,No,Yes,26.866447,0
38,2037,Yes,7,8,Yes,Yes,20.818478,2036
7,2040,No,5,7,No,No,24.392021,0
21,2035,No,4,9,Yes,Yes,31.251539,0
22,2034,No,5,9,No,No,27.720579,0
37,2036,Yes,6,9,Yes,Yes,22.538816,2036
27,2039,No,6,12,No,Yes,29.731796,0
15,2034,No,5,9,Yes,Yes,31.112545,0
36,2038,Yes,3,9,Yes,Yes,19.975487,2036
7,2034,No,5,15,No,Yes,16.919626,0
8,2036,No,4,10,Yes,Yes,31.479071,0
34,2037,No,3,8,Yes,Yes,20.928034,2038
32,2034,No,3,9,No,Yes,27.626471,2038
28,2038,No,3,15,No,No,30.900593,0
36,2038,Yes,3,12,No,Yes,22.869768,2036
20,2035,No,4,9,Yes,Yes,17.552877,0
4,2034,No,5,9,No,No,31.130667,0
14,2033,No,5,9,Yes,No,29.012167,0
4,2032,No,5,17,Yes,No,22.920692,0
26,2035,No,4,13,No,Yes,21.991077,0
33,2038,Yes,3,8,No,Yes,16.176802,2038
28,2040,No,3,9,Yes,No,31.167009,0
31,2040,Yes,3,10,Yes,No,26.236156,2038
31,2036,No,3,10,Yes,No,32.261753,2038
24,2034,No,5,9,No,No,16.381466,0
14,2038,No,5,16,No,No,33.00243,0
39,2038,Yes,6,12,Yes,No,23.677105,2036
26,2039,No,4,14,Yes,No,25.083395,0
29,2038,No,3,9,No,Yes,29.430691,0
11,2040,No,7,12,Yes,Yes,21.791759,0
40,2039,Yes,4,9,No,Yes,19.553099,2036
39,2038,Yes,6,9,Yes,No,23.835608,2036
37,2033,No,6,10,Yes,No,22.936882,2036
22,2036,No,5,9,Yes,Yes,29.050198,0
19,2039,No,5,9,Yes,Yes,21.506447,0
25,2037,No,5,11,No,Yes,33.845997,0
11,2040,No,7,13,No,Yes,19.361258,0
17,2037,No,6,11,Yes,Yes,31.159222,0
23,2037,No,2,10,Yes,Yes,22.087091,0
2,2038,Yes,6,10,Yes,Yes,27.712416,2034
28,2036,No,3,9,Yes,No,29.021008,0
38,2032,No,7,16,No,No,21.232161,2036
12,2037,No,5,12,Yes,No,22.791626,0
25,2034,No,5,9,No,No,30.328413,0
27,2032,No,6,9,Yes,Yes,18.293056,0
33,2040,Yes,3,12,Yes,Yes,24.460445,2038
25,2035,No,5,10,No,Yes,27.844501,0
9,2036,No,3,9,No,Yes,29.247429,0
25,2034,No,5,9,Yes,No,36.428574,0
3,2036,Yes,5,8,Yes,Yes,21.63055,2034
25,2032,No,5,12,No,No,30.813963,0
27,2036,No,6,9,Yes,Yes,30.897352,0
17,2040,No,6,7,Yes,No,25.581482,0
20,2038,No,4,8,No,No,27.125059,0
31,2037,No,3,9,Yes,Yes,23.830759,2038
27,2032,No,6,10,Yes,No,32.957245,0
22,2039,No,5,9,Yes,Yes,32.837563,0
28,2032,No,3,11,Yes,Yes,20.006609,0
3,2040,Yes,5,8,Yes,No,24.37093,2034
1,2033,No,6,0,No,No,30.56805,2034
40,2033,No,4,12,Yes,Yes,24.611786,2036
31,2036,No,3,9,Yes,Yes,27.955492,2038
14,2033,No,5,9,Yes,Yes,16.366808,0
15,2038,No,5,9,Yes,No,28.882591,0
7,2036,No,5,9,Yes,No,23.619106,0
16,2040,No,3,9,Yes,Yes,20.826351,0
6,2039,No,6,10,No,Yes,18.328827,0
20,2034,No,4,10,Yes,No,24.820541,0
35,2040,Yes,3,10,Yes,No,32.39888,2038
34,2038,Yes,3,9,No,No,22.326456,2038
37,2038,Yes,6,9,No,No,19.161888,2036
19,2034,No,5,9,Yes,No,22.680937,0
31,2040,Yes,3,9,No,Yes,28.23377,2038
10,2036,No,6,9,No,No,27.532246,0
20,2036,No,4,12,Yes,No,19.995659,0
17,2033,No,6,9,Yes,Yes,30.341717,0
37,2036,Yes,6,9,Yes,Yes,15.464865,2036
12,2037,No,5,13,No,Yes,20.379295,0
19,2039,No,5,9,No,Yes,27.926662,0
29,2034,No,3,13,No,Yes,29.309536,0
2,2039,Yes,6,15,Yes,No,26.184175,2034
20,2032,No,4,11,No,Yes,19.796238,0
10,2036,No,6,10,No,No,26.334257,0
13,2036,No,3,9,No,Yes,25.409103,0
10,2034,No,6,10,No,Yes,21.540535,0
12,2036,No,5,9,No,Yes,27.213846,0
34,2032,No,3,11,No,Yes,26.476311,2038
36,2035,No,3,8,Yes,Yes,22.493406,2036
3,2037,Yes,5,10,No,Yes,17.785322,2034
11,2037,No,7,15,No,Yes,27.709204,0
5,2040,No,4,9,Yes,Yes,27.696617,0
20,2032,No,4,9,Yes,Yes,25.112194,0
16,2036,No,3,10,No,Yes,17.077652,0
25,2035,No,5,9,No,Yes,26.040421,0
31,2033,No,3,11,No,No,27.160107,2038
18,2039,No,5,9,No,No,19.746223,0
38,2040,Yes,7,10,No,Yes,18.462708,2036
18,2035,No,5,11,Yes,Yes,20.396656,0
6,2033,No,6,9,No,Yes,18.076984,0
30,2035,No,6,9,Yes,No,33.910244,0
27,2034,No,6,9,Yes,Yes,24.112671,0
1,2039,Yes,6,9,No,Yes,18.457417,2034
14,2039,No,5,8,No,No,32.961758,0
13,2037,No,3,9,No,Yes,23.975786,0
26,2040,No,4,9,Yes,Yes,29.132524,0
8,2034,No,4,9,Yes,Yes,29.868172,0
38,2032,No,7,13,No,Yes,30.392941,2036
29,2032,No,3,7,No,Yes,20.384586,0
20,2040,No,4,7,Yes,Yes,19.131498,0
20,2036,No,4,7,No,Yes,22.901505,0
27,2032,No,6,9,Yes,Yes,29.913681,0
7,2033,No,5,10,Yes,No,21.904026,0
16,2034,No,3,11,Yes,Yes,28.58643,0
39,2040,Yes,6,11,Yes,Yes,28.143583,2036
14,2033,No,5,7,No,Yes,26.744959,0
3,2038,Yes,5,13,Yes,Yes,29.179497,2034
31,2038,Yes,3,7,Yes,Yes,23.545017,2038
16,2037,No,3,13,No,No,32.725605,0
5,2038,No,4,18,No,No,32.028908,0
20,2032,No,4,9,No,Yes,16.44537,0
16,2034,No,3,10,No,No,27.13838,0
14,2037,No,5,9,Yes,No,21.258247,0
20,2036,No,4,12,No,Yes,28.94252,0
15,2037,No,5,18,No,No,32.496521,0
15,2035,No,5,15,No,Yes,29.308449,0
6,2034,No,6,9,Yes,No,30.119093,0
20,2032,No,4,9,No,No,20.125179,0
5,2038,No,4,13,No,No,27.499865,0
19,2040,No,5,12,Yes,Yes,22.072853,0
4,2034,No,5,11,No,Yes,22.424971,0
9,2037,No,3,9,Yes,Yes,28.369131,0
32,2032,No,3,9,Yes,No,28.34514,2038
23,2039,No,2,9,Yes,Yes,22.163404,0
19,2037,No,5,9,No,No,22.399624,0
40,2033,No,4,8,Yes,Yes,29.526299,2036
7,2039,No,5,9,No,Yes,26.493073,0
23,2034,No,2,8,No,Yes,28.085203,0
24,2037,No,5,10,No,No,17.918905,0
40,2037,Yes,4,9,Yes,Yes,16.244148,2036
14,2038,No,5,9,No,Yes,21.298876,0
30,2038,No,6,11,No,No,29.471766,0
18,2033,No,5,12,Yes,Yes,27.092424,0
14,2039,No,5,9,No,No,27.35705,0
21,2040,No,4,12,Yes,Yes,13.394871,0
24,2032,No,5,7,Yes,No,25.816217,0
4,2040,No,5,12,No,Yes,30.376938,0
32,2035,No,3,7,Yes,No,29.072283,2038
27,2037,No,6,12,Yes,Yes,24.218376,0
35,2039,Yes,3,9,No,Yes,16.488592,2038
31,2032,No,3,9,No,Yes,24.550686,2038
2,2033,No,6,9,No,No,34.481003,2034
22,2039,No,5,13,Yes,Yes,21.448914,0
31,2035,No,3,9,No,Yes,25.24799,2038
5,2034,No,4,8,Yes,Yes,25.116306,0
13,2032,No,3,9,No,Yes,21.606133,0
18,2035,No,5,7,Yes,No,29.817085,0
34,2040,Yes,3,19,No,Yes,20.971615,2038
34,2036,No,3,19,Yes,No,28.452677,2038
18,2036,No,5,9,No,Yes,22.629883,0
23,2036,No,2,7,No,No,33.202942,0
33,2040,Yes,3,9,No,No,30.135433,2038
16,2040,No,3,9,No,Yes,20.409979,0
28,2033,No,3,9,Yes,Yes,24.057405,0
40,2038,Yes,4,9,Yes,No,20.128405,2036
31,2032,No,3,10,No,No,32.224964,2038
31,2036,No,3,13,No,Yes,23.45631,2038
7,2033,No,5,9,Yes,No,21.453886,0
11,2034,No,7,9,Yes,No,31.502926,0
31,2034,No,3,7,Yes,Yes,31.326056,2038
15,2032,No,5,10,Yes,No,27.474722,0
11,2035,No,7,9,No,Yes,31.557362,0
15,2036,No,5,10,No,Yes,20.569698,0
24,2035,No,5,2,Yes,No,33.428417,0
6,2035,No,6,10,No,No,23.985806,0
26,2040,No,4,10,Yes,Yes,29.264961,0
10,2038,No,6,13,Yes,No,23.946466,0
6,2034,No,6,19,Yes,Yes,22.867908,0
8,2035,No,4,10,Yes,Yes,31.569017,0
35,2040,Yes,3,8,No,Yes,26.762554,2038
3,2034,Yes,5,8,No,Yes,25.067785,2034
13,2040,No,3,9,No,Yes,37.684742,0
2,2038,Yes,6,12,No,No,26.427895,2034
20,2035,No,4,19,No,Yes,26.338531,0
25,2036,No,5,8,Yes,Yes,22.556122,0
36,2040,Yes,3,10,Yes,No,32.73394,2036
14,2034,No,5,9,Yes,No,26.408842,0
6,2035,No,6,11,Yes,No,21.74416,0
38,2037,Yes,7,9,No,No,23.903885,2036
10,2032,No,6,11,No,Yes,23.516247,0
6,2040,No,6,9,No,Yes,22.883265,0
38,2038,Yes,7,11,No,Yes,23.999252,2036
37,2037,Yes,6,0,No,Yes,22.450279,2036
22,2039,No,5,10,No,No,25.862101,0
1,2035,Yes,6,7,No,Yes,15.927261,2034
10,2034,No,6,7,Yes,No,29.675577,0
8,2040,No,4,9,No,Yes,29.970837,0
16,2036,No,3,9,Yes,Yes,26.106955,0
10,2032,No,6,9,No,No,23.797722,0
20,2038,No,4,7,Yes,Yes,21.378389,0
22,2035,No,5,9,Yes,No,31.256433,0
18,2038,No,5,3,No,Yes,16.387583,0
22,2033,No,5,9,Yes,Yes,21.968107,0
10,2037,No,6,9,Yes,Yes,31.886511,0
6,2033,No,6,9,Yes,Yes,21.678053,0
10,2037,No,6,10,Yes,Yes,30.92219,0
5,2032,No,4,12,No,No,27.131016,0
14,2040,No,5,13,No,Yes,25.682482,0
17,2036,No,6,9,No,Yes,26.284285,0
23,2035,No,2,9,Yes,No,28.033476,0
8,2040,No,4,8,Yes,No,33.031818,0
18,2038,No,5,0,Yes,Yes,31.012094,0
20,2040,No,4,11,Yes,Yes,21.403708,0
13,2033,No,3,8,No,Yes,30.112713,0
22,2036,No,5,14,Yes,No,33.360741,0
16,2032,No,3,16,Yes,Yes,32.410835,0
21,2037,No,4,9,No,Yes,16.803371,0
15,2036,No,5,5,Yes,Yes,28.827803,0
20,2033,No,4,12,No,Yes,30.030472,0
6,2034,No,6,10,Yes,Yes,21.940279,0
39,2038,Yes,6,8,Yes,Yes,21.711679,2036
19,2039,No,5,9,No,No,33.218418,0
10,2035,No,6,9,Yes,Yes,30.653017,0
14,2040,No,5,11,Yes,No,32.341244,0
13,2039,No,3,13,Yes,Yes,18.969967,0
1,2040,Yes,6,9,Yes,Yes,21.992596,2034
10,2032,No,6,9,Yes,Yes,25.610483,0
38,2040,Yes,7,8,Yes,Yes,23.758703,2036
16,2040,No,3,12,No,Yes,23.230934,0
23,2033,No,2,9,Yes,No,25.789961,0
4,2036,No,5,9,Yes,No,29.271864,0
